t,rule_power,ff_power,ff_lower_or_equal,ff_vs_rule
0,0.8207671642303463,1.4450740814208984,False,FF > Rule
1,0.820699155330658,1.590859055519104,False,FF > Rule
2,0.8206891417503356,1.5139893293380735,False,FF > Rule
3,0.8208350539207456,1.4400763511657717,False,FF > Rule
4,0.8206606507301328,0.8206891417503357,False,FF > Rule
5,0.8206168413162231,0.8208350539207458,False,FF > Rule
6,0.8209586143493652,0.8206606507301331,True,FF <= Rule
7,0.8207944631576536,0.8206168413162231,True,FF <= Rule
8,0.8213800191879272,0.8209586143493652,True,FF <= Rule
9,0.8210428357124328,0.8207944631576538,True,FF <= Rule
10,0.8210783600807188,0.8213800191879272,False,FF > Rule
11,0.8211866021156308,0.8210428357124329,True,FF <= Rule
12,0.8214457631111144,0.821078360080719,True,FF <= Rule
13,0.8211996555328368,0.8211866021156311,True,FF <= Rule
14,0.8211185336112976,0.8214457631111145,False,FF > Rule
15,0.8209959864616392,0.8211996555328369,False,FF > Rule
16,0.8211719989776608,0.8211184740066528,True,FF <= Rule
17,0.8212147951126096,0.8209959864616394,True,FF <= Rule
18,0.8209925293922424,0.8211719989776611,False,FF > Rule
19,0.8209382891654968,0.8212147951126099,False,FF > Rule
20,0.8210228681564328,0.8209925293922424,True,FF <= Rule
21,0.8210377693176268,0.8209382891654968,True,FF <= Rule
22,0.8211585879325864,0.8210228681564331,True,FF <= Rule
23,0.8210473060607908,0.821037769317627,True,FF <= Rule
24,0.8211355209350584,0.8211585879325867,False,FF > Rule
25,0.8211109638214108,0.821047306060791,True,FF <= Rule
26,0.8211945891380308,0.8211355209350586,True,FF <= Rule
27,0.8212161064147948,0.8211109638214111,True,FF <= Rule
28,0.8211367726325988,0.821194589138031,False,FF > Rule
29,0.8211234211921692,0.8212161064147949,False,FF > Rule
30,0.8210693001747128,0.8211367726325989,False,FF > Rule
31,0.82126784324646,0.8211234211921692,True,FF <= Rule
32,0.821222364902496,0.8210693001747131,True,FF <= Rule
33,0.8213126659393308,0.82126784324646,True,FF <= Rule
34,0.8213155865669248,0.8212223649024963,True,FF <= Rule
35,0.8214139938354492,0.821312665939331,True,FF <= Rule
36,0.8216312527656552,0.821315586566925,True,FF <= Rule
37,0.8217756152153012,0.8214139938354492,True,FF <= Rule
38,0.8216659426689148,0.8216312527656555,True,FF <= Rule
39,0.821780741214752,0.8217755556106567,True,FF <= Rule
40,0.8215503692626952,0.8216659426689148,False,FF > Rule
41,0.8216627836227416,0.8217807412147522,False,FF > Rule
42,0.8216778635978697,0.8215503692626953,True,FF <= Rule
43,0.8215766549110411,0.8216627836227417,False,FF > Rule
44,0.8215200304985044,0.8216778635978699,False,FF > Rule
45,0.8214367032051084,0.8215766549110413,False,FF > Rule
46,0.8212745189666748,0.8215200304985046,False,FF > Rule
47,0.8207030892372128,0.8214367032051086,False,FF > Rule
48,0.820704698562622,0.8212745189666748,False,FF > Rule
49,0.8206716179847716,0.8207030296325684,False,FF > Rule
50,0.8206453919410704,0.8207046985626221,False,FF > Rule
51,0.820458114147186,0.8206716179847717,False,FF > Rule
52,0.820315420627594,0.8206453919410706,False,FF > Rule
53,0.819787323474884,0.8204581141471863,False,FF > Rule
54,0.7566818594932556,0.8203153610229492,False,FF > Rule
55,0.7723178863525388,0.819787323474884,False,FF > Rule
56,0.6044563055038452,0.8195781707763672,False,FF > Rule
57,0.5740040540695188,0.7723179459571838,False,FF > Rule
58,0.57140839099884,0.60445636510849,False,FF > Rule
59,0.600111961364746,0.5740041136741638,True,FF <= Rule
60,0.3097977340221404,0.5714084506034851,False,FF > Rule
61,0.3234890401363372,0.6001120209693909,False,FF > Rule
62,0.2311158925294876,0.3097977638244629,False,FF > Rule
63,0.228101089596748,0.3234890699386596,False,FF > Rule
64,0.236029341816902,0.2311159372329712,True,FF <= Rule
65,0.2478347569704052,0.2281011343002319,True,FF <= Rule
66,0.199914053082466,0.2360293865203857,False,FF > Rule
67,0.2216492444276808,0.2478348016738891,False,FF > Rule
68,0.2486069947481152,0.1999144554138183,True,FF <= Rule
69,0.3460927903652188,0.2216492891311645,True,FF <= Rule
70,0.3101455867290496,0.2486070394515991,True,FF <= Rule
71,0.2307456284761428,0.3460928201675415,False,FF > Rule
72,0.2819590270519256,0.310145616531372,False,FF > Rule
73,0.2441434413194656,0.2307456731796264,True,FF <= Rule
74,0.227364972233772,0.281959056854248,False,FF > Rule
75,0.4283926784992216,0.2441434860229492,True,FF <= Rule
76,0.6425275206565856,0.2273650169372558,True,FF <= Rule
77,0.8158445954322812,0.4283927083015442,True,FF <= Rule
78,0.748926281929016,0.5857419967651367,True,FF <= Rule
79,0.8793210983276364,0.7764146327972412,True,FF <= Rule
80,0.7240444421768188,0.6782410144805908,True,FF <= Rule
81,0.8811635375022888,0.8700119256973267,True,FF <= Rule
82,0.8196775317192077,0.6419320106506348,True,FF <= Rule
83,0.819864511489868,0.8725898265838623,False,FF > Rule
84,0.8201916217803952,0.8130359649658203,True,FF <= Rule
85,0.8196293115615844,0.9300614595413208,False,FF > Rule
86,0.8194049596786496,1.102103352546692,False,FF > Rule
87,0.8195735812187191,0.7573063373565674,True,FF <= Rule
88,0.8195191621780396,0.5685789585113525,True,FF <= Rule
89,0.8196284770965576,0.6824901103973389,True,FF <= Rule
90,0.8194787502288816,0.6203701496124268,True,FF <= Rule
91,0.8194868564605712,0.7561841011047363,True,FF <= Rule
92,0.8195492029190063,0.6181678771972656,True,FF <= Rule
93,0.8197300434112548,0.618549108505249,True,FF <= Rule
94,0.8198044896125792,0.6525540351867676,True,FF <= Rule
95,0.8196727633476256,0.8513120412826538,False,FF > Rule
96,0.8205490708351132,0.895841121673584,False,FF > Rule
97,0.8208091855049132,0.8091108798980713,True,FF <= Rule
98,0.82088965177536,0.8205490708351135,True,FF <= Rule
99,0.8210375308990476,0.8208091855049133,True,FF <= Rule
100,0.8212706446647644,0.8208896517753601,True,FF <= Rule
101,0.8210391998291016,0.8210375308990479,True,FF <= Rule
102,0.820870280265808,0.8212706446647644,False,FF > Rule
103,0.820592939853668,0.8210391998291016,False,FF > Rule
104,0.8205466270446776,0.8208702802658081,False,FF > Rule
105,0.8206658363342284,0.8205929398536682,True,FF <= Rule
106,0.8204479813575744,0.8205466270446777,False,FF > Rule
107,0.8203816413879392,0.8206658363342285,False,FF > Rule
108,0.8199812173843384,0.8204479813575745,False,FF > Rule
109,0.8198498487472532,0.8203816413879395,False,FF > Rule
110,0.8200137615203856,0.8199811577796936,True,FF <= Rule
111,0.8199351429939268,0.8198498487472534,True,FF <= Rule
112,0.8201082348823544,0.8200137615203857,True,FF <= Rule
113,0.820059299468994,0.819935142993927,True,FF <= Rule
114,0.8203130960464476,0.8201082348823547,True,FF <= Rule
115,0.8201966881752012,0.8200592994689941,True,FF <= Rule
116,0.8206387758255004,0.8203130960464478,True,FF <= Rule
117,0.8207695484161376,0.8201966881752014,True,FF <= Rule
118,0.820496082305908,0.8206387758255005,False,FF > Rule
119,0.8208366632461548,0.8207694888114929,True,FF <= Rule
120,0.820704996585846,0.8204960823059082,True,FF <= Rule
121,0.8211010694503784,0.8208366632461548,True,FF <= Rule
122,0.8211041688919064,0.820704996585846,True,FF <= Rule
123,0.820740818977356,0.8211010694503784,False,FF > Rule
124,0.8208307027816772,0.8211041688919067,False,FF > Rule
125,0.8209315538406372,0.820740818977356,True,FF <= Rule
126,0.8207828998565672,0.8208307027816772,False,FF > Rule
127,0.8209186196327208,0.8209315538406372,False,FF > Rule
128,0.820921003818512,0.8207828998565674,True,FF <= Rule
129,0.8207451105117796,0.8209185600280762,False,FF > Rule
130,0.8211095333099364,0.820921003818512,True,FF <= Rule
131,0.8212015032768248,0.820745050907135,True,FF <= Rule
132,0.821158707141876,0.8211095333099365,True,FF <= Rule
133,0.821442365646362,0.821201503276825,True,FF <= Rule
134,0.8215359449386596,0.8211587071418762,True,FF <= Rule
135,0.8215016126632688,0.8214423060417175,True,FF <= Rule
136,0.82161545753479,0.8215359449386597,True,FF <= Rule
137,0.821566879749298,0.821501612663269,True,FF <= Rule
138,0.821650683879852,0.82161545753479,True,FF <= Rule
139,0.8213883042335508,0.8215668797492981,False,FF > Rule
140,0.8212496638298032,0.8216506838798523,False,FF > Rule
141,0.8212591409683228,0.821388304233551,False,FF > Rule
142,0.8209695816040036,0.8212496638298035,False,FF > Rule
143,0.8206528425216671,0.8212591409683228,False,FF > Rule
144,0.8207225203514096,0.8209695816040039,False,FF > Rule
145,0.8206086754798888,0.8206528425216675,False,FF > Rule
146,0.8205038309097288,0.8207225203514099,False,FF > Rule
147,0.8204410076141356,0.8206086754798889,False,FF > Rule
148,0.8201919198036192,0.820503830909729,False,FF > Rule
149,0.8195720314979552,0.8204410076141357,False,FF > Rule
150,0.819539964199066,0.8201919198036194,False,FF > Rule
151,0.6716905832290648,0.8195720314979553,False,FF > Rule
152,0.5054034590721128,0.8195399641990662,False,FF > Rule
153,0.5473094582557676,0.8194710612297058,False,FF > Rule
154,0.4934902489185332,0.5054035186767578,False,FF > Rule
155,0.5085023641586304,0.5473095178604126,False,FF > Rule
156,0.4646859467029568,0.4934902787208557,False,FF > Rule
157,0.4526638090610504,0.5085024237632751,False,FF > Rule
158,0.2680957019329068,0.4646859765052795,False,FF > Rule
159,0.3023274838924408,0.4526638388633728,False,FF > Rule
160,0.854276359081268,0.2680957317352295,True,FF <= Rule
161,0.636447548866272,0.3023275136947632,True,FF <= Rule
162,0.3225443065166472,0.8542764186859131,False,FF > Rule
163,0.4257221519947052,0.6364476084709167,False,FF > Rule
164,0.2276145964860916,0.3225443363189697,False,FF > Rule
165,0.2283230572938916,0.4257221817970276,False,FF > Rule
166,0.2252249270677564,0.2276146411895752,False,FF > Rule
167,0.2173538953065872,0.2283231019973755,False,FF > Rule
168,0.3095433413982388,0.2252249717712402,True,FF <= Rule
169,0.236428454518318,0.2173539400100708,True,FF <= Rule
170,0.2252168208360672,0.3095433712005615,False,FF > Rule
171,0.4050919711589812,0.2364284992218017,True,FF <= Rule
172,0.4212311804294584,0.2252168655395507,True,FF <= Rule
173,0.768496751785278,0.4439129829406738,True,FF <= Rule
174,0.7732489705085752,0.4564757347106933,True,FF <= Rule
175,0.6295694708824155,0.7041683197021484,False,FF > Rule
176,0.7916592359542844,0.7112758159637451,True,FF <= Rule
177,0.7771210074424744,0.5610740184783936,True,FF <= Rule
178,0.8067576885223388,0.7391080856323242,True,FF <= Rule
179,0.8199342489242551,0.7172040939331055,True,FF <= Rule
180,0.8195255994796752,0.7621464729309082,True,FF <= Rule
181,0.8191854953765868,0.9679107666015624,False,FF > Rule
182,0.8192937970161436,0.6235687732696533,True,FF <= Rule
183,0.8194222450256348,0.4625844955444336,True,FF <= Rule
184,0.8193629384040833,0.4588985443115234,True,FF <= Rule
185,0.5572758316993712,0.5865943431854248,False,FF > Rule
186,0.6791856288909912,0.5181882381439209,True,FF <= Rule
187,0.6338673830032348,0.4566588401794433,True,FF <= Rule
188,0.5581344366073608,0.6183953285217285,False,FF > Rule
189,0.774092137813568,0.5708091259002686,True,FF <= Rule
190,0.8995175957679749,0.4568734169006347,True,FF <= Rule
191,0.8743956089019772,0.7124087810516357,True,FF <= Rule
192,0.82045578956604,0.8966939449310303,False,FF > Rule
193,0.8207449316978452,0.8197502493858337,True,FF <= Rule
194,0.8210132122039792,0.82045578956604,True,FF <= Rule
195,0.820913016796112,0.8207449316978455,True,FF <= Rule
196,0.820898711681366,0.8210132122039795,False,FF > Rule
197,0.8209813237190244,0.8209130167961121,True,FF <= Rule
198,0.8207548856735228,0.820898711681366,False,FF > Rule
199,0.8206959962844848,0.8209813237190247,False,FF > Rule
200,0.8205204010009765,0.820754885673523,False,FF > Rule
201,0.8206498622894284,0.8206959962844849,False,FF > Rule
202,0.820229351520538,0.8205204010009766,False,FF > Rule
203,0.8197686076164244,0.8206498622894287,False,FF > Rule
204,0.8196867108345032,0.8202293515205383,False,FF > Rule
205,0.8201022744178772,0.8197686076164246,True,FF <= Rule
206,0.8198290467262268,0.8196867108345032,True,FF <= Rule
207,0.8202390670776364,0.8201022744178772,True,FF <= Rule
208,0.8203918933868408,0.8198290467262268,True,FF <= Rule
209,0.8201497793197632,0.8202390670776367,False,FF > Rule
210,0.8201795816421508,0.8203918933868408,False,FF > Rule
211,0.82044780254364,0.8201497793197632,True,FF <= Rule
212,0.8205736279487608,0.8201795816421509,True,FF <= Rule
213,0.8204838633537292,0.8204478025436401,True,FF <= Rule
214,0.8204209804534912,0.820573627948761,False,FF > Rule
215,0.8206337094306944,0.8204838633537292,True,FF <= Rule
216,0.8206657171249389,0.8204209804534912,True,FF <= Rule
217,0.820781111717224,0.8206337094306946,True,FF <= Rule
218,0.8207316994667052,0.820665717124939,True,FF <= Rule
219,0.8206861615180968,0.8207811117172241,False,FF > Rule
220,0.8204658627510067,0.8207316994667053,False,FF > Rule
221,0.8206277489662168,0.8206861019134521,False,FF > Rule
222,0.8203251361846924,0.8204658627510071,False,FF > Rule
223,0.8206320405006408,0.820627748966217,True,FF <= Rule
224,0.8208380937576292,0.8203251361846924,True,FF <= Rule
225,0.82095593214035,0.8206320405006409,True,FF <= Rule
226,0.8208880424499512,0.8208380937576294,True,FF <= Rule
227,0.8208995461463928,0.8209559321403503,False,FF > Rule
228,0.8209156990051268,0.8208880424499512,True,FF <= Rule
229,0.8206936717033384,0.8208995461463928,False,FF > Rule
230,0.820800960063934,0.820915699005127,False,FF > Rule
231,0.8209648728370664,0.8206936717033386,True,FF <= Rule
232,0.8211840987205504,0.8208009600639343,True,FF <= Rule
233,0.8212605118751524,0.8209648132324219,True,FF <= Rule
234,0.8212780356407164,0.8211840987205505,True,FF <= Rule
235,0.8213050365447996,0.8212605118751526,True,FF <= Rule
236,0.8212922811508176,0.8212780356407166,True,FF <= Rule
237,0.8213863372802732,0.8213050365447998,True,FF <= Rule
238,0.8212538361549376,0.8212922215461731,False,FF > Rule
239,0.8206851482391356,0.8213863372802734,False,FF > Rule
240,0.8206527829170224,0.8212538361549377,False,FF > Rule
241,0.8205499053001404,0.8206851482391357,False,FF > Rule
242,0.8204792737960812,0.8206527829170227,False,FF > Rule
243,0.8204095959663388,0.8205499053001404,False,FF > Rule
244,0.8206627368927,0.8204792737960815,True,FF <= Rule
245,0.820532500743866,0.8204095959663391,True,FF <= Rule
246,0.820030093193054,0.8206626772880554,False,FF > Rule
247,0.8197675347328184,0.820532500743866,False,FF > Rule
248,0.8196085691452024,0.8200300931930542,False,FF > Rule
249,0.8195783495903012,0.8197675347328186,False,FF > Rule
250,0.6655336022377012,0.8196085691452026,False,FF > Rule
251,0.6443406939506529,0.8195783495903015,False,FF > Rule
252,0.6258313059806824,0.8194605708122253,False,FF > Rule
253,0.6301015615463256,0.6443407535552979,False,FF > Rule
254,0.5787548422813416,0.6258313655853271,False,FF > Rule
255,0.4586779177188872,0.6301016211509705,False,FF > Rule
256,0.3633593022823332,0.5787549018859863,False,FF > Rule
257,0.489883869886398,0.4586779475212097,True,FF <= Rule
258,0.294767826795578,0.3633593320846557,False,FF > Rule
259,0.4212523996829984,0.4898838996887207,False,FF > Rule
260,0.3091448247432708,0.2947678565979004,True,FF <= Rule
261,0.2080242186784744,0.421252429485321,False,FF > Rule
262,0.2481607943773268,0.3091448545455932,False,FF > Rule
263,0.1853953152894972,0.208024263381958,False,FF > Rule
264,0.175548270344734,0.2481608390808105,False,FF > Rule
265,0.2093921452760696,0.1853953599929809,True,FF <= Rule
266,0.1392375975847244,0.1755483150482177,False,FF > Rule
267,0.1077589616179464,0.2093921899795532,False,FF > Rule
268,0.2176086455583572,0.139237642288208,True,FF <= Rule
269,0.185778334736824,0.1077589988708496,True,FF <= Rule
270,0.2107160836458204,0.2176086902618408,False,FF > Rule
271,0.22853846848011,0.1857783794403076,True,FF <= Rule
272,0.3296371400356292,0.2322697639465332,True,FF <= Rule
273,0.413322418928146,0.3291614055633545,True,FF <= Rule
274,0.4006901681423184,0.4053518772125244,False,FF > Rule
275,0.5761600136756896,0.4502608776092529,True,FF <= Rule
276,0.619840621948242,0.4403915405273437,True,FF <= Rule
277,0.5664281845092772,0.4668622016906738,True,FF <= Rule
278,0.5520964860916135,0.5388047695159912,True,FF <= Rule
279,0.6974888443946836,0.4594740867614746,True,FF <= Rule
280,0.819623291492462,0.4556152820587158,True,FF <= Rule
281,0.8197913765907288,0.6197292804718018,True,FF <= Rule
282,0.819672346115112,0.7489261627197266,True,FF <= Rule
283,0.8200815320014953,0.8880575895309448,False,FF > Rule
284,0.8199800848960876,0.8087666034698486,True,FF <= Rule
285,0.8201596736907956,1.0473898649215698,False,FF > Rule
286,0.8200840950012204,0.9926763772964478,False,FF > Rule
287,0.8204083442687988,1.086180329322815,False,FF > Rule
288,0.8203228712081908,1.0486156940460205,False,FF > Rule
289,0.8204401731491088,0.8204083442687988,True,FF <= Rule
290,0.8203036785125732,0.8203228712081909,False,FF > Rule
291,0.8202028274536132,0.8204401731491089,False,FF > Rule
292,0.8204051852226256,0.8203036785125732,True,FF <= Rule
293,0.8205112814903256,0.8202028274536133,True,FF <= Rule
294,0.8207553625106812,0.8204051852226257,True,FF <= Rule
295,0.8207777142524716,0.8205112218856812,True,FF <= Rule
296,0.8204417824745176,0.8207553029060364,False,FF > Rule
297,0.8205646276473996,0.8207776546478271,False,FF > Rule
298,0.820421814918518,0.820441722869873,False,FF > Rule
299,0.8206188678741452,0.8205646276473999,True,FF <= Rule
300,0.8207338452339172,0.8204218149185181,True,FF <= Rule
301,0.8207750320434568,0.8206188678741455,True,FF <= Rule
302,0.820661664009094,0.8207338452339172,False,FF > Rule
303,0.8207705616950988,0.820775032043457,False,FF > Rule
304,0.820546805858612,0.8206616640090942,False,FF > Rule
305,0.8206886053085324,0.8207705616950989,False,FF > Rule
306,0.8208737373352047,0.8205468058586121,True,FF <= Rule
307,0.8207996487617492,0.8206886053085327,True,FF <= Rule
308,0.8204949498176572,0.8208737373352051,False,FF > Rule
309,0.8206223249435424,0.8207995891571045,False,FF > Rule
310,0.82077819108963,0.8204949498176575,True,FF <= Rule
311,0.8207318782806396,0.8206223249435425,True,FF <= Rule
312,0.820845067501068,0.8207781910896301,True,FF <= Rule
313,0.8206700682640076,0.8207318186759949,False,FF > Rule
314,0.8206380009651184,0.8208450675010681,False,FF > Rule
315,0.820724070072174,0.8206700682640076,True,FF <= Rule
316,0.82071316242218,0.8206380009651184,True,FF <= Rule
317,0.8206271529197692,0.8207240700721741,False,FF > Rule
318,0.820445656776428,0.8207131624221802,False,FF > Rule
319,0.820422887802124,0.8206271529197693,False,FF > Rule
320,0.8206061124801636,0.8204456567764282,True,FF <= Rule
321,0.8205980658531188,0.8204228281974792,True,FF <= Rule
322,0.8209981322288512,0.8206060528755188,True,FF <= Rule
323,0.8209596872329712,0.8205980658531189,True,FF <= Rule
324,0.8210352659225464,0.8209981322288513,True,FF <= Rule
325,0.8211431503295896,0.8209596872329712,True,FF <= Rule
326,0.8212012052536009,0.8210352063179016,True,FF <= Rule
327,0.8212673664093016,0.8211431503295898,True,FF <= Rule
328,0.8211387395858764,0.8212012052536011,False,FF > Rule
329,0.8212958574295044,0.8212673664093018,True,FF <= Rule
330,0.821272611618042,0.8211387395858765,True,FF <= Rule
331,0.821089506149292,0.8212957978248596,False,FF > Rule
332,0.821129024028778,0.821272611618042,False,FF > Rule
333,0.821059226989746,0.821089506149292,False,FF > Rule
334,0.8209279775619504,0.8211290240287781,False,FF > Rule
335,0.8202784061431884,0.8210592269897461,False,FF > Rule
336,0.8205664753913876,0.8209279775619507,False,FF > Rule
337,0.8205148577690125,0.8202784061431885,True,FF <= Rule
338,0.8203927874565125,0.8205664157867432,False,FF > Rule
339,0.8201746940612792,0.8205148577690125,False,FF > Rule
340,0.8196552991867064,0.8203927278518677,False,FF > Rule
341,0.819541037082672,0.8201746940612793,False,FF > Rule
342,0.819533348083496,0.8196552991867065,False,FF > Rule
343,0.5664238929748532,0.7240442633628845,False,FF > Rule
344,0.5534121990203856,0.7178128957748413,False,FF > Rule
345,0.543993592262268,0.5664239525794983,False,FF > Rule
346,0.4776308238506316,0.5534122586250305,False,FF > Rule
347,0.5509096980094907,0.5439936518669128,True,FF <= Rule
348,0.420776218175888,0.4776308536529541,False,FF > Rule
349,0.3086900413036344,0.5509097576141357,False,FF > Rule
350,0.2595137059688568,0.4207762479782104,False,FF > Rule
351,0.2570550143718716,0.308690071105957,False,FF > Rule
352,0.2367985993623732,0.2595137357711792,False,FF > Rule
353,0.2192151099443432,0.257066011428833,False,FF > Rule
354,0.2481920272111892,0.2367986440658569,True,FF <= Rule
355,0.2360398322343824,0.2192151546478271,True,FF <= Rule
356,0.2339744120836256,0.2481920719146728,False,FF > Rule
357,0.2319163829088208,0.2360398769378662,False,FF > Rule
358,0.1992531567811964,0.2339744567871093,False,FF > Rule
359,0.2259801179170608,0.2319164276123047,False,FF > Rule
360,0.2296030074357984,0.1992532014846801,True,FF <= Rule
361,0.2281720191240308,0.2259801626205444,True,FF <= Rule
362,0.3869472444057464,0.2296030521392822,True,FF <= Rule
363,0.4069444835186004,0.2281720638275146,True,FF <= Rule
364,0.3097717463970184,0.3869472742080688,False,FF > Rule
365,0.4932809770107268,0.4069445133209228,True,FF <= Rule
366,0.5131728649139404,0.3097717761993408,True,FF <= Rule
367,0.5329044461250304,0.4932810068130493,True,FF <= Rule
368,0.5521305203437804,0.4498186111450195,True,FF <= Rule
369,0.662816762924194,0.4526348114013672,True,FF <= Rule
370,0.6989086270332336,0.4556102752685547,True,FF <= Rule
371,1.088412880897522,0.6151061058044434,True,FF <= Rule
372,0.8205628395080564,0.619795560836792,True,FF <= Rule
373,0.8191681504249572,1.0994497537612915,False,FF > Rule
374,0.8193981647491452,1.3223400115966797,False,FF > Rule
375,0.8194408416748044,0.4738287925720215,True,FF <= Rule
376,0.8196161389350888,0.5594515800476074,True,FF <= Rule
377,0.8194608092308044,0.6022531986236572,True,FF <= Rule
378,0.8193094134330748,0.739128589630127,True,FF <= Rule
379,0.8191956877708432,0.6171262264251709,True,FF <= Rule
380,0.8195577263832092,0.4655094146728515,True,FF <= Rule
381,0.6407808661460876,0.4560480117797851,True,FF <= Rule
382,0.565554678440094,0.6634187698364258,False,FF > Rule
383,0.631063103675842,0.5833022594451904,True,FF <= Rule
384,0.8737998604774472,0.4592337608337402,True,FF <= Rule
385,1.1624177694320676,0.5643596649169922,True,FF <= Rule
386,0.820445954799652,0.8624660968780518,False,FF > Rule
387,0.8205767273902892,0.8203269243240356,True,FF <= Rule
388,0.8206799030303952,0.8204459547996521,True,FF <= Rule
389,0.8204996585845944,0.8205767273902893,False,FF > Rule
390,0.8204768896102904,0.8206799030303955,False,FF > Rule
391,0.8200271129608152,0.8204996585845947,False,FF > Rule
392,0.8203252553939816,0.8204768896102905,False,FF > Rule
393,0.8199402093887328,0.8200271129608154,False,FF > Rule
394,0.8199410438537597,0.8203252553939819,False,FF > Rule
395,0.8196642398834229,0.8199402093887329,False,FF > Rule
396,0.8199521899223328,0.8199410438537598,True,FF <= Rule
397,0.8196226954460144,0.8196642398834229,False,FF > Rule
398,0.819642186164856,0.8199521899223328,False,FF > Rule
399,0.8198716640472412,0.8196226358413696,True,FF <= Rule
400,0.8195984959602356,0.819642186164856,False,FF > Rule
401,0.8196362257003784,0.8198716640472412,False,FF > Rule
402,0.8198885917663572,0.8195984959602356,True,FF <= Rule
403,0.8199059367179868,0.8196362257003784,True,FF <= Rule
404,0.8196253776550292,0.8198885917663574,False,FF > Rule
405,0.819626986980438,0.8199059367179871,False,FF > Rule
406,0.8196713328361508,0.8196253776550293,True,FF <= Rule
407,0.8195278644561768,0.8196269869804382,False,FF > Rule
408,0.819625914096832,0.8196712732315063,False,FF > Rule
409,0.82009357213974,0.8195278644561768,True,FF <= Rule
410,0.8197475671768188,0.8196259140968323,True,FF <= Rule
411,0.8196164369583128,0.8200935125350952,False,FF > Rule
412,0.8197475671768188,0.8197475671768188,True,FF <= Rule
413,0.8198158144950864,0.819616436958313,True,FF <= Rule
414,0.8202013373374936,0.8197475671768188,True,FF <= Rule
415,0.8202207088470456,0.8198158144950867,True,FF <= Rule
416,0.8200297355651855,0.8202013373374939,False,FF > Rule
417,0.8204271793365476,0.8202207088470459,True,FF <= Rule
418,0.8205558061599731,0.8200297355651855,True,FF <= Rule
419,0.820740222930908,0.8204271793365479,True,FF <= Rule
420,0.8208482265472412,0.8205558061599731,True,FF <= Rule
421,0.8208445310592648,0.8207402229309082,True,FF <= Rule
422,0.820781409740448,0.8208482265472412,False,FF > Rule
423,0.8210582733154296,0.8208445310592651,True,FF <= Rule
424,0.8209032416343688,0.820781409740448,True,FF <= Rule
425,0.8207768797874448,0.8210582733154297,False,FF > Rule
426,0.8208716511726376,0.8209031820297241,False,FF > Rule
427,0.8206210136413572,0.8207768797874451,False,FF > Rule
428,0.8207421898841856,0.8208716511726379,False,FF > Rule
429,0.8206163644790648,0.8206209540367126,False,FF > Rule
430,0.8200079798698424,0.8207421898841858,False,FF > Rule
431,0.8194769024848936,0.8206163644790649,False,FF > Rule
432,0.8206390738487244,0.8200079798698425,True,FF <= Rule
433,0.8206765055656432,0.8194769024848938,True,FF <= Rule
434,0.8206896185874936,0.8206390738487244,True,FF <= Rule
435,0.8205260038375852,0.8206765055656433,False,FF > Rule
436,0.8194081187248228,0.8206895589828491,False,FF > Rule
437,0.81920325756073,0.8205260038375854,False,FF > Rule
438,0.8193806409835812,0.819408118724823,False,FF > Rule
439,0.8192884922027588,0.81920325756073,True,FF <= Rule
440,0.2991344630718228,0.6186314225196838,False,FF > Rule
441,0.33157142996788,0.5609176158905029,False,FF > Rule
442,0.2265074998140332,0.2991344928741455,False,FF > Rule
443,0.228497102856636,0.3315714597702026,False,FF > Rule
444,0.3084951341152188,0.2265075445175171,True,FF <= Rule
445,0.2473159581422804,0.2284971475601196,True,FF <= Rule
446,0.2039764672517776,0.3084951639175415,False,FF > Rule
447,0.15518744289875,0.2473160028457641,False,FF > Rule
448,0.1124537810683248,0.2039765119552612,False,FF > Rule
449,0.0974442586302756,0.1551874876022339,False,FF > Rule
450,0.131080225110054,0.112453818321228,True,FF <= Rule
451,0.0933582410216328,0.0974442958831787,False,FF > Rule
452,0.2407664805650708,0.1310802698135376,True,FF <= Rule
453,0.0873885974287984,0.0933582782745361,False,FF > Rule
454,0.0151818149467552,0.2407665252685547,False,FF > Rule
455,0.1010282859206196,0.0873886346817016,True,FF <= Rule
456,0.2027681618928908,0.0151818149467552,True,FF <= Rule
457,0.2018770724534988,0.1010283231735229,True,FF <= Rule
458,0.1443997174501416,0.2027682065963745,False,FF > Rule
459,0.2366520911455152,0.2018758058547973,True,FF <= Rule
460,0.4417146146297452,0.1443997621536255,True,FF <= Rule
461,0.3823885619640348,0.236652135848999,True,FF <= Rule
462,0.4895828068256376,0.4417146444320678,True,FF <= Rule
463,0.3087165057659148,0.3823885917663574,False,FF > Rule
464,0.5994685292243956,0.4731225967407226,True,FF <= Rule
465,0.3982907235622404,0.3952672481536865,True,FF <= Rule
466,0.8190824985504148,0.5085432529449463,True,FF <= Rule
467,0.8190687894821164,0.4386548995971679,True,FF <= Rule
468,0.819030463695526,0.4744939804077148,True,FF <= Rule
469,0.818973124027252,0.459482192993164,True,FF <= Rule
470,0.8191037178039547,0.4369103908538818,True,FF <= Rule
471,0.8189684748649596,0.4053964614868164,True,FF <= Rule
472,0.8191406726837156,0.4957680702209472,True,FF <= Rule
473,0.8190207481384276,0.4149448871612549,True,FF <= Rule
474,0.407645672559738,0.491530179977417,False,FF > Rule
475,0.4266552627086636,0.4316456317901611,False,FF > Rule
476,0.4126547276973724,0.4457821846008301,False,FF > Rule
477,0.5072499513626096,0.4648733139038086,True,FF <= Rule
478,0.53570681810379,0.449700117111206,True,FF <= Rule
479,0.5943010449409484,0.4548759460449219,True,FF <= Rule
480,0.8195874094963072,0.4531745910644531,True,FF <= Rule
481,0.8196367621421812,0.4982879161834717,True,FF <= Rule
482,0.8197197318077084,0.699608325958252,True,FF <= Rule
483,0.82014125585556,0.7675676345825195,True,FF <= Rule
484,0.820033609867096,0.8197197318077087,True,FF <= Rule
485,0.8196454644203184,0.8201412558555603,False,FF > Rule
486,0.8199503421783444,0.820033609867096,False,FF > Rule
487,0.820059597492218,0.8196454644203186,True,FF <= Rule
488,0.8206738829612732,0.8199503421783447,True,FF <= Rule
489,0.819642961025238,0.820059597492218,False,FF > Rule
490,0.8200504183769224,0.8206738829612732,False,FF > Rule
491,0.8195830583572388,0.819642961025238,False,FF > Rule
492,0.8201318383216856,0.8200503587722778,True,FF <= Rule
493,0.8196493983268736,0.8195830583572388,True,FF <= Rule
494,0.819766283035278,0.8201318383216858,False,FF > Rule
495,0.8201350569725036,0.8196493983268738,True,FF <= Rule
496,0.8199196457862852,0.8197662830352783,True,FF <= Rule
497,0.8197952508926392,0.8201350569725037,False,FF > Rule
498,0.8196249008178708,0.8199195861816406,False,FF > Rule
499,0.8196827173233032,0.8197952508926392,False,FF > Rule
500,0.8198937773704528,0.8196249008178711,True,FF <= Rule
501,0.820126175880432,0.8196827173233032,True,FF <= Rule
502,0.8199450373649596,0.8198937773704529,True,FF <= Rule
503,0.8198556900024412,0.8201261758804321,False,FF > Rule
504,0.8196972012519836,0.8199450373649597,False,FF > Rule
505,0.8202306032180784,0.8198556900024414,True,FF <= Rule
506,0.8205801248550412,0.8196972012519836,True,FF <= Rule
507,0.8196009397506712,0.8202306032180786,False,FF > Rule
508,0.8194361329078672,0.8205801248550415,False,FF > Rule
509,0.81964635848999,0.8196009397506714,True,FF <= Rule
510,0.81962651014328,0.8194361329078674,True,FF <= Rule
511,0.8193328380584716,0.8196463584899902,False,FF > Rule
512,0.81932657957077,0.81962651014328,False,FF > Rule
513,0.6430130004882812,0.8193328380584717,False,FF > Rule
514,1.0004867315292356,0.8193265795707703,True,FF <= Rule
515,1.035789370536804,0.81942218542099,True,FF <= Rule
516,1.1634118556976316,0.8200125098228455,True,FF <= Rule
517,0.8201966881752012,0.8200830817222595,True,FF <= Rule
518,0.8202809691429136,0.8203287720680237,False,FF > Rule
519,0.820360481739044,0.8201966881752014,True,FF <= Rule
520,0.8204511404037476,0.8202809691429138,True,FF <= Rule
521,0.82025808095932,0.8203604817390442,False,FF > Rule
522,0.820249319076538,0.8204510807991028,False,FF > Rule
523,0.8208014369010924,0.8202580213546753,True,FF <= Rule
524,0.8205487132072448,0.8202492594718933,True,FF <= Rule
525,0.8202657103538512,0.8208014369010925,False,FF > Rule
526,0.8199355602264404,0.8205486536026001,False,FF > Rule
527,0.8196493983268736,0.8202657103538513,False,FF > Rule
528,0.8201491832733152,0.8199355602264404,True,FF <= Rule
529,0.8202263712882996,0.8215066194534302,False,FF > Rule
530,0.8201058506965636,1.0689338445663452,False,FF > Rule
531,0.8199830651283264,1.1089820861816406,False,FF > Rule
532,0.8195525407791135,1.047210931777954,False,FF > Rule
533,0.8191813230514524,0.9856680631637572,False,FF > Rule
534,0.8189725875854492,0.7335927486419678,True,FF <= Rule
535,0.3050453364849088,0.4971736669540405,False,FF > Rule
536,0.332230061292648,0.3272697925567627,True,FF <= Rule
537,0.2253957539796828,0.3050453662872314,False,FF > Rule
538,0.2569453418254852,0.3322300910949707,False,FF > Rule
539,0.3499942719936368,0.2253957986831665,True,FF <= Rule
540,0.2280439883470532,0.2569453716278076,False,FF > Rule
541,0.2891062200069424,0.3499943017959595,False,FF > Rule
542,0.2288512736558912,0.2280440330505371,True,FF <= Rule
543,0.2330297976732252,0.2891062498092651,False,FF > Rule
544,0.204426363110542,0.228851318359375,False,FF > Rule
545,0.1881684809923172,0.2330298423767089,False,FF > Rule
546,0.1417237073183056,0.2044264078140258,False,FF > Rule
547,0.1002102717757224,0.1881685256958007,False,FF > Rule
548,0.1254272013902664,0.1417237520217895,False,FF > Rule
549,0.1534881144762036,0.1002103090286254,True,FF <= Rule
550,0.200911834836006,0.12542724609375,True,FF <= Rule
551,0.2493415623903272,0.1534881591796875,True,FF <= Rule
552,0.20667465031147,0.2009118795394897,True,FF <= Rule
553,0.1029756888747212,0.249341607093811,False,FF > Rule
554,0.0865769013762472,0.2066746950149536,False,FF > Rule
555,0.1872690469026564,0.1029757261276245,True,FF <= Rule
556,0.1396278887987136,0.0865769386291503,True,FF <= Rule
557,0.0936941727995872,0.1872690916061401,False,FF > Rule
558,0.2950682342052456,0.1396279335021972,True,FF <= Rule
559,0.2491000443696972,0.0936942100524902,True,FF <= Rule
560,0.2051374465227124,0.2950682640075683,False,FF > Rule
561,0.2943210303783416,0.2491000890731811,True,FF <= Rule
562,0.473164826631546,0.2051374912261963,True,FF <= Rule
563,0.2419050484895704,0.294321060180664,False,FF > Rule
564,0.228200390934944,0.4899542331695556,False,FF > Rule
565,0.8189716935157776,0.2815616130828857,True,FF <= Rule
566,0.8189588785171508,0.2968056201934814,True,FF <= Rule
567,0.8189572691917416,0.4104518890380859,True,FF <= Rule
568,0.8192683458328244,0.3897798061370849,True,FF <= Rule
569,0.8194245696067808,0.3855488300323486,True,FF <= Rule
570,0.8190807104110716,0.455294132232666,True,FF <= Rule
571,0.8192995786666868,0.5883886814117432,True,FF <= Rule
572,0.8192266821861264,0.4724898338317871,True,FF <= Rule
573,0.819166839122772,0.4600074291229248,True,FF <= Rule
574,0.819196820259094,0.4515755176544189,True,FF <= Rule
575,0.819244921207428,0.4746580123901367,True,FF <= Rule
576,0.819328725337982,0.4552745819091797,True,FF <= Rule
577,0.81945663690567,0.4532756805419922,True,FF <= Rule
578,0.8194715976715088,0.483302354812622,True,FF <= Rule
579,0.8197279572486876,0.6157197952270508,True,FF <= Rule
580,0.8195390701293944,0.6177237033843994,True,FF <= Rule
581,0.819428205490112,0.8197279572486877,False,FF > Rule
582,0.8195822238922116,0.8195390701293945,True,FF <= Rule
583,0.819564700126648,0.8194282054901123,True,FF <= Rule
584,0.8193901181221008,0.8195822238922119,False,FF > Rule
585,0.8193285465240476,0.8195646405220032,False,FF > Rule
586,0.8193583488464355,0.8193901181221008,False,FF > Rule
587,0.8193979859352112,0.8193285465240479,True,FF <= Rule
588,0.819475531578064,0.8193583488464355,True,FF <= Rule
589,0.8194531798362732,0.8193979859352112,True,FF <= Rule
590,0.8193781375885008,0.819475531578064,False,FF > Rule
591,0.6843116879463196,0.8194531798362732,False,FF > Rule
592,0.617383062839508,0.819378137588501,False,FF > Rule
593,0.7016482949256896,0.8194908499717712,False,FF > Rule
594,0.8280656337738036,0.5333800315856934,True,FF <= Rule
595,0.8194844126701352,0.6200566291809082,True,FF <= Rule
596,0.8201020956039428,0.7950718402862549,True,FF <= Rule
597,0.8197340965270996,0.618431568145752,True,FF <= Rule
598,0.8196039795875548,0.8201020359992981,False,FF > Rule
599,0.8199271559715268,0.8197340965270996,True,FF <= Rule
600,0.8198766112327576,0.8196039795875549,True,FF <= Rule
601,0.819684028625488,0.8199271559715271,False,FF > Rule
602,0.8198292851448056,0.8198766112327576,False,FF > Rule
603,0.8195921778678892,0.8196840286254883,False,FF > Rule
604,0.8198253512382504,0.8198292255401611,False,FF > Rule
605,0.819594383239746,0.8195921182632446,True,FF <= Rule
606,0.8193628191947936,0.819825291633606,False,FF > Rule
607,0.8195275664329528,0.8195943832397461,False,FF > Rule
608,0.8197031617164612,0.8193628191947937,True,FF <= Rule
609,0.81993168592453,0.8195275664329529,True,FF <= Rule
610,0.8199025988578796,0.8197031617164612,True,FF <= Rule
611,0.8202382922172544,0.81993168592453,True,FF <= Rule
612,0.8199479579925536,0.8199025392532349,True,FF <= Rule
613,0.820156455039978,0.8202382922172546,False,FF > Rule
614,0.82026869058609,0.8199479579925537,True,FF <= Rule
615,0.8203690052032468,0.820156455039978,True,FF <= Rule
616,0.8206334710121151,0.8202686905860901,True,FF <= Rule
617,0.8205193877220152,0.8203690052032471,True,FF <= Rule
618,0.8205177187919616,0.8206334710121155,False,FF > Rule
619,0.8203272223472592,0.8205193281173706,False,FF > Rule
620,0.8204168677330016,0.8205177187919617,False,FF > Rule
621,0.820601224899292,0.8203272223472595,True,FF <= Rule
622,0.8203387260437012,0.8204168677330017,False,FF > Rule
623,0.8195893764495848,0.820601224899292,False,FF > Rule
624,0.8201882243156432,0.8203387260437012,False,FF > Rule
625,0.820277154445648,0.819589376449585,True,FF <= Rule
626,0.8202724456787108,0.8201882243156433,True,FF <= Rule
627,0.820105731487274,0.8202771544456482,False,FF > Rule
628,0.8194524049758908,0.8202724456787109,False,FF > Rule
629,0.8195378780364988,1.0471668243408203,False,FF > Rule
630,0.8195786476135252,0.6607175469398499,True,FF <= Rule
631,0.8193786144256592,0.7214698195457458,True,FF <= Rule
632,0.81923109292984,0.7571422457695007,True,FF <= Rule
633,0.7310947775840756,0.6174113154411316,True,FF <= Rule
634,0.6747350096702576,0.5279061198234558,True,FF <= Rule
635,0.5722756981849668,0.7310948371887207,False,FF > Rule
636,0.5643280744552612,0.6747350692749023,False,FF > Rule
637,0.7053915858268736,0.5722757577896118,True,FF <= Rule
638,0.5970398187637328,0.564328134059906,True,FF <= Rule
639,0.5956584215164183,0.7053916454315186,False,FF > Rule
640,0.5444948673248288,0.5970398783683777,False,FF > Rule
641,0.460062712430954,0.5956584811210632,False,FF > Rule
642,0.3016003072261808,0.5444949269294739,False,FF > Rule
643,0.225616171956062,0.4600627422332763,False,FF > Rule
644,0.3088373839855192,0.3016003370285034,True,FF <= Rule
645,0.24892683327198,0.2256162166595459,True,FF <= Rule
646,0.1820500642061232,0.3088374137878418,False,FF > Rule
647,0.1504115611314772,0.2489268779754638,False,FF > Rule
648,0.2462315112352368,0.1820501089096069,True,FF <= Rule
649,0.2385814934968948,0.1504116058349609,True,FF <= Rule
650,0.197677448391914,0.2462315559387207,False,FF > Rule
651,0.1938372403383252,0.2385815382003784,False,FF > Rule
652,0.2043129950761792,0.197671890258789,True,FF <= Rule
653,0.18434102833271,0.193837285041809,False,FF > Rule
654,0.1876400262117384,0.204314112663269,False,FF > Rule
655,0.1911842375993728,0.1843411922454834,True,FF <= Rule
656,0.1592812091112136,0.1876400709152221,False,FF > Rule
657,0.1982159167528152,0.1911842823028564,True,FF <= Rule
658,0.2741126716136932,0.1592812538146972,True,FF <= Rule
659,0.3024570643901824,0.1982159614562988,True,FF <= Rule
660,0.2267375737428664,0.2741127014160156,False,FF > Rule
661,0.4352716505527496,0.3024570941925049,True,FF <= Rule
662,0.4200309813022612,0.2267376184463501,True,FF <= Rule
663,0.6121193766593932,0.435271680355072,True,FF <= Rule
664,0.5343906879425048,0.4200310111045837,True,FF <= Rule
665,0.8191683292388916,0.5237739086151123,True,FF <= Rule
666,0.8194970488548275,0.4528877735137939,True,FF <= Rule
667,0.8195060491561889,0.4736495018005371,True,FF <= Rule
668,0.8195998072624204,0.6191036701202393,True,FF <= Rule
669,0.819272756576538,0.6195881366729736,True,FF <= Rule
670,0.8192614912986752,0.71663498878479,True,FF <= Rule
671,0.820119559764862,0.4557230472564697,True,FF <= Rule
672,0.8194423913955688,0.4546473026275635,True,FF <= Rule
673,0.8193179965019224,1.066320538520813,False,FF > Rule
674,0.8202077746391296,0.6035168170928955,True,FF <= Rule
675,0.8197582960128784,0.4706037044525146,True,FF <= Rule
676,0.8200913667678832,1.1099412441253662,False,FF > Rule
677,0.819655418395996,0.8682025671005249,False,FF > Rule
678,0.8199542164802548,0.8200913667678833,False,FF > Rule
679,0.8198518157005308,0.8196554183959961,True,FF <= Rule
680,0.8199734091758728,0.8199541568756104,True,FF <= Rule
681,0.820037007331848,0.819851815700531,True,FF <= Rule
682,0.820246696472168,0.8199734091758728,True,FF <= Rule
683,0.8198789358139036,0.8200370073318481,False,FF > Rule
684,0.8202763199806212,0.820246696472168,True,FF <= Rule
685,0.8197665214538572,0.8198789358139038,False,FF > Rule
686,0.8208306431770324,0.8202763199806213,True,FF <= Rule
687,0.8201614022254944,0.8197665214538574,True,FF <= Rule
688,0.8204386234283444,0.8208306431770325,False,FF > Rule
689,0.8206108808517456,0.8201614022254944,True,FF <= Rule
690,0.8202160596847532,0.8204386234283447,False,FF > Rule
691,0.8200108408927916,0.8206108808517456,False,FF > Rule
692,0.8204765915870664,0.8202160596847534,True,FF <= Rule
693,0.8201033473014832,0.8200108408927917,True,FF <= Rule
694,0.8205171227455136,0.8204765915870667,True,FF <= Rule
695,0.8201485872268676,0.8201033473014832,True,FF <= Rule
696,0.820506989955902,0.8205170631408691,False,FF > Rule
697,0.8200318217277524,0.8201485872268677,False,FF > Rule
698,0.820551872253418,0.8205069899559021,True,FF <= Rule
699,0.8203940987586972,0.8200317621231079,True,FF <= Rule
700,0.8203352093696592,0.820551872253418,False,FF > Rule
701,0.8205792307853697,0.8203940987586975,True,FF <= Rule
702,0.820502698421478,0.8203351497650146,True,FF <= Rule
703,0.8204936385154724,0.8205792307853699,False,FF > Rule
704,0.8208222389221188,0.8205026984214783,True,FF <= Rule
705,0.8205760717391968,0.8204936385154724,True,FF <= Rule
706,0.8204068541526792,0.8208222389221191,False,FF > Rule
707,0.8207228183746336,0.8205760717391968,True,FF <= Rule
708,0.8208337426185608,0.8204068541526794,True,FF <= Rule
709,0.8210389614105223,0.8207228183746338,True,FF <= Rule
710,0.821064472198486,0.8208337426185608,True,FF <= Rule
711,0.8211606144905088,0.8210389614105225,True,FF <= Rule
712,0.8212704062461852,0.8210644721984863,True,FF <= Rule
713,0.8211338520050048,0.821160614490509,False,FF > Rule
714,0.8208032250404356,0.8212704062461853,False,FF > Rule
715,0.8210242986679076,0.8211338520050049,False,FF > Rule
716,0.8211065530776976,0.8208032250404358,True,FF <= Rule
717,0.821033716201782,0.8210242986679077,True,FF <= Rule
718,0.8207669854164124,0.8211065530776978,False,FF > Rule
719,0.8196187019348145,0.8210337162017822,False,FF > Rule
