Actual_Traffic,Predicted_Traffic,UPF_Config,Energy_Wh_Actual,QoS_Score_Actual
167.81863,132.57086,"('DPDK', 1)",0.20519179105758667,0.9752588868141174
160.09944,138.10303,"('DPDK', 1)",0.2051747888326645,0.9752485752105713
158.9883,141.49438,"('DPDK', 1)",0.20517228543758392,0.9752481579780579
176.37837,143.1701,"('DPDK', 1)",0.20520876348018646,0.9752596020698547
155.88342,144.84843,"('DPDK', 1)",0.20516516268253326,0.9752465486526489
151.22221,144.57474,"('DPDK', 1)",0.2051542103290558,0.975242555141449
193.24802,142.78683,"('DPDK', 1)",0.2052396535873413,0.9752804636955261
171.16562,143.47183,"('DPDK', 1)",0.20519861578941345,0.9752567410469055
263.77927,143.55887,"('DPDK', 1)",0.2053450047969818,0.9752077460289001
205.65248,150.52281,"('DPDK', 1)",0.20526070892810822,0.9752936959266663
211.1239,155.69266,"('DPDK', 1)",0.20526959002017975,0.9752954840660095
228.69154,159.81682,"('DPDK', 1)",0.20529665052890778,0.9753121137619019
277.7315,164.11769,"('DPDK', 1)",0.20536144077777863,0.9751262664794922
230.90446,171.79828,"('DPDK', 1)",0.20529991388320923,0.975314736366272
217.47331,176.38463,"('DPDK', 1)",0.2052796334028244,0.9753014445304871
198.65396,177.6268,"('DPDK', 1)",0.20524899661540985,0.9752857685089111
226.23712,175.18945,"('DPDK', 1)",0.20529299974441528,0.9753099083900452
233.50075,173.15959,"('DPDK', 1)",0.20530369877815247,0.975318431854248
198.14981,171.92079,"('DPDK', 1)",0.2052481323480606,0.9752839207649231
190.36385,168.25017,"('DPDK', 1)",0.2052345722913742,0.975278913974762
202.63823,163.08983,"('DPDK', 1)",0.20525571703910828,0.9752909541130066
204.8867,158.63371,"('DPDK', 1)",0.20525944232940674,0.9752917885780334
224.00758,155.14442,"('DPDK', 1)",0.20528964698314667,0.975307047367096
206.33327,154.11372,"('DPDK', 1)",0.20526182651519775,0.9752947092056274
220.22345,153.0389,"('DPDK', 1)",0.20528388023376465,0.9753078818321228
216.26312,153.28917,"('DPDK', 1)",0.20527774095535278,0.9753021001815796
230.04115,153.81046,"('DPDK', 1)",0.20529864728450775,0.9753154516220093
233.72758,155.57584,"('DPDK', 1)",0.20530402660369873,0.975317656993866
220.42496,158.05424,"('DPDK', 1)",0.20528419315814972,0.975308358669281
218.26634,159.48703,"('DPDK', 1)",0.2052808552980423,0.9753040671348572
209.71397,160.0349,"('DPDK', 1)",0.20526732504367828,0.975295901298523
242.821,159.2354,"('DPDK', 1)",0.205316960811615,0.9753177165985107
234.8087,160.52933,"('DPDK', 1)",0.20530559122562408,0.9753196835517883
250.99388,161.98045,"('DPDK', 1)",0.20532816648483276,0.9752705693244934
251.5332,164.74489,"('DPDK', 1)",0.20532889664173126,0.9752720594406128
270.57608,167.86038,"('DPDK', 1)",0.2053534984588623,0.975172221660614
323.4708,172.39241,"('DPDK', 1)",0.20540781319141388,0.9748014211654663
364.17914,181.62831,"('DPDK', 1)",0.20544390380382538,0.974484384059906
332.8105,195.69612,"('DPDK', 1)",0.2054164856672287,0.9747412800788879
365.72552,207.85478,"('DPDK', 1)",0.20544518530368805,0.9744670987129211
302.6668,220.48029,"('DPDK', 1)",0.20538759231567383,0.9749462008476257
331.95566,225.73328,"('DPDK', 1)",0.20541569590568542,0.9747480154037476
336.08884,229.12688,"('DPDK', 1)",0.20541946589946747,0.9747199416160583
309.27673,231.0214,"('DPDK', 1)",0.20539416372776031,0.9748959541320801
295.21872,229.198,"('DPDK', 1)",0.20538000762462616,0.974999189376831
275.668,224.33305,"('DPDK', 1)",0.20535917580127716,0.9751445651054382
244.0287,216.57713,"('DPDK', 1)",0.2053186297416687,0.9753122329711914
160.53145,205.35156,"('DPDK', 1)",0.20517577230930328,0.9752492308616638
160.71133,186.3285,"('DPDK', 1)",0.20517617464065552,0.975250780582428
157.0701,165.34459,"('DPDK', 1)",0.20516790449619293,0.9752487540245056
154.244,145.65286,"('DPDK', 1)",0.20516134798526764,0.9752436876296997
136.81113,128.06458,"('DPDK', 1)",0.20511452853679657,0.975161075592041
126.43498,112.45508,"('DPDK', 1)",0.2050788551568985,0.9750683903694153
98.2447,99.26164,"('DPDK', 1)",0.204946830868721,0.9748924970626831
83.880226,86.891174,"('OAI', 1)",0.1891704648733139,0.9302535653114319
85.43559,75.52336,"('OAI', 1)",0.19307947158813477,0.929842472076416
65.63837,66.09406,"('OAI', 1)",0.1511140763759613,0.9351592063903809
62.175,57.695076,"('OAI', 1)",0.14350101351737976,0.9358612298965454
61.911446,51.153027,"('OAI', 1)",0.14285209774971008,0.9358461499214172
65.129135,46.536804,"('OAI', 1)",0.15002799034118652,0.9353035092353821
38.70569,43.814198,"('OAI', 1)",0.07744943350553513,0.9328182339668274
40.42183,41.00074,"('OAI', 1)",0.08087226003408432,0.9332758188247681
30.927319,38.78989,"('OAI', 1)",0.0577789731323719,0.9278846979141235
30.075228,36.71226,"('OAI', 1)",0.05702527239918709,0.9272772073745728
24.1078,35.06571,"('OAI', 1)",0.05900733545422554,0.9225593209266663
24.730207,33.719078,"('OAI', 1)",0.061958689242601395,0.9231364130973816
21.124332,32.924942,"('OAI', 1)",0.04997851327061653,0.9207010865211487
23.100521,32.533653,"('OAI', 1)",0.05541231110692024,0.9215840101242065
32.196175,32.73537,"('OAI', 1)",0.062151748687028885,0.9287486672401428
42.098076,34.102688,"('OAI', 1)",0.08652319759130478,0.9335293769836426
39.22251,37.13358,"('OAI', 1)",0.07753639668226242,0.9330810904502869
27.164865,40.821266,"('OAI', 1)",0.05768640711903572,0.9251723885536194
34.475304,43.79078,"('OAI', 1)",0.07048975676298141,0.930245578289032
25.93506,46.81943,"('OAI', 1)",0.06103586032986641,0.9242063164710999
29.580711,49.89114,"('OAI', 1)",0.05684124305844307,0.9269354343414307
47.99836,53.12534,"('OAI', 1)",0.10709816962480545,0.9344441890716553
70.49388,57.159122,"('OAI', 1)",0.16063188016414642,0.9338476061820984
90.06549,62.740284,"('OAI', 1)",0.20396114885807037,0.9287272691726685
83.12714,69.42563,"('OAI', 1)",0.18723157048225403,0.9304466843605042
97.02323,75.508286,"('DPDK', 1)",0.2049403339624405,0.9748762845993042
80.496445,82.04031,"('OAI', 1)",0.1810111105442047,0.9311312437057495
97.226845,87.42571,"('DPDK', 1)",0.20494142174720764,0.9748806357383728
92.727,92.35304,"('DPDK', 1)",0.20491938292980194,0.9748325347900391
101.9575,96.12636,"('DPDK', 1)",0.20496612787246704,0.9749300479888916
119.30823,99.48097,"('DPDK', 1)",0.20504790544509888,0.9749975204467773
88.71131,103.42039,"('OAI', 1)",0.20091839134693146,0.9290467500686646
69.21647,105.04396,"('OAI', 1)",0.15822584927082062,0.9341727495193481
83.45688,103.74762,"('OAI', 1)",0.18807731568813324,0.9303463101387024
78.56983,101.90057,"('OAI', 1)",0.17654849588871002,0.9316543936729431
88.632385,99.52343,"('OAI', 1)",0.20072904229164124,0.9290658235549927
75.12909,97.794785,"('OAI', 1)",0.16906411945819855,0.9326167702674866
75.80483,95.653244,"('OAI', 1)",0.1704336255788803,0.932427167892456
81.228355,93.57291,"('OAI', 1)",0.18271273374557495,0.9309245347976685
95.57491,92.12005,"('DPDK', 1)",0.20493251085281372,0.9748634099960327
99.05851,92.181656,"('DPDK', 1)",0.20495112240314484,0.9748979806900024
92.43672,93.34268,"('DPDK', 1)",0.20491819083690643,0.9748263955116272
144.76991,94.54843,"('DPDK', 1)",0.20513726770877838,0.975228488445282
173.03966,99.35691,"('DPDK', 1)",0.20520229637622833,0.9752606749534607
183.64317,107.73045,"('DPDK', 1)",0.20522241294384003,0.975269615650177
204.849,118.00802,"('DPDK', 1)",0.20525938272476196,0.975293755531311
243.3266,129.77039,"('DPDK', 1)",0.2053176611661911,0.9753127098083496
205.10437,144.01102,"('DPDK', 1)",0.2052597999572754,0.9752923846244812
181.0352,154.85373,"('DPDK', 1)",0.20521757006645203,0.9752671718597412
148.8819,160.53767,"('DPDK', 1)",0.20514823496341705,0.9752389788627625
144.54718,159.96182,"('DPDK', 1)",0.20513665676116943,0.9752275943756104
156.44606,155.52339,"('DPDK', 1)",0.20516645908355713,0.9752453565597534
136.00374,150.182,"('DPDK', 1)",0.20511199533939362,0.9751578569412231
130.83182,143.2411,"('DPDK', 1)",0.20509541034698486,0.9751105904579163
107.83934,135.777,"('DPDK', 1)",0.2049953043460846,0.9749886989593506
101.24243,127.08393,"('DPDK', 1)",0.20496246218681335,0.9749253392219543
109.53982,118.20716,"('DPDK', 1)",0.20500344038009644,0.9749959707260132
105.47917,110.81401,"('DPDK', 1)",0.20498378574848175,0.9749642014503479
114.62478,104.76828,"('DPDK', 1)",0.20502705872058868,0.9749968647956848
111.96395,100.86544,"('DPDK', 1)",0.20501482486724854,0.9749964475631714
126.29993,98.45238,"('DPDK', 1)",0.20507827401161194,0.9750660061836243
119.598206,98.25397,"('DPDK', 1)",0.20504917204380035,0.9749963879585266
153.53519,98.882484,"('DPDK', 1)",0.20515969395637512,0.975243866443634
168.09651,102.4637,"('DPDK', 1)",0.20519238710403442,0.9752545356750488
139.95586,108.4196,"('DPDK', 1)",0.20512402057647705,0.9751889109611511
176.5917,113.00333,"('DPDK', 1)",0.2052091658115387,0.9752615690231323
160.74718,119.08099,"('DPDK', 1)",0.2051762491464615,0.9752500057220459
214.69365,124.03036,"('DPDK', 1)",0.2052752673625946,0.975300669670105
215.17982,131.9407,"('DPDK', 1)",0.20527604222297668,0.9753010869026184
164.78413,140.5329,"('DPDK', 1)",0.205185204744339,0.9752548933029175
175.81477,144.54947,"('DPDK', 1)",0.2052076756954193,0.9752582311630249
189.42035,146.4316,"('DPDK', 1)",0.2052328884601593,0.975275993347168
169.71008,147.7864,"('DPDK', 1)",0.20519572496414185,0.9752573370933533
187.61433,147.0128,"('DPDK', 1)",0.20522965490818024,0.9752779006958008
187.9461,146.5374,"('DPDK', 1)",0.205230250954628,0.9752758741378784
165.27438,146.16405,"('DPDK', 1)",0.20518627762794495,0.9752517342567444
216.03633,144.06464,"('DPDK', 1)",0.20527738332748413,0.9753032922744751
231.21889,145.26698,"('DPDK', 1)",0.20530037581920624,0.9753167629241943
224.02861,149.19711,"('DPDK', 1)",0.20528967678546906,0.9753096103668213
276.95377,153.59848,"('DPDK', 1)",0.20536059141159058,0.9751346111297607
299.09906,162.07382,"('DPDK', 1)",0.20538398623466492,0.9749726057052612
290.775,173.5078,"('DPDK', 1)",0.20537540316581726,0.9750306010246277
319.28912,184.44478,"('DPDK', 1)",0.2054038643836975,0.9748297929763794
306.79672,196.21399,"('DPDK', 1)",0.20539171993732452,0.9749155640602112
328.66425,205.61783,"('DPDK', 1)",0.20541267096996307,0.9747689366340637
265.40518,214.42374,"('DPDK', 1)",0.20534707605838776,0.9752013683319092
239.59126,215.90271,"('DPDK', 1)",0.20531241595745087,0.9753218293190002
241.27301,211.07204,"('DPDK', 1)",0.2053147852420807,0.9753230810165405
194.81544,203.41605,"('DPDK', 1)",0.20524239540100098,0.9752799868583679
155.04216,190.95915,"('DPDK', 1)",0.20516321063041687,0.9752432703971863
162.71187,174.20079,"('DPDK', 1)",0.20518063008785248,0.9752508997917175
150.38388,157.79584,"('DPDK', 1)",0.20515216886997223,0.9752388000488281
140.64842,142.267,"('DPDK', 1)",0.20512595772743225,0.9751944541931152
135.4528,128.11267,"('DPDK', 1)",0.20511025190353394,0.9751518368721008
119.32405,115.7791,"('DPDK', 1)",0.20504797995090485,0.9749968647956848
83.31167,104.85489,"('OAI', 1)",0.1877215951681137,0.9303730130195618
80.40553,93.072266,"('OAI', 1)",0.18081973493099213,0.9311501383781433
74.489586,82.169014,"('OAI', 1)",0.16792264580726624,0.9328052997589111
54.762165,72.73556,"('OAI', 1)",0.12635086476802826,0.9352706670761108
59.223022,63.751873,"('OAI', 1)",0.13682736456394196,0.9356563091278076
53.618916,56.537556,"('OAI', 1)",0.12337256222963333,0.9351572394371033
55.065426,51.12442,"('OAI', 1)",0.1271255910396576,0.9352985620498657
50.95166,47.593014,"('OAI', 1)",0.11617148667573929,0.9348692893981934
49.909725,45.392776,"('OAI', 1)",0.1131659522652626,0.9347221851348877
33.689598,44.333397,"('OAI', 1)",0.06702392548322678,0.9297435283660889
36.130592,43.154583,"('OAI', 1)",0.0755818709731102,0.9312630295753479
94.31413,42.456753,"('DPDK', 1)",0.20492634177207947,0.9748479723930359
69.679634,46.492237,"('OAI', 1)",0.159111887216568,0.9340530633926392
40.35557,51.566177,"('OAI', 1)",0.08063607662916183,0.9332592487335205
47.79619,54.488663,"('OAI', 1)",0.1064305379986763,0.9344168901443481
29.732046,56.623924,"('OAI', 1)",0.0569036491215229,0.9270460605621338
27.387207,56.875854,"('OAI', 1)",0.05708076432347298,0.9253440499305725
23.441996,55.973217,"('OAI', 1)",0.05630623176693916,0.9219245910644531
22.697931,54.391273,"('OAI', 1)",0.054338473826646805,0.921190083026886
38.346462,52.734238,"('OAI', 1)",0.07738583534955978,0.9325937032699585
26.634794,52.758568,"('OAI', 1)",0.059107113629579544,0.9247862696647644
28.000238,53.12628,"('OAI', 1)",0.0563042052090168,0.9258036017417908
46.256893,54.51236,"('OAI', 1)",0.10127299278974533,0.9341759085655212
47.451702,57.415955,"('OAI', 1)",0.10530779510736465,0.9343658089637756
85.047905,61.12632,"('OAI', 1)",0.19212418794631958,0.9299519658088684
85.524704,66.8087,"('OAI', 1)",0.19331224262714386,0.9298391938209534
68.78471,73.03218,"('OAI', 1)",0.15739236772060394,0.934295654296875
87.43983,77.77415,"('OAI', 1)",0.19791480898857117,0.9293650388717651
85.92962,82.60968,"('OAI', 1)",0.1942802518606186,0.9297340512275696
89.05439,87.32147,"('OAI', 1)",0.20168942213058472,0.9289721250534058
105.43518,91.480095,"('DPDK', 1)",0.20498356223106384,0.9749634265899658
79.13189,95.85271,"('OAI', 1)",0.17786173522472382,0.931490421295166
54.21966,98.01002,"('OAI', 1)",0.12494360655546188,0.9352262616157532
61.17377,97.0054,"('OAI', 1)",0.14105577766895294,0.9357892870903015
70.55815,94.69399,"('OAI', 1)",0.16075266897678375,0.9338265061378479
66.061646,92.493324,"('OAI', 1)",0.15200915932655334,0.9350466728210449
60.384045,90.27749,"('OAI', 1)",0.13931895792484283,0.9357365965843201
75.49118,87.90848,"('OAI', 1)",0.1697964072227478,0.9325105547904968
69.344284,86.78372,"('OAI', 1)",0.15846684575080872,0.9341484308242798
60.484985,86.095955,"('OAI', 1)",0.1395336091518402,0.9357433319091797
85.60705,85.17309,"('OAI', 1)",0.19352303445339203,0.9298012852668762
99.12348,85.74786,"('DPDK', 1)",0.2049514651298523,0.9748979210853577
96.50794,88.10146,"('DPDK', 1)",0.20493756234645844,0.9748712778091431
136.62521,91.16901,"('DPDK', 1)",0.20511394739151,0.9751579165458679
165.25746,97.056694,"('DPDK', 1)",0.20518623292446136,0.9752565622329712
201.20117,105.990746,"('DPDK', 1)",0.20525330305099487,0.9752883911132812
186.84157,118.34305,"('DPDK', 1)",0.20522825419902802,0.9752739071846008
184.8816,130.09695,"('DPDK', 1)",0.2052246779203415,0.9752689003944397
196.51485,139.9163,"('DPDK', 1)",0.20524533092975616,0.975283682346344
166.40164,148.24754,"('DPDK', 1)",0.20518872141838074,0.9752550721168518
159.74878,152.42705,"('DPDK', 1)",0.20517399907112122,0.9752519130706787
142.14774,153.07278,"('DPDK', 1)",0.20513010025024414,0.9752056002616882
154.7196,150.11491,"('DPDK', 1)",0.20516246557235718,0.9752476215362549
121.45088,146.34511,"('DPDK', 1)",0.20505733788013458,0.975016713142395
97.36367,139.8341,"('DPDK', 1)",0.20494215190410614,0.9748814105987549
93.29706,130.77536,"('DPDK', 1)",0.2049216777086258,0.9748383164405823
114.29835,121.00414,"('DPDK', 1)",0.2050255686044693,0.9749948978424072
100.23482,113.3904,"('DPDK', 1)",0.2049572616815567,0.9749137759208679
122.00444,106.74867,"('DPDK', 1)",0.20505976676940918,0.9750266671180725
131.61809,103.036674,"('DPDK', 1)",0.2050979733467102,0.975119948387146
116.9332,102.09331,"('DPDK', 1)",0.2050374448299408,0.9749961495399475
118.62009,101.81096,"('DPDK', 1)",0.20504489541053772,0.9749952554702759
135.99228,102.1146,"('DPDK', 1)",0.20511195063591003,0.9751574993133545
147.06065,103.99478,"('DPDK', 1)",0.20514340698719025,0.9752400517463684
138.88687,107.37354,"('DPDK', 1)",0.2051209658384323,0.9751774072647095
133.87578,110.64009,"('DPDK', 1)",0.2051052451133728,0.9751380085945129
152.99687,113.11541,"('DPDK', 1)",0.20515842735767365,0.9752420783042908
156.42882,116.266174,"('DPDK', 1)",0.20516642928123474,0.975246012210846
169.48357,119.66715,"('DPDK', 1)",0.20519527792930603,0.9752573370933533
163.75153,123.784134,"('DPDK', 1)",0.20518292486667633,0.9752523303031921
158.65945,127.36136,"('DPDK', 1)",0.20517154037952423,0.9752479195594788
137.43298,129.82559,"('DPDK', 1)",0.20511646568775177,0.9751678109169006
152.37007,129.70532,"('DPDK', 1)",0.20515693724155426,0.9752402305603027
127.012634,129.26483,"('DPDK', 1)",0.2050812840461731,0.975074827671051
152.82056,126.67458,"('DPDK', 1)",0.20515801012516022,0.975242018699646
176.77701,125.13153,"('DPDK', 1)",0.20520952343940735,0.975260853767395
192.8659,126.07603,"('DPDK', 1)",0.20523898303508759,0.975280225276947
183.42355,129.53204,"('DPDK', 1)",0.2052220106124878,0.9752693176269531
184.99048,133.26189,"('DPDK', 1)",0.2052248865365982,0.9752712249755859
187.21275,136.864,"('DPDK', 1)",0.20522892475128174,0.9752758145332336
159.48889,140.0955,"('DPDK', 1)",0.20517341792583466,0.9752499461174011
171.99127,140.51567,"('DPDK', 1)",0.20520024001598358,0.9752599000930786
194.13834,140.29028,"('DPDK', 1)",0.20524121820926666,0.9752779603004456
228.26318,141.33424,"('DPDK', 1)",0.20529602468013763,0.9753111004829407
241.51047,145.5657,"('DPDK', 1)",0.20531512796878815,0.9753258228302002
244.65935,152.08981,"('DPDK', 1)",0.20531950891017914,0.9753086566925049
249.58542,159.36436,"('DPDK', 1)",0.20532625913619995,0.9752788543701172
247.2396,166.57484,"('DPDK', 1)",0.20532307028770447,0.9752950072288513
265.02014,172.58627,"('DPDK', 1)",0.20534658432006836,0.9751996994018555
240.32338,178.59604,"('DPDK', 1)",0.20531345903873444,0.9753231406211853
158.54979,181.61082,"('DPDK', 1)",0.20517128705978394,0.9752473831176758
155.03574,175.80115,"('DPDK', 1)",0.20516319572925568,0.9752472043037415
144.84698,165.74326,"('DPDK', 1)",0.2051374763250351,0.9752312302589417
138.5144,153.57063,"('DPDK', 1)",0.20511981844902039,0.9751744866371155
132.98547,141.0882,"('DPDK', 1)",0.20510239899158478,0.9751279354095459
156.10445,129.43745,"('DPDK', 1)",0.20516568422317505,0.9752453565597534
143.25058,121.33203,"('DPDK', 1)",0.2051331251859665,0.9752140045166016
110.40299,114.91501,"('DPDK', 1)",0.20500752329826355,0.9749963283538818
97.31256,107.75834,"('DPDK', 1)",0.20494188368320465,0.9748807549476624
86.71901,100.15497,"('OAI', 1)",0.19619646668434143,0.9295238256454468
83.89701,92.42352,"('OAI', 1)",0.1892206370830536,0.930243968963623
73.629074,85.389435,"('OAI', 1)",0.16638340055942535,0.9330320358276367
70.73996,78.83321,"('OAI', 1)",0.16108517348766327,0.9337726831436157
68.29298,73.12324,"('OAI', 1)",0.1564578264951706,0.9344395995140076
68.851295,68.54022,"('OAI', 1)",0.15752539038658142,0.9342710375785828
62.69631,65.33277,"('OAI', 1)",0.1446887105703354,0.9359058141708374
50.407566,62.96991,"('OAI', 1)",0.11466947942972183,0.9347937107086182
43.289658,60.5092,"('OAI', 1)",0.09083982557058334,0.9337062835693359
53.277107,57.935516,"('OAI', 1)",0.12247096747159958,0.9351184368133545
35.42388,56.518105,"('OAI', 1)",0.0736919566988945,0.9308375716209412
47.45612,54.70937,"('OAI', 1)",0.10531309992074966,0.9343644380569458
37.72016,53.982197,"('OAI', 1)",0.07728620618581772,0.9322159886360168
21.84361,53.3402,"('OAI', 1)",0.05200605466961861,0.920611560344696
25.453272,51.849167,"('OAI', 1)",0.06204019859433174,0.9237834215164185
17.19933,50.444008,"('OAI', 1)",0.046348828822374344,0.9212493300437927
16.19572,48.881237,"('OAI', 1)",0.04388706758618355,0.9208359122276306
21.965464,47.955906,"('OAI', 1)",0.05234803631901741,0.9205697774887085
12.941642,48.28591,"('OAI', 1)",0.03480939939618111,0.9181896448135376
10.3884,49.447178,"('OAI', 1)",0.026939740404486656,0.9156204462051392
22.716663,50.97636,"('OAI', 1)",0.05440216138958931,0.9212117195129395
17.236969,53.464943,"('OAI', 1)",0.04644458368420601,0.9212648868560791
22.082718,56.33962,"('OAI', 1)",0.052679020911455154,0.9205663800239563
30.278791,59.66705,"('OAI', 1)",0.05713461712002754,0.927423894405365
40.8504,63.258694,"('OAI', 1)",0.08240928500890732,0.9333477020263672
46.865154,67.34016,"('OAI', 1)",0.10333060473203659,0.93427973985672
45.933895,71.68073,"('OAI', 1)",0.10017254203557968,0.9341214299201965
62.40672,75.533035,"('OAI', 1)",0.14404000341892242,0.9358788728713989
67.527664,79.41051,"('OAI', 1)",0.15496015548706055,0.934639573097229
61.40251,83.43766,"('OAI', 1)",0.14160704612731934,0.9358037114143372
59.779446,86.69107,"('OAI', 1)",0.13802412152290344,0.9356993436813354
77.649216,89.04557,"('OAI', 1)",0.17437221109867096,0.9319086074829102
88.1261,91.37253,"('OAI', 1)",0.1995464712381363,0.9291860461235046
98.43567,93.88165,"('DPDK', 1)",0.2049478441476822,0.9748921394348145
92.40783,96.63087,"('DPDK', 1)",0.20491808652877808,0.9748288989067078
113.16378,99.0436,"('DPDK', 1)",0.20502038300037384,0.9749972820281982
107.78299,102.669106,"('DPDK', 1)",0.2049950212240219,0.9749882221221924
117.49064,106.30153,"('DPDK', 1)",0.20503991842269897,0.9749974608421326
113.30455,109.74867,"('DPDK', 1)",0.20502102375030518,0.9749985933303833
132.88963,112.32339,"('DPDK', 1)",0.2051020860671997,0.9751277565956116
126.8769,115.634346,"('DPDK', 1)",0.20508071780204773,0.9750750660896301
135.38724,118.345,"('DPDK', 1)",0.20511004328727722,0.9751485586166382
125.74337,120.927,"('DPDK', 1)",0.2050759196281433,0.9750646352767944
119.95102,122.3274,"('DPDK', 1)",0.20505070686340332,0.9750006794929504
132.6462,122.3607,"('DPDK', 1)",0.20510129630565643,0.9751251339912415
141.31793,122.47727,"('DPDK', 1)",0.20512782037258148,0.97519850730896
166.45233,123.144196,"('DPDK', 1)",0.2051888406276703,0.9752559065818787
169.05531,125.91549,"('DPDK', 1)",0.20519442856311798,0.9752567410469055
135.51059,129.61786,"('DPDK', 1)",0.20511044561862946,0.9751508831977844
146.21497,130.83562,"('DPDK', 1)",0.20514115691184998,0.9752362370491028
133.94232,131.29614,"('DPDK', 1)",0.20510545372962952,0.9751383066177368
151.43454,130.1979,"('DPDK', 1)",0.20515471696853638,0.9752417206764221
163.99442,129.59898,"('DPDK', 1)",0.2051834613084793,0.9752517342567444
168.73743,130.1821,"('DPDK', 1)",0.20519375801086426,0.9752546548843384
155.98973,131.64798,"('DPDK', 1)",0.20516541600227356,0.9752457141876221
168.21689,132.41992,"('DPDK', 1)",0.20519264042377472,0.9752549529075623
144.56384,133.61014,"('DPDK', 1)",0.20513670146465302,0.9752272367477417
158.93347,133.01715,"('DPDK', 1)",0.20517215132713318,0.975247323513031
181.49792,132.55666,"('DPDK', 1)",0.20521843433380127,0.9752699732780457
171.81958,133.83588,"('DPDK', 1)",0.20519991219043732,0.9752567410469055
139.85316,135.11754,"('DPDK', 1)",0.20512373745441437,0.9751864075660706
151.79568,133.77475,"('DPDK', 1)",0.20515558123588562,0.9752427935600281
169.12068,132.05754,"('DPDK', 1)",0.20519454777240753,0.9752563834190369
163.76625,131.53891,"('DPDK', 1)",0.2051829695701599,0.975252091884613
177.69397,131.2524,"('DPDK', 1)",0.20521126687526703,0.9752631187438965
156.90071,132.20917,"('DPDK', 1)",0.2051675170660019,0.9752488136291504
153.45547,132.0933,"('DPDK', 1)",0.2051595002412796,0.975242555141449
162.88783,131.14307,"('DPDK', 1)",0.20518101751804352,0.9752503633499146
161.65701,130.50005,"('DPDK', 1)",0.20517829060554504,0.9752519130706787
152.30635,129.9638,"('DPDK', 1)",0.20515678822994232,0.9752442240715027
135.81993,128.81319,"('DPDK', 1)",0.20511141419410706,0.9751539826393127
134.02245,126.175766,"('DPDK', 1)",0.205105721950531,0.9751400351524353
150.13704,122.89403,"('DPDK', 1)",0.2051515281200409,0.9752387404441833
149.37303,120.80428,"('DPDK', 1)",0.20514951646327972,0.9752400517463684
198.96866,119.53396,"('DPDK', 1)",0.20524953305721283,0.9752856492996216
193.40034,122.69099,"('DPDK', 1)",0.2052399218082428,0.9752834439277649
204.50197,127.52151,"('DPDK', 1)",0.2052588164806366,0.975289523601532
221.4681,133.68524,"('DPDK', 1)",0.20528578758239746,0.9753057360649109
231.17018,141.2065,"('DPDK', 1)",0.20530030131340027,0.9753163456916809
242.74153,149.3594,"('DPDK', 1)",0.20531684160232544,0.975317656993866
220.74861,157.78664,"('DPDK', 1)",0.20528468489646912,0.9753039479255676
247.892,163.47844,"('DPDK', 1)",0.2053239643573761,0.9752901196479797
243.67816,169.15746,"('DPDK', 1)",0.2053181529045105,0.9753116965293884
212.8631,173.61028,"('DPDK', 1)",0.205272376537323,0.9752985835075378
219.16844,174.188,"('DPDK', 1)",0.20528225600719452,0.9753056168556213
208.1547,173.08542,"('DPDK', 1)",0.20526480674743652,0.9752926826477051
188.92175,170.08844,"('DPDK', 1)",0.20523199439048767,0.9752755165100098
124.26794,164.76352,"('DPDK', 1)",0.20506960153579712,0.9750468134880066
146.38623,153.54858,"('DPDK', 1)",0.20514161884784698,0.9752377271652222
141.64499,142.3761,"('DPDK', 1)",0.2051287144422531,0.9752033352851868
131.68462,131.94614,"('DPDK', 1)",0.2050981968641281,0.9751184582710266
118.341385,122.33324,"('DPDK', 1)",0.20504367351531982,0.9749969244003296
91.267746,112.96826,"('DPDK', 1)",0.20491382479667664,0.9748169183731079
80.49822,102.80727,"('OAI', 1)",0.18101105093955994,0.9311304688453674
79.81402,92.74087,"('OAI', 1)",0.17945320904254913,0.9313233494758606
61.39769,83.90635,"('OAI', 1)",0.14160597324371338,0.9358057379722595
59.933495,75.24126,"('OAI', 1)",0.13835304975509644,0.9357067942619324
58.852547,67.835434,"('OAI', 1)",0.13599839806556702,0.9356167912483215
52.12977,62.051167,"('OAI', 1)",0.11940770596265793,0.9350061416625977
59.64214,57.346786,"('OAI', 1)",0.13772742450237274,0.9356807470321655
47.419647,54.682243,"('OAI', 1)",0.10519405454397202,0.9343497157096863
37.066837,52.736645,"('OAI', 1)",0.07717251032590866,0.9318170547485352
33.074577,50.809525,"('OAI', 1)",0.0648784264922142,0.9293407201766968
32.80785,48.989525,"('OAI', 1)",0.06426375359296799,0.9291728138923645
31.524874,47.63147,"('OAI', 1)",0.05919964984059334,0.9282963871955872
22.87086,46.76069,"('OAI', 1)",0.05480377748608589,0.9213598966598511
24.836267,45.81569,"('OAI', 1)",0.06204800680279732,0.9232262372970581
24.108303,45.275887,"('OAI', 1)",0.05900995805859566,0.922562837600708
26.85831,45.264843,"('OAI', 1)",0.05849360302090645,0.924950361251831
23.904787,46.142796,"('OAI', 1)",0.057979095727205276,0.9223613142967224
18.716005,47.623775,"('OAI', 1)",0.04981328919529915,0.9210193157196045
28.546646,49.76633,"('OAI', 1)",0.05649502947926521,0.9262060523033142
30.640917,52.65661,"('OAI', 1)",0.05740075185894966,0.9276890754699707
30.129128,56.050724,"('OAI', 1)",0.05704300478100777,0.9273326396942139
44.94272,59.55647,"('OAI', 1)",0.09673681110143661,0.9339658617973328
46.39164,63.458206,"('OAI', 1)",0.10173612087965012,0.934190571308136
38.67284,67.50572,"('OAI', 1)",0.07744293659925461,0.9328012466430664
53.60131,71.01988,"('OAI', 1)",0.12332024425268173,0.9351601600646973
55.521793,74.45821,"('OAI', 1)",0.1282932162284851,0.935349702835083
57.598766,77.63805,"('OAI', 1)",0.13322611153125763,0.9355255365371704
59.782448,80.51807,"('OAI', 1)",0.13803263008594513,0.9356978535652161
73.25185,83.03864,"('OAI', 1)",0.16570419073104858,0.9331335425376892
77.799576,85.71849,"('OAI', 1)",0.1747271567583084,0.9318748116493225
119.01012,88.386925,"('DPDK', 1)",0.205046609044075,0.9749957323074341
146.04866,92.639496,"('DPDK', 1)",0.20514070987701416,0.9752361178398132
53.18158,99.71489,"('OAI', 1)",0.12221262603998184,0.9351150393486023
68.69591,102.40274,"('OAI', 1)",0.1572234332561493,0.9343196749687195
72.03373,102.46103,"('OAI', 1)",0.16347774863243103,0.9334390759468079
87.44181,101.10752,"('OAI', 1)",0.1979198008775711,0.9293646216392517
73.647385,100.07694,"('OAI', 1)",0.1664232611656189,0.9330329298973083
62.24346,98.40278,"('OAI', 1)",0.14366276562213898,0.9358682036399841
54.839146,95.72207,"('OAI', 1)",0.12655262649059296,0.9352702498435974
82.00209,92.23203,"('OAI', 1)",0.1844591200351715,0.9307246804237366
70.265594,90.49696,"('OAI', 1)",0.1601952165365219,0.933904767036438
61.30834,89.17694,"('OAI', 1)",0.1413886696100235,0.9358060359954834
68.975784,87.6542,"('OAI', 1)",0.15776577591896057,0.9342445731163025
96.43427,86.64328,"('DPDK', 1)",0.2049371600151062,0.9748707413673401
127.11754,87.70721,"('DPDK', 1)",0.2050817310810089,0.9750787019729614
135.84245,92.18212,"('DPDK', 1)",0.20511148869991302,0.975153923034668
147.35078,98.76851,"('DPDK', 1)",0.20514418184757233,0.9752396941184998
157.97714,106.68558,"('DPDK', 1)",0.20516997575759888,0.975245475769043
140.27396,115.19857,"('DPDK', 1)",0.20512491464614868,0.975191056728363
138.32114,121.693275,"('DPDK', 1)",0.20511922240257263,0.9751753807067871
110.246254,126.05446,"('DPDK', 1)",0.20500677824020386,0.9749959707260132
127.01949,126.487434,"('DPDK', 1)",0.20508131384849548,0.9750749468803406
105.736,125.87294,"('DPDK', 1)",0.20498505234718323,0.9749683141708374
105.78033,123.07405,"('DPDK', 1)",0.20498526096343994,0.9749682545661926
91.91358,119.258255,"('DPDK', 1)",0.2049160599708557,0.9748221635818481
106.34636,114.21544,"('DPDK', 1)",0.2049880474805832,0.9749723672866821
88.06931,110.062584,"('OAI', 1)",0.19940197467803955,0.9292089343070984
89.97066,105.4926,"('OAI', 1)",0.20378045737743378,0.928746223449707
102.31086,101.36467,"('DPDK', 1)",0.2049679160118103,0.9749334454536438
85.77134,98.790085,"('OAI', 1)",0.19390253722667694,0.9297550916671753
89.385086,96.2066,"('OAI', 1)",0.2024233192205429,0.9288969039916992
103.14523,94.203514,"('DPDK', 1)",0.20497214794158936,0.974942147731781
104.00907,93.72434,"('DPDK', 1)",0.20497648417949677,0.9749522805213928
88.331825,94.23502,"('OAI', 1)",0.20004670321941376,0.9291437268257141
88.48473,94.171394,"('OAI', 1)",0.20039869844913483,0.929107666015625
92.345215,93.821785,"('DPDK', 1)",0.20491783320903778,0.9748269319534302
79.33458,93.61966,"('OAI', 1)",0.17834362387657166,0.9314419627189636
88.38123,92.597145,"('OAI', 1)",0.20013856887817383,0.9291214942932129
113.81923,91.87962,"('DPDK', 1)",0.205023393034935,0.9749979972839355
96.383064,93.22396,"('DPDK', 1)",0.2049368917942047,0.9748697280883789
87.46976,94.37046,"('OAI', 1)",0.1979755163192749,0.9293531179428101
96.38274,94.692055,"('DPDK', 1)",0.2049368917942047,0.9748697280883789
99.599594,95.12719,"('DPDK', 1)",0.20495395362377167,0.9749045968055725
119.86627,95.808174,"('DPDK', 1)",0.20505033433437347,0.9750005602836609
120.96101,98.003,"('DPDK', 1)",0.20505517721176147,0.9750111103057861
110.38349,100.90466,"('DPDK', 1)",0.2050074338912964,0.974997878074646
134.36072,103.13183,"('DPDK', 1)",0.20510679483413696,0.9751388430595398
145.39499,106.462204,"('DPDK', 1)",0.2051389515399933,0.9752350449562073
164.71834,110.81697,"('DPDK', 1)",0.20518505573272705,0.9752550721168518
178.10353,116.6747,"('DPDK', 1)",0.2052120566368103,0.9752660393714905
177.61996,123.713974,"('DPDK', 1)",0.20521113276481628,0.9752645492553711
169.52115,130.52884,"('DPDK', 1)",0.205195352435112,0.9752575755119324
208.01245,135.75578,"('DPDK', 1)",0.20526456832885742,0.9752945303916931
185.49477,142.37497,"('DPDK', 1)",0.20522581040859222,0.9752715229988098
168.95605,147.0961,"('DPDK', 1)",0.20519421994686127,0.9752560257911682
181.21442,148.85724,"('DPDK', 1)",0.20521791279315948,0.9752700924873352
151.65474,149.62122,"('DPDK', 1)",0.20515525341033936,0.975242555141449
164.9421,147.31833,"('DPDK', 1)",0.20518554747104645,0.9752534627914429
151.17046,144.54523,"('DPDK', 1)",0.20515409111976624,0.9752418994903564
109.237625,140.60814,"('DPDK', 1)",0.20500199496746063,0.9749975800514221
74.97339,133.26596,"('OAI', 1)",0.16878193616867065,0.9326560497283936
153.57036,122.34634,"('DPDK', 1)",0.2051597684621811,0.9752435088157654
157.60274,116.512276,"('DPDK', 1)",0.20516912639141083,0.9752452969551086
159.03976,114.298676,"('DPDK', 1)",0.20517240464687347,0.9752485156059265
142.65604,114.588936,"('DPDK', 1)",0.20513150095939636,0.9752106070518494
69.46322,115.11023,"('OAI', 1)",0.15869279205799103,0.9341263175010681
55.305344,110.27977,"('OAI', 1)",0.12775014340877533,0.9353281855583191
67.37357,102.116135,"('OAI', 1)",0.15465784072875977,0.9346787333488464
60.81263,93.83052,"('OAI', 1)",0.14022938907146454,0.9357785582542419
35.830948,85.32877,"('OAI', 1)",0.07478361576795578,0.9310795664787292
40.99383,76.0543,"('OAI', 1)",0.08289285749197006,0.9333584308624268
28.905474,68.10612,"('OAI', 1)",0.05662687495350838,0.9264535307884216
30.256275,60.783916,"('OAI', 1)",0.05712427571415901,0.9274011254310608
36.76713,54.87652,"('OAI', 1)",0.07712378352880478,0.9316577911376953
24.669191,51.11395,"('OAI', 1)",0.061828989535570145,0.9230750203132629
19.263079,48.257267,"('OAI', 1)",0.05099411681294441,0.9209598898887634
14.285483,46.207165,"('OAI', 1)",0.038796860724687576,0.9197282791137695
10.74827,44.99783,"('OAI', 1)",0.02811344526708126,0.9159497022628784
9.635912,44.32017,"('OAI', 1)",0.02436106465756893,0.9144802689552307
12.296306,45.00084,"('OAI', 1)",0.032770056277513504,0.9174029231071472
9.353482,46.516495,"('OAI', 1)",0.023339560255408287,0.9138138890266418
26.238722,48.567856,"('OAI', 1)",0.060191620141267776,0.9244621396064758
6.932722,51.99887,"('OAI', 1)",0.02184714935719967,0.9076939821243286
4.2110705,55.21316,"('DPDK', 1)",0.2046753168106079,0.9466240406036377
7.262102,58.185425,"('OAI', 1)",0.02525707148015499,0.9085866212844849
19.120996,60.99216,"('OAI', 1)",0.05069204047322273,0.9209736585617065
19.019718,64.13971,"('OAI', 1)",0.05046926811337471,0.920975923538208
13.363261,67.44476,"('OAI', 1)",0.03609992936253548,0.9186756014823914
26.612963,70.42613,"('OAI', 1)",0.05916302278637886,0.9247705936431885
49.037807,73.621796,"('OAI', 1)",0.11042865365743637,0.9345951080322266
44.618042,77.48117,"('OAI', 1)",0.09559714049100876,0.9339202642440796
53.24999,81.05859,"('OAI', 1)",0.12239570170640945,0.9351287484169006
37.063435,84.566124,"('OAI', 1)",0.07717912644147873,0.9318197965621948
65.05332,87.035965,"('OAI', 1)",0.14986713230609894,0.9353266954421997
45.76074,89.68448,"('OAI', 1)",0.09957268089056015,0.9340940117835999
48.33248,91.50166,"('OAI', 1)",0.10817430168390274,0.9344839453697205
47.59852,92.65984,"('OAI', 1)",0.10578649491071701,0.934377908706665
45.601402,93.180275,"('OAI', 1)",0.09902556985616684,0.934074342250824
40.847015,93.15158,"('OAI', 1)",0.08239644020795822,0.9333441257476807
49.49134,92.57704,"('OAI', 1)",0.11186163872480392,0.9346585273742676
39.35213,92.101036,"('OAI', 1)",0.07755991071462631,0.9331087470054626
51.57736,91.26077,"('OAI', 1)",0.11790161579847336,0.9349498152732849
45.10816,90.82692,"('OAI', 1)",0.09731587022542953,0.9339908361434937
46.441254,90.357056,"('OAI', 1)",0.10191141813993454,0.9342073798179626
47.86325,89.969315,"('OAI', 1)",0.10666381567716599,0.9344291687011719
46.81507,89.69612,"('OAI', 1)",0.10316368192434311,0.9342672824859619
54.941513,89.46232,"('OAI', 1)",0.12681248784065247,0.9352957606315613
57.913555,89.60237,"('OAI', 1)",0.13392670452594757,0.9355525374412537
64.45061,90.03371,"('OAI', 1)",0.14857526123523712,0.935501217842102
84.734375,90.82518,"('OAI', 1)",0.19134490191936493,0.930026113986969
89.43616,92.57027,"('OAI', 1)",0.2025539129972458,0.9288899302482605
95.09265,94.83313,"('DPDK', 1)",0.20492993295192719,0.9748586416244507
116.45649,97.340515,"('DPDK', 1)",0.20503531396389008,0.9749959707260132
110.5908,100.78046,"('DPDK', 1)",0.205008402466774,0.9749981164932251
90.29175,104.89874,"('OAI', 1)",0.20450136065483093,0.9286741018295288
106.25156,107.50481,"('DPDK', 1)",0.20498758554458618,0.9749729633331299
111.97953,109.5032,"('DPDK', 1)",0.2050148993730545,0.9749955534934998
157.32037,111.212395,"('DPDK', 1)",0.2051684707403183,0.9752488732337952
90.0452,115.853195,"('OAI', 1)",0.20394839346408844,0.9287335872650146
111.48443,116.684494,"('DPDK', 1)",0.20501260459423065,0.9749972820281982
84.331215,116.73533,"('OAI', 1)",0.19032108783721924,0.930127739906311
115.93183,114.217926,"('DPDK', 1)",0.20503295958042145,0.9749997854232788
90.684715,112.75119,"('DPDK', 1)",0.20491234958171844,0.9748064875602722
97.2563,110.09043,"('DPDK', 1)",0.20494157075881958,0.9748815894126892
116.110115,107.51463,"('DPDK', 1)",0.20503376424312592,0.9749969840049744
104.69551,106.55769,"('DPDK', 1)",0.20497991144657135,0.9749577641487122
98.62007,105.780655,"('DPDK', 1)",0.2049488127231598,0.9748928546905518
88.28511,104.75937,"('OAI', 1)",0.19992372393608093,0.9291521310806274
93.04925,102.92327,"('DPDK', 1)",0.2049206793308258,0.9748337864875793
103.402275,101.14799,"('DPDK', 1)",0.20497344434261322,0.9749464392662048
115.61651,100.28931,"('DPDK', 1)",0.20503154397010803,0.9749963879585266
105.98318,100.9088,"('DPDK', 1)",0.20498625934123993,0.974969208240509
101.52836,101.60408,"('DPDK', 1)",0.20496392250061035,0.9749253988265991
93.87445,101.95252,"('DPDK', 1)",0.2049243003129959,0.9748446941375732
121.52259,101.4824,"('DPDK', 1)",0.20505765080451965,0.9750185608863831
147.67044,102.5731,"('DPDK', 1)",0.20514503121376038,0.9752365946769714
86.001045,106.28287,"('OAI', 1)",0.19445471465587616,0.9297006130218506
71.6562,106.57965,"('OAI', 1)",0.16278333961963654,0.9335352182388306
90.38323,103.94363,"('OAI', 1)",0.20469729602336884,0.9286550283432007
88.44154,101.21106,"('OAI', 1)",0.20029215514659882,0.9291107058525085
63.888714,98.53856,"('OAI', 1)",0.14733578264713287,0.9356659650802612
63.444954,94.44928,"('OAI', 1)",0.14635755121707916,0.9357894659042358
70.55473,90.03765,"('OAI', 1)",0.1607532501220703,0.9338381290435791
109.474495,86.399345,"('DPDK', 1)",0.20500312745571136,0.9749937057495117
113.2492,86.34869,"('DPDK', 1)",0.20502077043056488,0.9749984741210938
127.2281,88.66474,"('DPDK', 1)",0.20508219301700592,0.9750785231590271
119.59765,93.16995,"('DPDK', 1)",0.20504917204380035,0.9749963879585266
124.417435,97.910866,"('DPDK', 1)",0.20507024228572845,0.9750502109527588
129.22223,102.63118,"('DPDK', 1)",0.20509012043476105,0.9750952124595642
136.25363,107.13048,"('DPDK', 1)",0.2051127851009369,0.9751558303833008
123.09104,111.47971,"('DPDK', 1)",0.20506452023983002,0.9750374555587769
122.58746,114.238304,"('DPDK', 1)",0.20506232976913452,0.9750311970710754
172.04932,115.71453,"('DPDK', 1)",0.20520035922527313,0.9752586483955383
144.73619,119.902,"('DPDK', 1)",0.20513717830181122,0.9752275943756104
123.531456,123.00495,"('DPDK', 1)",0.20506642758846283,0.9750409126281738
105.49957,123.58169,"('DPDK', 1)",0.2049838900566101,0.9749648571014404
90.68089,121.28353,"('DPDK', 1)",0.20491234958171844,0.9748076796531677
116.90153,116.49112,"('DPDK', 1)",0.20503729581832886,0.9749962687492371
121.28235,112.70935,"('DPDK', 1)",0.2050565928220749,0.9750186204910278
114.49497,110.17103,"('DPDK', 1)",0.20502646267414093,0.9749955534934998
107.936104,108.112045,"('DPDK', 1)",0.2049957662820816,0.9749882817268372
81.53328,106.10747,"('OAI', 1)",0.18339818716049194,0.9308502674102783
53.969044,102.45796,"('OAI', 1)",0.12429340928792953,0.9351967573165894
40.68331,96.351746,"('OAI', 1)",0.08181744068861008,0.9333142638206482
36.38574,88.644,"('OAI', 1)",0.07626133412122726,0.9314273595809937
41.040794,80.58253,"('OAI', 1)",0.08305751532316208,0.9333788752555847
28.115791,73.24389,"('OAI', 1)",0.05634893849492073,0.9258833527565002
32.80276,66.138115,"('OAI', 1)",0.06423633545637131,0.929157555103302
42.37999,60.584816,"('OAI', 1)",0.08749856799840927,0.9335669875144958
30.06864,57.58212,"('OAI', 1)",0.05701099708676338,0.9272817373275757
34.8933,55.815422,"('OAI', 1)",0.07227655500173569,0.9305105805397034
30.378153,55.232853,"('OAI', 1)",0.057212818413972855,0.9274987578392029
26.947882,55.285618,"('OAI', 1)",0.05825744941830635,0.9250084161758423
19.314795,56.13136,"('OAI', 1)",0.051106590777635574,0.920922040939331
17.49266,57.10314,"('OAI', 1)",0.0470421202480793,0.9212052226066589
13.14434,58.315105,"('OAI', 1)",0.03543092682957649,0.9184078574180603
9.837476,59.53681,"('OAI', 1)",0.025052567943930626,0.914879560470581
11.811033,60.630676,"('OAI', 1)",0.031356800347566605,0.9167730212211609
14.140249,62.042194,"('OAI', 1)",0.03837202861905098,0.9195544123649597
20.584944,63.78768,"('OAI', 1)",0.05022795870900154,0.920760452747345
25.257082,66.0831,"('OAI', 1)",0.06233539059758186,0.9236025810241699
19.582651,68.80004,"('OAI', 1)",0.05166866257786751,0.920910656452179
10.032614,71.41499,"('OAI', 1)",0.025743922218680382,0.9152761101722717
8.222973,73.42283,"('OAI', 1)",0.02164422534406185,0.9111522436141968
17.399887,74.95831,"('OAI', 1)",0.04681726172566414,0.9212161302566528
12.973848,76.60124,"('OAI', 1)",0.03490697219967842,0.9182142615318298
9.375704,78.054115,"('OAI', 1)",0.023423543199896812,0.9138625860214233
35.44527,79.28589,"('OAI', 1)",0.07376705855131149,0.9308497309684753
25.297451,81.27956,"('OAI', 1)",0.06227501109242439,0.9236423373222351
21.583462,83.20485,"('OAI', 1)",0.05128436163067818,0.9206380844116211
35.37829,84.84286,"('OAI', 1)",0.07358025759458542,0.930809736251831
51.725655,86.67607,"('OAI', 1)",0.1182912066578865,0.9349711537361145
26.135418,89.03664,"('OAI', 1)",0.060476262122392654,0.9243671894073486
27.398415,90.47121,"('OAI', 1)",0.05705009773373604,0.9253499507904053
40.390644,91.27431,"('OAI', 1)",0.08075486868619919,0.9332695603370667
36.455772,92.08795,"('OAI', 1)",0.07644783705472946,0.9314533472061157
35.991096,92.648026,"('OAI', 1)",0.07521944493055344,0.9311764240264893
59.462097,92.96533,"('OAI', 1)",0.1373414844274521,0.9356643557548523
70.74177,93.93887,"('OAI', 1)",0.16108550131320953,0.9337719082832336
48.235813,95.57446,"('OAI', 1)",0.1078689768910408,0.9344674944877625
61.5672,96.545685,"('OAI', 1)",0.1420145183801651,0.935814619064331
56.768803,97.47645,"('OAI', 1)",0.13134759664535522,0.9354677796363831
53.10568,97.914474,"('OAI', 1)",0.12201764434576035,0.935097336769104
54.909496,97.75556,"('OAI', 1)",0.12673109769821167,0.9352909326553345
57.932507,97.26209,"('OAI', 1)",0.1339636743068695,0.9355571269989014
63.59575,96.68628,"('OAI', 1)",0.1466914862394333,0.9357589483261108
73.307526,96.27083,"('OAI', 1)",0.16581885516643524,0.9331266283988953
74.53403,96.33956,"('OAI', 1)",0.1680132895708084,0.9328009486198425
95.47765,96.60716,"('DPDK', 1)",0.20493198931217194,0.9748604893684387
80.325615,97.93238,"('OAI', 1)",0.180649533867836,0.9311632513999939
71.02965,98.805336,"('OAI', 1)",0.16162964701652527,0.9336923360824585
84.25396,98.73196,"('OAI', 1)",0.19010619819164276,0.9301461577415466
82.63589,99.0158,"('OAI', 1)",0.18600405752658844,0.930568277835846
68.0883,99.2313,"('OAI', 1)",0.15604163706302643,0.9344848394393921
63.583466,98.4187,"('OAI', 1)",0.14665822684764862,0.9357536435127258
65.72674,96.70936,"('OAI', 1)",0.151310533285141,0.9351430535316467
68.68428,94.742836,"('OAI', 1)",0.15721574425697327,0.9343136548995972
74.858574,92.97561,"('OAI', 1)",0.1685844212770462,0.9326883554458618
73.02527,91.85123,"('OAI', 1)",0.16529276967048645,0.9331789016723633
67.18517,91.06493,"('OAI', 1)",0.15428782999515533,0.9347375631332397
76.14307,90.19958,"('OAI', 1)",0.1710779219865799,0.9323285818099976
67.216385,89.897835,"('OAI', 1)",0.15434576570987701,0.9347192049026489
78.086845,89.36938,"('OAI', 1)",0.17541207373142242,0.931782603263855
91.41595,89.413826,"('DPDK', 1)",0.20491419732570648,0.974816620349884
75.60118,90.563705,"('OAI', 1)",0.1700136363506317,0.9324888586997986
114.28625,91.370895,"('DPDK', 1)",0.20502552390098572,0.9749994277954102
95.760216,94.434326,"('DPDK', 1)",0.2049335241317749,0.9748663902282715
86.2879,97.15955,"('OAI', 1)",0.19515696167945862,0.9296344518661499
105.07639,98.690674,"('DPDK', 1)",0.20498178899288177,0.974962592124939
102.55403,100.63971,"('DPDK', 1)",0.2049691528081894,0.9749346971511841
93.13059,102.39449,"('DPDK', 1)",0.20492100715637207,0.9748343229293823
100.24506,103.11806,"('DPDK', 1)",0.20495732128620148,0.9749143719673157
85.17624,103.639015,"('OAI', 1)",0.1924525797367096,0.9299062490463257
100.05582,102.84548,"('DPDK', 1)",0.20495633780956268,0.9749079346656799
85.38433,102.42931,"('OAI', 1)",0.19296595454216003,0.9298596382141113
66.051285,101.1631,"('OAI', 1)",0.15199103951454163,0.9350507259368896
79.3076,98.18232,"('OAI', 1)",0.17826537787914276,0.9314479827880859
94.194496,95.480125,"('DPDK', 1)",0.2049257904291153,0.9748479723930359
105.304794,94.22819,"('DPDK', 1)",0.2049829214811325,0.9749611616134644
103.84105,94.72783,"('DPDK', 1)",0.2049756497144699,0.9749454259872437
121.959984,96.07402,"('DPDK', 1)",0.20505957305431366,0.9750260710716248
106.13031,99.051506,"('DPDK', 1)",0.20498698949813843,0.9749692678451538
117.31018,101.49017,"('DPDK', 1)",0.2050391137599945,0.9749965667724609
123.70512,104.15476,"('DPDK', 1)",0.20506717264652252,0.9750439524650574
129.87015,107.054535,"('DPDK', 1)",0.20509225130081177,0.9751031994819641
152.97195,110.18383,"('DPDK', 1)",0.20515836775302887,0.9752421975135803
142.0512,114.738754,"('DPDK', 1)",0.20512984693050385,0.9752059578895569
141.90454,118.72289,"('DPDK', 1)",0.20512942969799042,0.9752048254013062
127.135445,121.90315,"('DPDK', 1)",0.20508180558681488,0.9750770926475525
133.55258,123.08934,"('DPDK', 1)",0.20510421693325043,0.9751351475715637
149.67422,123.4381,"('DPDK', 1)",0.205150306224823,0.9752429127693176
127.821915,124.361984,"('DPDK', 1)",0.2050846815109253,0.9750784635543823
84.92028,123.807785,"('OAI', 1)",0.19184352457523346,0.9299623966217041
119.11226,119.28174,"('DPDK', 1)",0.20504705607891083,0.9749970436096191
124.194435,115.569,"('DPDK', 1)",0.20506928861141205,0.9750470519065857
123.92303,112.961075,"('DPDK', 1)",0.20506811141967773,0.9750490188598633
114.48821,111.250824,"('DPDK', 1)",0.20502643287181854,0.9749956130981445
72.96354,109.55104,"('OAI', 1)",0.16517937183380127,0.9332137107849121
80.21902,105.03456,"('OAI', 1)",0.18036743998527527,0.9312036633491516
83.92515,100.02256,"('OAI', 1)",0.189285546541214,0.9302350878715515
67.22142,95.48663,"('OAI', 1)",0.1543528139591217,0.934709906578064
57.047813,90.56737,"('OAI', 1)",0.13197651505470276,0.9354774355888367
81.25918,85.3174,"('OAI', 1)",0.18277369439601898,0.9309322834014893
74.919106,82.167786,"('OAI', 1)",0.1686837524175644,0.9326767325401306
61.99679,80.15731,"('OAI', 1)",0.14306892454624176,0.9358509182929993
61.182533,78.16877,"('OAI', 1)",0.1410820186138153,0.9357925057411194
78.48594,76.4309,"('OAI', 1)",0.17634789645671844,0.9316896796226501
64.7769,76.33447,"('OAI', 1)",0.14925995469093323,0.9354041814804077
64.61161,76.27537,"('OAI', 1)",0.14891460537910461,0.935459315776825
58.906513,76.31685,"('OAI', 1)",0.13612371683120728,0.9356326460838318
50.532467,76.0303,"('OAI', 1)",0.1150156781077385,0.9348005056381226
36.061085,75.07671,"('OAI', 1)",0.07540007680654526,0.931227445602417
28.281935,72.882645,"('OAI', 1)",0.05640404298901558,0.926003634929657
37.26256,69.74005,"('OAI', 1)",0.07720934599637985,0.9319364428520203
25.034924,67.33971,"('OAI', 1)",0.06223170831799507,0.9234001040458679
16.853811,64.87638,"('OAI', 1)",0.04551251605153084,0.9211602807044983
13.872422,62.549675,"('OAI', 1)",0.03760289028286934,0.9192536473274231
25.74843,61.03142,"('OAI', 1)",0.06155787780880928,0.924053430557251
26.439188,61.02464,"('OAI', 1)",0.05964537337422371,0.9246122241020203
18.541235,62.026783,"('OAI', 1)",0.04941936209797859,0.921054482460022
18.111235,63.221367,"('OAI', 1)",0.048459310084581375,0.9211194515228271
19.301754,64.7137,"('OAI', 1)",0.051078248769044876,0.9209508895874023
17.090982,66.42753,"('OAI', 1)",0.046085257083177567,0.9212659001350403
17.438549,68.25988,"('OAI', 1)",0.04691000655293465,0.9212141633033752
17.819344,70.1405,"('OAI', 1)",0.047796059399843216,0.9211581945419312
14.653749,72.00587,"('OAI', 1)",0.03982030227780342,0.920051097869873
18.598833,73.676834,"('OAI', 1)",0.04955397918820381,0.9210550785064697
34.029118,75.39017,"('OAI', 1)",0.06852816790342331,0.92995685338974
36.145676,77.598434,"('OAI', 1)",0.07561426609754562,0.9312679171562195
29.06677,80.02875,"('OAI', 1)",0.05668439343571663,0.9265863299369812
48.525642,82.13694,"('OAI', 1)",0.10881791263818741,0.9345248937606812
47.365314,84.6012,"('OAI', 1)",0.10500774532556534,0.9343537092208862
66.56969,86.96542,"('OAI', 1)",0.15302984416484833,0.9348911643028259
57.763447,89.70027,"('OAI', 1)",0.13359767198562622,0.9355466365814209
53.194027,92.101746,"('OAI', 1)",0.12225490063428879,0.935107409954071
76.666046,93.84932,"('OAI', 1)",0.1721431463956833,0.9321929812431335
77.43792,95.88139,"('OAI', 1)",0.17388129234313965,0.9319486618041992
85.89107,97.74984,"('OAI', 1)",0.19421111047267914,0.9297327995300293
59.755318,99.57336,"('OAI', 1)",0.13797809183597565,0.9356937408447266
59.01051,99.824814,"('OAI', 1)",0.13636386394500732,0.9356308579444885
115.2499,99.07743,"('DPDK', 1)",0.20502988994121552,0.9749952554702759
72.15629,100.37007,"('OAI', 1)",0.16371136903762817,0.933404803276062
62.841156,100.412186,"('OAI', 1)",0.14502093195915222,0.9359104037284851
120.230095,99.48952,"('DPDK', 1)",0.2050519436597824,0.9750065803527832
96.88182,101.1474,"('DPDK', 1)",0.2049395740032196,0.9748761653900146
113.70017,102.83912,"('DPDK', 1)",0.20502284169197083,0.9749959707260132
91.28367,105.50186,"('DPDK', 1)",0.20491385459899902,0.9748125672340393
106.44926,106.61418,"('DPDK', 1)",0.20498855412006378,0.9749742150306702
101.337814,107.80982,"('DPDK', 1)",0.20496295392513275,0.9749242663383484
107.43669,108.430084,"('DPDK', 1)",0.2049933522939682,0.9749830961227417
110.77095,109.06389,"('DPDK', 1)",0.20500925183296204,0.9749975204467773
122.43892,109.737854,"('DPDK', 1)",0.205061674118042,0.9750284552574158
102.66821,111.12537,"('DPDK', 1)",0.20496973395347595,0.9749350547790527
124.147385,111.2674,"('DPDK', 1)",0.20506907999515533,0.9750478267669678
97.26558,112.19352,"('DPDK', 1)",0.20494163036346436,0.9748825430870056
175.80557,111.40986,"('DPDK', 1)",0.20520766079425812,0.9752616286277771
117.589775,115.42172,"('DPDK', 1)",0.2050403505563736,0.9749971628189087
135.26399,117.30785,"('DPDK', 1)",0.20510965585708618,0.9751482605934143
150.5974,119.19723,"('DPDK', 1)",0.2051527202129364,0.975241482257843
120.69855,121.83172,"('DPDK', 1)",0.20505401492118835,0.9750107526779175
109.38629,122.30157,"('DPDK', 1)",0.20500271022319794,0.974995493888855
138.29971,120.63294,"('DPDK', 1)",0.20511914789676666,0.9751706719398499
114.356384,119.997665,"('DPDK', 1)",0.2050258368253708,0.9749957919120789
141.84627,118.13233,"('DPDK', 1)",0.20512928068637848,0.9752026200294495
116.866234,117.81539,"('DPDK', 1)",0.20503714680671692,0.9749966859817505
140.93631,116.46596,"('DPDK', 1)",0.20512674748897552,0.9751951694488525
110.49284,116.48704,"('DPDK', 1)",0.20500795543193817,0.974996030330658
145.02937,114.94523,"('DPDK', 1)",0.2051379680633545,0.9752300381660461
131.78839,115.25727,"('DPDK', 1)",0.20509852468967438,0.9751179218292236
127.6101,115.52604,"('DPDK', 1)",0.20508380234241486,0.9750775098800659
147.5856,115.44065,"('DPDK', 1)",0.20514480769634247,0.9752406477928162
140.5484,116.61218,"('DPDK', 1)",0.20512567460536957,0.975195586681366
139.73943,117.79682,"('DPDK', 1)",0.2051234096288681,0.9751855731010437
174.7188,118.77415,"('DPDK', 1)",0.20520555973052979,0.9752606153488159
147.28651,122.13287,"('DPDK', 1)",0.2051440179347992,0.9752398133277893
132.77483,124.29542,"('DPDK', 1)",0.20510171353816986,0.9751250147819519
162.74535,124.49889,"('DPDK', 1)",0.20518070459365845,0.9752504825592041
176.20695,125.76558,"('DPDK', 1)",0.2052084356546402,0.9752598404884338
205.06758,128.42233,"('DPDK', 1)",0.20525974035263062,0.9752902984619141
208.96588,133.74031,"('DPDK', 1)",0.20526611804962158,0.9752945303916931
224.34192,140.1891,"('DPDK', 1)",0.20529015362262726,0.9753069877624512
243.28746,147.74016,"('DPDK', 1)",0.20531760156154633,0.9753129482269287
219.95462,156.46031,"('DPDK', 1)",0.20528346300125122,0.9753075242042542
172.2784,162.80031,"('DPDK', 1)",0.20520080626010895,0.9752607345581055
202.85797,163.20895,"('DPDK', 1)",0.20525607466697693,0.9752912521362305
215.56174,162.67485,"('DPDK', 1)",0.20527663826942444,0.9753028154373169
204.27579,162.44432,"('DPDK', 1)",0.20525842905044556,0.9752905368804932
167.80154,161.36464,"('DPDK', 1)",0.2051917463541031,0.9752587080001831
87.68987,156.95831,"('OAI', 1)",0.19851656258106232,0.9292973279953003
