Actual_Traffic,Predicted_Traffic,OAI_Instances,Energy_Wh_Autoscaler,QoS_Score_Autoscaler,Energy_Wh_DPDK,QoS_Score_DPDK,Energy_Wh_OAI1x,QoS_Score_OAI1x
167.81863,132.57086,1,0.3838858902454376,0.9189786314964294,0.20519179105758667,0.9752588868141174,0.3838858902454376,0.9189786314964294
160.09944,138.10303,1,0.36626043915748596,0.919345498085022,0.2051747888326645,0.9752485752105713,0.36626043915748596,0.919345498085022
158.9883,141.49438,1,0.363643616437912,0.9194085001945496,0.20517228543758392,0.9752481579780579,0.363643616437912,0.9194085001945496
176.37837,143.1701,1,0.4034426808357239,0.9185638427734375,0.20520876348018646,0.9752596020698547,0.4034426808357239,0.9185638427734375
155.88342,144.84843,1,0.3562797009944916,0.9195637106895447,0.20516516268253326,0.9752465486526489,0.3562797009944916,0.9195637106895447
151.22221,144.57474,1,0.34486252069473267,0.9198136329650879,0.2051542103290558,0.975242555141449,0.34486252069473267,0.9198136329650879
193.24802,142.78683,1,0.43932822346687317,0.9145486950874329,0.2052396535873413,0.9752804636955261,0.43932822346687317,0.9145486950874329
171.16562,143.47183,1,0.391643226146698,0.9187905192375183,0.20519861578941345,0.9752567410469055,0.391643226146698,0.9187905192375183
263.77927,143.55887,1,0.5848300457000732,0.9119371175765991,0.2053450047969818,0.9752077460289001,0.5848300457000732,0.9119371175765991
205.65248,150.52281,1,0.4668690860271454,0.9107938408851624,0.20526070892810822,0.9752936959266663,0.4668690860271454,0.9107938408851624
211.1239,155.69266,1,0.47942185401916504,0.9106944799423218,0.20526959002017975,0.9752954840660095,0.47942185401916504,0.9106944799423218
228.69154,159.81682,1,0.5176352262496948,0.9111000299453735,0.20529665052890778,0.9753121137619019,0.5176352262496948,0.9111000299453735
277.7315,164.11769,1,0.6093001961708069,0.9123108983039856,0.20536144077777863,0.9751262664794922,0.6093001961708069,0.9123108983039856
230.90446,171.79828,1,0.5221505761146545,0.9111583232879639,0.20529991388320923,0.975314736366272,0.5221505761146545,0.9111583232879639
217.47331,176.38463,1,0.4937428832054138,0.9108384847640991,0.2052796334028244,0.9753014445304871,0.4937428832054138,0.9108384847640991
198.65396,177.6268,1,0.45047375559806824,0.9129344820976257,0.20524899661540985,0.9752857685089111,0.45047375559806824,0.9129344820976257
226.23712,175.18945,1,0.5125980973243713,0.9110416173934937,0.20529299974441528,0.9753099083900452,0.5125980973243713,0.9110416173934937
233.50075,173.15959,1,0.5273720622062683,0.9112063646316528,0.20530369877815247,0.975318431854248,0.5273720622062683,0.9112063646316528
198.14981,171.92079,1,0.4493987262248993,0.913062572479248,0.2052481323480606,0.9752839207649231,0.4493987262248993,0.913062572479248
190.36385,168.25017,1,0.4334329068660736,0.9153944253921509,0.2052345722913742,0.975278913974762,0.4334329068660736,0.9153944253921509
202.63823,163.08983,1,0.4598254859447479,0.9117535352706909,0.20525571703910828,0.9752909541130066,0.4598254859447479,0.9117535352706909
204.8867,158.63371,1,0.4650863707065582,0.9110863208770752,0.20525944232940674,0.9752917885780334,0.4650863707065582,0.9110863208770752
224.00758,155.14442,1,0.5079256892204285,0.9109979867935181,0.20528964698314667,0.975307047367096,0.5079256892204285,0.9109979867935181
206.33327,154.11372,1,0.4684043228626251,0.9105610251426697,0.20526182651519775,0.9752947092056274,0.4684043228626251,0.9105610251426697
220.22345,153.0389,1,0.49979516863822937,0.9108980894088745,0.20528388023376465,0.9753078818321228,0.49979516863822937,0.9108980894088745
216.26312,153.28917,1,0.491047203540802,0.9108145833015442,0.20527774095535278,0.9753021001815796,0.491047203540802,0.9108145833015442
230.04115,153.81046,1,0.5204153060913086,0.9111248254776001,0.20529864728450775,0.9753154516220093,0.5204153060913086,0.9111248254776001
233.72758,155.57584,1,0.5278295278549194,0.911220908164978,0.20530402660369873,0.975317656993866,0.5278295278549194,0.911220908164978
220.42496,158.05424,1,0.5002512335777283,0.9109179973602295,0.20528419315814972,0.975308358669281,0.5002512335777283,0.9109179973602295
218.26634,159.48703,1,0.49548524618148804,0.9108709692955017,0.2052808552980423,0.9753040671348572,0.49548524618148804,0.9108709692955017
209.71397,160.0349,1,0.47624123096466064,0.9106602072715759,0.20526732504367828,0.975295901298523,0.47624123096466064,0.9106602072715759
242.821,159.2354,1,0.5457314252853394,0.9114142060279846,0.205316960811615,0.9753177165985107,0.5457314252853394,0.9114142060279846
234.8087,160.52933,1,0.5300241708755493,0.9112388491630554,0.20530559122562408,0.9753196835517883,0.5300241708755493,0.9112388491630554
250.99388,161.98045,1,0.5612600445747375,0.9115909337997437,0.20532816648483276,0.9752705693244934,0.5612600445747375,0.9115909337997437
251.5332,164.74489,1,0.5622506141662598,0.9115905165672302,0.20532889664173126,0.9752720594406128,0.5622506141662598,0.9115905165672302
270.57608,167.86038,1,0.5968983173370361,0.9121125340461731,0.2053534984588623,0.975172221660614,0.5968983173370361,0.9121125340461731
323.4708,172.39241,1,0.6817196607589722,0.9133796095848083,0.20540781319141388,0.9748014211654663,0.6817196607589722,0.9133796095848083
364.17914,181.62831,1,0.7380342483520508,0.9142097234725952,0.20544390380382538,0.974484384059906,0.7380342483520508,0.9142097234725952
332.8105,195.69612,1,0.6952676177024841,0.9135816097259521,0.2054164856672287,0.9747412800788879,0.6952676177024841,0.9135816097259521
365.72552,207.85478,1,0.7400743961334229,0.9141974449157715,0.20544518530368805,0.9744670987129211,0.7400743961334229,0.9141974449157715
302.6668,220.48029,1,0.6501490473747253,0.9128987789154053,0.20538759231567383,0.9749462008476257,0.6501490473747253,0.9128987789154053
331.95566,225.73328,1,0.6940221190452576,0.913587212562561,0.20541569590568542,0.9747480154037476,0.6940221190452576,0.913587212562561
336.08884,229.12688,1,0.6999006867408752,0.9136719107627869,0.20541946589946747,0.9747199416160583,0.6999006867408752,0.9136719107627869
309.27673,231.0214,1,0.6604148745536804,0.9130778312683105,0.20539416372776031,0.9748959541320801,0.6604148745536804,0.9130778312683105
295.21872,229.198,1,0.6383002996444702,0.9127337336540222,0.20538000762462616,0.974999189376831,0.6383002996444702,0.9127337336540222
275.668,224.33305,1,0.6057528257369995,0.9122485518455505,0.20535917580127716,0.9751445651054382,0.6057528257369995,0.9122485518455505
244.0287,216.57713,1,0.5480468273162842,0.9114343523979187,0.2053186297416687,0.9753122329711914,0.5480468273162842,0.9114343523979187
160.53145,205.35156,1,0.3672748804092407,0.9193324446678162,0.20517577230930328,0.9752492308616638,0.3672748804092407,0.9193324446678162
160.71133,186.3285,1,0.36768877506256104,0.919313371181488,0.20517617464065552,0.975250780582428,0.36768877506256104,0.919313371181488
157.0701,165.34459,1,0.35910308361053467,0.9195073246955872,0.20516790449619293,0.9752487540245056,0.35910308361053467,0.9195073246955872
154.244,145.65286,1,0.3523274064064026,0.9196509718894958,0.20516134798526764,0.9752436876296997,0.3523274064064026,0.9196509718894958
136.81113,128.06458,1,0.3116036057472229,0.9206079244613647,0.20511452853679657,0.975161075592041,0.3116036057472229,0.9206079244613647
126.43498,112.45508,1,0.2890643775463104,0.9212682843208313,0.2050788551568985,0.9750683903694153,0.2890643775463104,0.9212682843208313
98.2447,99.26164,1,0.2227175235748291,0.9271240234375,0.204946830868721,0.9748924970626831,0.2227175235748291,0.9271240234375
83.880226,86.891174,1,0.1891704648733139,0.9302535653114319,0.2048945426940918,0.9747267365455627,0.1891704648733139,0.9302535653114319
85.43559,75.52336,1,0.19307947158813477,0.929842472076416,0.20489872992038727,0.9747477769851685,0.19307947158813477,0.929842472076416
65.63837,66.09406,1,0.1511140763759613,0.9351592063903809,0.204839289188385,0.974071204662323,0.1511140763759613,0.9351592063903809
62.175,57.695076,1,0.14350101351737976,0.9358612298965454,0.20482710003852844,0.973908543586731,0.14350101351737976,0.9358612298965454
61.911446,51.153027,1,0.14285209774971008,0.9358461499214172,0.20482614636421204,0.973897397518158,0.14285209774971008,0.9358461499214172
65.129135,46.536804,1,0.15002799034118652,0.9353035092353821,0.20483754575252533,0.9740475416183472,0.15002799034118652,0.9353035092353821
38.70569,43.814198,1,0.07744943350553513,0.9328182339668274,0.20474159717559814,0.9708859324455261,0.07744943350553513,0.9328182339668274
40.42183,41.00074,1,0.08087226003408432,0.9332758188247681,0.20474295318126678,0.9712404608726501,0.08087226003408432,0.9332758188247681
30.927319,38.78989,1,0.0577789731323719,0.9278846979141235,0.20473460853099823,0.9689356684684753,0.0577789731323719,0.9278846979141235
30.075228,36.71226,1,0.05702527239918709,0.9272772073745728,0.204733744263649,0.9686670303344727,0.05702527239918709,0.9272772073745728
24.1078,35.06571,1,0.05900733545422554,0.9225593209266663,0.204726904630661,0.9665037393569946,0.05900733545422554,0.9225593209266663
24.730207,33.719078,1,0.061958689242601395,0.9231364130973816,0.20472769439220428,0.9667544960975647,0.061958689242601395,0.9231364130973816
21.124332,32.924942,1,0.04997851327061653,0.9207010865211487,0.20472285151481628,0.9656045436859131,0.04997851327061653,0.9207010865211487
23.100521,32.533653,1,0.05541231110692024,0.9215840101242065,0.20472559332847595,0.9662037491798401,0.05541231110692024,0.9215840101242065
32.196175,32.73537,1,0.062151748687028885,0.9287486672401428,0.2047358602285385,0.9693260788917542,0.062151748687028885,0.9287486672401428
42.098076,34.102688,1,0.08652319759130478,0.9335293769836426,0.20474421977996826,0.9714808464050293,0.08652319759130478,0.9335293769836426
39.22251,37.13358,1,0.07753639668226242,0.9330810904502869,0.20474201440811157,0.970995306968689,0.07753639668226242,0.9330810904502869
27.164865,40.821266,1,0.05768640711903572,0.9251723885536194,0.2047305852174759,0.9676845669746399,0.05768640711903572,0.9251723885536194
34.475304,43.79078,1,0.07048975676298141,0.930245578289032,0.20473797619342804,0.9699255228042603,0.07048975676298141,0.930245578289032
25.93506,46.81943,1,0.06103586032986641,0.9242063164710999,0.20472915470600128,0.9672212600708008,0.06103586032986641,0.9242063164710999
29.580711,49.89114,1,0.05684124305844307,0.9269354343414307,0.2047332227230072,0.9685097336769104,0.05684124305844307,0.9269354343414307
47.99836,53.12534,1,0.10709816962480545,0.9344441890716553,0.2047690749168396,0.9722381830215454,0.10709816962480545,0.9344441890716553
70.49388,57.159122,1,0.16063188016414642,0.9338476061820984,0.20485535264015198,0.9742832183837891,0.16063188016414642,0.9338476061820984
90.06549,62.740284,1,0.20396114885807037,0.9287272691726685,0.2049107849597931,0.9748006463050842,0.20396114885807037,0.9287272691726685
83.12714,69.42563,1,0.18723157048225403,0.9304466843605042,0.20489250123500824,0.974719226360321,0.18723157048225403,0.9304466843605042
97.02323,75.508286,1,0.21983027458190918,0.927355170249939,0.2049403339624405,0.9748762845993042,0.21983027458190918,0.927355170249939
80.496445,82.04031,1,0.1810111105442047,0.9311312437057495,0.20488525927066803,0.9746828079223633,0.1810111105442047,0.9311312437057495
97.226845,87.42571,1,0.2202908843755722,0.9273259043693542,0.20494142174720764,0.9748806357383728,0.2202908843755722,0.9273259043693542
92.727,92.35304,1,0.20994563400745392,0.9281836748123169,0.20491938292980194,0.9748325347900391,0.20994563400745392,0.9281836748123169
101.9575,96.12636,1,0.23156143724918365,0.9264402985572815,0.20496612787246704,0.9749300479888916,0.23156143724918365,0.9264402985572815
119.30823,99.48097,1,0.2727782130241394,0.9224511384963989,0.20504790544509888,0.9749975204467773,0.2727782130241394,0.9224511384963989
88.71131,103.42039,1,0.20091839134693146,0.9290467500686646,0.20490732789039612,0.974785566329956,0.20091839134693146,0.9290467500686646
69.21647,105.04396,1,0.15822584927082062,0.9341727495193481,0.20485123991966248,0.9742226004600525,0.15822584927082062,0.9341727495193481
83.45688,103.74762,1,0.18807731568813324,0.9303463101387024,0.20489339530467987,0.9747198820114136,0.18807731568813324,0.9303463101387024
78.56983,101.90057,1,0.17654849588871002,0.9316543936729431,0.2048797905445099,0.9746472835540771,0.17654849588871002,0.9316543936729431
88.632385,99.52343,1,0.20072904229164124,0.9290658235549927,0.2049071192741394,0.9747849106788635,0.20072904229164124,0.9290658235549927
75.12909,97.794785,1,0.16906411945819855,0.9326167702674866,0.20486968755722046,0.9744967222213745,0.16906411945819855,0.9326167702674866
75.80483,95.653244,1,0.1704336255788803,0.932427167892456,0.20487171411514282,0.9745274782180786,0.1704336255788803,0.932427167892456
81.228355,93.57291,1,0.18271273374557495,0.9309245347976685,0.2048873007297516,0.9746935963630676,0.18271273374557495,0.9309245347976685
95.57491,92.12005,1,0.21644344925880432,0.9276165962219238,0.20493251085281372,0.9748634099960327,0.21644344925880432,0.9276165962219238
99.05851,92.181656,1,0.2247098833322525,0.9269607067108154,0.20495112240314484,0.9748979806900024,0.2247098833322525,0.9269607067108154
92.43672,93.34268,1,0.20928363502025604,0.9282341599464417,0.20491819083690643,0.9748263955116272,0.20928363502025604,0.9282341599464417
144.76991,94.54843,1,0.329182505607605,0.9201452732086182,0.20513726770877838,0.975228488445282,0.329182505607605,0.9201452732086182
173.03966,99.35691,1,0.39591801166534424,0.9187219142913818,0.20520229637622833,0.9752606749534607,0.39591801166534424,0.9187219142913818
183.64317,107.73045,1,0.41927996277809143,0.9174770712852478,0.20522241294384003,0.975269615650177,0.41927996277809143,0.9174770712852478
204.849,118.00802,1,0.46498581767082214,0.9111028909683228,0.20525938272476196,0.975293755531311,0.46498581767082214,0.9111028909683228
243.3266,129.77039,1,0.5467134714126587,0.9114155173301697,0.2053176611661911,0.9753127098083496,0.5467134714126587,0.9114155173301697
205.10437,144.01102,1,0.46558982133865356,0.9109974503517151,0.2052597999572754,0.9752923846244812,0.46558982133865356,0.9109974503517151
181.0352,154.85373,1,0.41363760828971863,0.9181718230247498,0.20521757006645203,0.9752671718597412,0.41363760828971863,0.9181718230247498
148.8819,160.53767,1,0.3390166163444519,0.9199515581130981,0.20514823496341705,0.9752389788627625,0.3390166163444519,0.9199515581130981
144.54718,159.96182,1,0.32869404554367065,0.9201350808143616,0.20513665676116943,0.9752275943756104,0.32869404554367065,0.9201350808143616
156.44606,155.52339,1,0.35759982466697693,0.9195472002029419,0.20516645908355713,0.9752453565597534,0.35759982466697693,0.9195472002029419
136.00374,150.182,1,0.3099214434623718,0.9206421971321106,0.20511199533939362,0.9751578569412231,0.3099214434623718,0.9206421971321106
130.83182,143.2411,1,0.29883161187171936,0.9209867119789124,0.20509541034698486,0.9751105904579163,0.29883161187171936,0.9209867119789124
107.83934,135.777,1,0.24619226157665253,0.9254208207130432,0.2049953043460846,0.9749886989593506,0.24619226157665253,0.9254208207130432
101.24243,127.08393,1,0.22990167140960693,0.9265729188919067,0.20496246218681335,0.9749253392219543,0.22990167140960693,0.9265729188919067
109.53982,118.20716,1,0.25027820467948914,0.9251325726509094,0.20500344038009644,0.9749959707260132,0.25027820467948914,0.9251325726509094
105.47917,110.81401,1,0.24041219055652618,0.9258344173431396,0.20498378574848175,0.9749642014503479,0.24041219055652618,0.9258344173431396
114.62478,104.76828,1,0.2620842456817627,0.923774003982544,0.20502705872058868,0.9749968647956848,0.2620842456817627,0.923774003982544
111.96395,100.86544,1,0.25598517060279846,0.9244780540466309,0.20501482486724854,0.9749964475631714,0.25598517060279846,0.9244780540466309
126.29993,98.45238,1,0.28874754905700684,0.9212751388549805,0.20507827401161194,0.9750660061836243,0.28874754905700684,0.9212751388549805
119.598206,98.25397,1,0.2734389901161194,0.9223565459251404,0.20504917204380035,0.9749963879585266,0.2734389901161194,0.9223565459251404
153.53519,98.882484,1,0.350583553314209,0.9196968674659729,0.20515969395637512,0.975243866443634,0.350583553314209,0.9196968674659729
168.09651,102.4637,1,0.3845418095588684,0.9189441800117493,0.20519238710403442,0.9752545356750488,0.3845418095588684,0.9189441800117493
139.95586,108.4196,1,0.3183014690876007,0.9204041957855225,0.20512402057647705,0.9751889109611511,0.3183014690876007,0.9204041957855225
176.5917,113.00333,1,0.40390849113464355,0.9185526967048645,0.2052091658115387,0.9752615690231323,0.40390849113464355,0.9185526967048645
160.74718,119.08099,1,0.3677632212638855,0.9193143248558044,0.2051762491464615,0.9752500057220459,0.3677632212638855,0.9193143248558044
214.69365,124.03036,1,0.48754721879959106,0.9107661843299866,0.2052752673625946,0.975300669670105,0.48754721879959106,0.9107661843299866
215.17982,131.9407,1,0.4886026084423065,0.9108005166053772,0.20527604222297668,0.9753010869026184,0.4886026084423065,0.9108005166053772
164.78413,140.5329,1,0.37707316875457764,0.9191007018089294,0.205185204744339,0.9752548933029175,0.37707316875457764,0.9191007018089294
175.81477,144.54947,1,0.4021848738193512,0.918565034866333,0.2052076756954193,0.9752582311630249,0.4021848738193512,0.918565034866333
189.42035,146.4316,1,0.4314844310283661,0.9156967997550964,0.2052328884601593,0.975275993347168,0.4314844310283661,0.9156967997550964
169.71008,147.7864,1,0.3883005976676941,0.9188616275787354,0.20519572496414185,0.9752573370933533,0.3883005976676941,0.9188616275787354
187.61433,147.0128,1,0.42772185802459717,0.9162448048591614,0.20522965490818024,0.9752779006958008,0.42772185802459717,0.9162448048591614
187.9461,146.5374,1,0.42841893434524536,0.9161340594291687,0.205230250954628,0.9752758741378784,0.42841893434524536,0.9161340594291687
165.27438,146.16405,1,0.37817102670669556,0.9190770983695984,0.20518627762794495,0.9752517342567444,0.37817102670669556,0.9190770983695984
216.03633,144.06464,1,0.49054306745529175,0.910798192024231,0.20527738332748413,0.9753032922744751,0.49054306745529175,0.910798192024231
231.21889,145.26698,1,0.5227966904640198,0.9111679196357727,0.20530037581920624,0.9753167629241943,0.5227966904640198,0.9111679196357727
224.02861,149.19711,1,0.5079526305198669,0.910996675491333,0.20528967678546906,0.9753096103668213,0.5079526305198669,0.910996675491333
276.95377,153.59848,1,0.6079912185668945,0.9122883677482605,0.20536059141159058,0.9751346111297607,0.6079912185668945,0.9122883677482605
299.09906,162.07382,1,0.6445090174674988,0.9128377437591553,0.20538398623466492,0.9749726057052612,0.6445090174674988,0.9128377437591553
290.775,173.5078,1,0.6311032772064209,0.9126269817352295,0.20537540316581726,0.9750306010246277,0.6311032772064209,0.9126269817352295
319.28912,184.44478,1,0.6755337119102478,0.913305938243866,0.2054038643836975,0.9748297929763794,0.6755337119102478,0.913305938243866
306.79672,196.21399,1,0.6565669178962708,0.9130008220672607,0.20539171993732452,0.9749155640602112,0.6565669178962708,0.9130008220672607
328.66425,205.61783,1,0.6892973184585571,0.9134998321533203,0.20541267096996307,0.9747689366340637,0.6892973184585571,0.9134998321533203
265.40518,214.42374,1,0.5877172350883484,0.9119694232940674,0.20534707605838776,0.9752013683319092,0.5877172350883484,0.9119694232940674
239.59126,215.90271,1,0.53945392370224,0.911343514919281,0.20531241595745087,0.9753218293190002,0.53945392370224,0.911343514919281
241.27301,211.07204,1,0.5427607297897339,0.9113786220550537,0.2053147852420807,0.9753230810165405,0.5427607297897339,0.9113786220550537
194.81544,203.41605,1,0.4425579011440277,0.9140470027923584,0.20524239540100098,0.9752799868583679,0.4425579011440277,0.9140470027923584
155.04216,190.95915,1,0.3542332649230957,0.9196422696113586,0.20516321063041687,0.9752432703971863,0.3542332649230957,0.9196422696113586
162.71187,174.20079,1,0.37233707308769226,0.9192216396331787,0.20518063008785248,0.9752508997917175,0.37233707308769226,0.9192216396331787
150.38388,157.79584,1,0.3428034782409668,0.9198856353759766,0.20515216886997223,0.9752388000488281,0.3428034782409668,0.9198856353759766
140.64842,142.267,1,0.31977730989456177,0.9203668832778931,0.20512595772743225,0.9751944541931152,0.31977730989456177,0.9203668832778931
135.4528,128.11267,1,0.30878230929374695,0.9206727147102356,0.20511025190353394,0.9751518368721008,0.30878230929374695,0.9206727147102356
119.32405,115.7791,1,0.27282172441482544,0.922425389289856,0.20504797995090485,0.9749968647956848,0.27282172441482544,0.922425389289856
83.31167,104.85489,1,0.1877215951681137,0.9303730130195618,0.20489300787448883,0.9747201800346375,0.1877215951681137,0.9303730130195618
80.40553,93.072266,1,0.18081973493099213,0.9311501383781433,0.20488499104976654,0.9746814966201782,0.18081973493099213,0.9311501383781433
74.489586,82.169014,1,0.16792264580726624,0.9328052997589111,0.20486776530742645,0.9744696021080017,0.16792264580726624,0.9328052997589111
54.762165,72.73556,1,0.12635086476802826,0.9352706670761108,0.2047986090183258,0.9731707572937012,0.12635086476802826,0.9352706670761108
59.223022,63.751873,1,0.13682736456394196,0.9356563091278076,0.20481617748737335,0.973698616027832,0.13682736456394196,0.9356563091278076
53.618916,56.537556,1,0.12337256222963333,0.9351572394371033,0.20479387044906616,0.9730120301246643,0.12337256222963333,0.9351572394371033
55.065426,51.12442,1,0.1271255910396576,0.9352985620498657,0.2047998458147049,0.9732125997543335,0.1271255910396576,0.9352985620498657
50.95166,47.593014,1,0.11617148667573929,0.9348692893981934,0.20478244125843048,0.9726263284683228,0.11617148667573929,0.9348692893981934
49.909725,45.392776,1,0.1131659522652626,0.9347221851348877,0.2047778069972992,0.9724698066711426,0.1131659522652626,0.9347221851348877
33.689598,44.333397,1,0.06702392548322678,0.9297435283660889,0.20473726093769073,0.9697360992431641,0.06702392548322678,0.9297435283660889
36.130592,43.154583,1,0.0755818709731102,0.9312630295753479,0.20473945140838623,0.9703143239021301,0.0755818709731102,0.9312630295753479
94.31413,42.456753,1,0.21356908977031708,0.9278721213340759,0.20492634177207947,0.9748479723930359,0.21356908977031708,0.9278721213340759
69.679634,46.492237,1,0.159111887216568,0.9340530633926392,0.20485273003578186,0.9742458462715149,0.159111887216568,0.9340530633926392
40.35557,51.566177,1,0.08063607662916183,0.9332592487335205,0.204742893576622,0.9712290167808533,0.08063607662916183,0.9332592487335205
47.79619,54.488663,1,0.1064305379986763,0.9344168901443481,0.2047681361436844,0.9722110033035278,0.1064305379986763,0.9344168901443481
29.732046,56.623924,1,0.0569036491215229,0.9270460605621338,0.20473338663578033,0.9685547947883606,0.0569036491215229,0.9270460605621338
27.387207,56.875854,1,0.05708076432347298,0.9253440499305725,0.2047308385372162,0.967764675617218,0.05708076432347298,0.9253440499305725
23.441996,55.973217,1,0.05630623176693916,0.9219245910644531,0.20472604036331177,0.966301679611206,0.05630623176693916,0.9219245910644531
22.697931,54.391273,1,0.054338473826646805,0.921190083026886,0.20472505688667297,0.9660857915878296,0.054338473826646805,0.921190083026886
38.346462,52.734238,1,0.07738583534955978,0.9325937032699585,0.20474129915237427,0.9708074927330017,0.07738583534955978,0.9325937032699585
26.634794,52.758568,1,0.059107113629579544,0.9247862696647644,0.20472997426986694,0.9674907922744751,0.059107113629579544,0.9247862696647644
28.000238,53.12628,1,0.0563042052090168,0.9258036017417908,0.2047315239906311,0.9679768681526184,0.0563042052090168,0.9258036017417908
46.256893,54.51236,1,0.10127299278974533,0.9341759085655212,0.20476080477237701,0.9720208644866943,0.10127299278974533,0.9341759085655212
47.451702,57.415955,1,0.10530779510736465,0.9343658089637756,0.20476651191711426,0.9721701741218567,0.10530779510736465,0.9343658089637756
85.047905,61.12632,1,0.19212418794631958,0.9299519658088684,0.2048976868391037,0.974742591381073,0.19212418794631958,0.9299519658088684
85.524704,66.8087,1,0.19331224262714386,0.9298391938209534,0.20489896833896637,0.974747359752655,0.19331224262714386,0.9298391938209534
68.78471,73.03218,1,0.15739236772060394,0.934295654296875,0.20484982430934906,0.974202573299408,0.15739236772060394,0.934295654296875
87.43983,77.77415,1,0.19791480898857117,0.9293650388717651,0.20490403473377228,0.974769115447998,0.19791480898857117,0.9293650388717651
85.92962,82.60968,1,0.1942802518606186,0.9297340512275696,0.20490005612373352,0.97475266456604,0.1942802518606186,0.9297340512275696
89.05439,87.32147,1,0.20168942213058472,0.9289721250534058,0.20490820705890656,0.9747890830039978,0.20168942213058472,0.9289721250534058
105.43518,91.480095,1,0.2402944415807724,0.925834059715271,0.20498356223106384,0.9749634265899658,0.2402944415807724,0.925834059715271
79.13189,95.85271,1,0.17786173522472382,0.931490421295166,0.20488139986991882,0.9746665954589844,0.17786173522472382,0.931490421295166
54.21966,98.01002,1,0.12494360655546188,0.9352262616157532,0.20479637384414673,0.9730941653251648,0.12494360655546188,0.9352262616157532
61.17377,97.0054,1,0.14105577766895294,0.9357892870903015,0.20482344925403595,0.9738619327545166,0.14105577766895294,0.9357892870903015
70.55815,94.69399,1,0.16075266897678375,0.9338265061378479,0.2048555612564087,0.9742864966392517,0.16075266897678375,0.9338265061378479
66.061646,92.493324,1,0.15200915932655334,0.9350466728210449,0.2048407346010208,0.974091649055481,0.15200915932655334,0.9350466728210449
60.384045,90.27749,1,0.13931895792484283,0.9357365965843201,0.20482052862644196,0.9737993478775024,0.13931895792484283,0.9357365965843201
75.49118,87.90848,1,0.1697964072227478,0.9325105547904968,0.2048707753419876,0.9745146036148071,0.1697964072227478,0.9325105547904968
69.344284,86.78372,1,0.15846684575080872,0.9341484308242798,0.2048516422510147,0.9742298722267151,0.15846684575080872,0.9341484308242798
60.484985,86.095955,1,0.1395336091518402,0.9357433319091797,0.204820916056633,0.9738107919692993,0.1395336091518402,0.9357433319091797
85.60705,85.17309,1,0.19352303445339203,0.9298012852668762,0.20489919185638428,0.9747474789619446,0.19352303445339203,0.9298012852668762
99.12348,85.74786,1,0.2248793989419937,0.9269601702690125,0.2049514651298523,0.9748979210853577,0.2248793989419937,0.9269601702690125
96.50794,88.10146,1,0.21859890222549438,0.9274559617042542,0.20493756234645844,0.9748712778091431,0.21859890222549438,0.9274559617042542
136.62521,91.16901,1,0.3112272024154663,0.920602023601532,0.20511394739151,0.9751579165458679,0.3112272024154663,0.920602023601532
165.25746,97.056694,1,0.37813669443130493,0.9190796613693237,0.20518623292446136,0.9752565622329712,0.37813669443130493,0.9190796613693237
201.20117,105.990746,1,0.4564528167247772,0.91217041015625,0.20525330305099487,0.9752883911132812,0.4564528167247772,0.91217041015625
186.84157,118.34305,1,0.42610546946525574,0.9164646863937378,0.20522825419902802,0.9752739071846008,0.42610546946525574,0.9164646863937378
184.8816,130.09695,1,0.42195746302604675,0.91709965467453,0.2052246779203415,0.9752689003944397,0.42195746302604675,0.91709965467453
196.51485,139.9163,1,0.4459204375743866,0.9135331511497498,0.20524533092975616,0.975283682346344,0.4459204375743866,0.9135331511497498
166.40164,148.24754,1,0.38072267174720764,0.9190451502799988,0.20518872141838074,0.9752550721168518,0.38072267174720764,0.9190451502799988
159.74878,152.42705,1,0.3654264807701111,0.9193757176399231,0.20517399907112122,0.9752519130706787,0.3654264807701111,0.9193757176399231
142.14774,153.07278,1,0.3231126368045807,0.9202762842178345,0.20513010025024414,0.9752056002616882,0.3231126368045807,0.9202762842178345
154.7196,150.11491,1,0.35345250368118286,0.9196261763572693,0.20516246557235718,0.9752476215362549,0.35345250368118286,0.9196261763572693
121.45088,146.34511,1,0.27762356400489807,0.9218696355819702,0.20505733788013458,0.975016713142395,0.27762356400489807,0.9218696355819702
97.36367,139.8341,1,0.22062207758426666,0.9272915720939636,0.20494215190410614,0.9748814105987549,0.22062207758426666,0.9272915720939636
93.29706,130.77536,1,0.21123285591602325,0.9280734062194824,0.2049216777086258,0.9748383164405823,0.21123285591602325,0.9280734062194824
114.29835,121.00414,1,0.261344850063324,0.9238629341125488,0.2050255686044693,0.9749948978424072,0.261344850063324,0.9238629341125488
100.23482,113.3904,1,0.2274954617023468,0.9267554879188538,0.2049572616815567,0.9749137759208679,0.2274954617023468,0.9267554879188538
122.00444,106.74867,1,0.27887606620788574,0.9218053221702576,0.20505976676940918,0.9750266671180725,0.27887606620788574,0.9218053221702576
131.61809,103.036674,1,0.3005511164665222,0.9209274649620056,0.2050979733467102,0.975119948387146,0.3005511164665222,0.9209274649620056
116.9332,102.09331,1,0.26730045676231384,0.9231146574020386,0.2050374448299408,0.9749961495399475,0.26730045676231384,0.9231146574020386
118.62009,101.81096,1,0.2712148427963257,0.9226132035255432,0.20504489541053772,0.9749952554702759,0.2712148427963257,0.9226132035255432
135.99228,102.1146,1,0.30989259481430054,0.9206480383872986,0.20511195063591003,0.9751574993133545,0.30989259481430054,0.9206480383872986
147.06065,103.99478,1,0.33447471261024475,0.9200529456138611,0.20514340698719025,0.9752400517463684,0.33447471261024475,0.9200529456138611
138.88687,107.37354,1,0.3160257339477539,0.9204691052436829,0.2051209658384323,0.9751774072647095,0.3160257339477539,0.9204691052436829
133.87578,110.64009,1,0.3054099977016449,0.9207836985588074,0.2051052451133728,0.9751380085945129,0.3054099977016449,0.9207836985588074
152.99687,113.11541,1,0.3492676019668579,0.9197434186935425,0.20515842735767365,0.9752420783042908,0.3492676019668579,0.9197434186935425
156.42882,116.266174,1,0.3575538694858551,0.9195508360862732,0.20516642928123474,0.975246012210846,0.3575538694858551,0.9195508360862732
169.48357,119.66715,1,0.3877803087234497,0.918889582157135,0.20519527792930603,0.9752573370933533,0.3877803087234497,0.918889582157135
163.75153,123.784134,1,0.37472450733184814,0.9191855788230896,0.20518292486667633,0.9752523303031921,0.37472450733184814,0.9191855788230896
158.65945,127.36136,1,0.3628688454627991,0.9194350838661194,0.20517154037952423,0.9752479195594788,0.3628688454627991,0.9194350838661194
137.43298,129.82559,1,0.3129061758518219,0.9205532073974609,0.20511646568775177,0.9751678109169006,0.3129061758518219,0.9205532073974609
152.37007,129.70532,1,0.3477132320404053,0.919761061668396,0.20515693724155426,0.9752402305603027,0.3477132320404053,0.919761061668396
127.012634,129.26483,1,0.2903577983379364,0.921210765838623,0.2050812840461731,0.975074827671051,0.2903577983379364,0.921210765838623
152.82056,126.67458,1,0.3488214910030365,0.9197341799736023,0.20515801012516022,0.975242018699646,0.3488214910030365,0.9197341799736023
176.77701,125.13153,1,0.4043274223804474,0.9185453057289124,0.20520952343940735,0.975260853767395,0.4043274223804474,0.9185453057289124
192.8659,126.07603,1,0.4385891258716583,0.9146297574043274,0.20523898303508759,0.975280225276947,0.4385891258716583,0.9146297574043274
183.42355,129.53204,1,0.4188106060028076,0.9175373315811157,0.2052220106124878,0.9752693176269531,0.4188106060028076,0.9175373315811157
184.99048,133.26189,1,0.422146201133728,0.9170510172843933,0.2052248865365982,0.9752712249755859,0.422146201133728,0.9170510172843933
187.21275,136.864,1,0.4268469512462616,0.9163336753845215,0.20522892475128174,0.9752758145332336,0.4268469512462616,0.9163336753845215
159.48889,140.0955,1,0.3648621439933777,0.9193881154060364,0.20517341792583466,0.9752499461174011,0.3648621439933777,0.9193881154060364
171.99127,140.51567,1,0.39352044463157654,0.9187530875205994,0.20520024001598358,0.9752599000930786,0.39352044463157654,0.9187530875205994
194.13834,140.29028,1,0.44116640090942383,0.914260983467102,0.20524121820926666,0.9752779603004456,0.44116640090942383,0.914260983467102
228.26318,141.33424,1,0.5167297124862671,0.9111091494560242,0.20529602468013763,0.9753111004829407,0.5167297124862671,0.9111091494560242
241.51047,145.5657,1,0.5431994795799255,0.9113965630531311,0.20531512796878815,0.9753258228302002,0.5431994795799255,0.9113965630531311
244.65935,152.08981,1,0.5492533445358276,0.9114519953727722,0.20531950891017914,0.9753086566925049,0.5492533445358276,0.9114519953727722
249.58542,159.36436,1,0.5586080551147461,0.9115530848503113,0.20532625913619995,0.9752788543701172,0.5586080551147461,0.9115530848503113
247.2396,166.57484,1,0.554192066192627,0.9115105271339417,0.20532307028770447,0.9752950072288513,0.554192066192627,0.9115105271339417
265.02014,172.58627,1,0.5870382189750671,0.9119719862937927,0.20534658432006836,0.9751996994018555,0.5870382189750671,0.9119719862937927
240.32338,178.59604,1,0.540852963924408,0.9113654494285583,0.20531345903873444,0.9753231406211853,0.540852963924408,0.9113654494285583
158.54979,181.61082,1,0.3626072406768799,0.9194355607032776,0.20517128705978394,0.9752473831176758,0.3626072406768799,0.9194355607032776
155.03574,175.80115,1,0.35420671105384827,0.9196165204048157,0.20516319572925568,0.9752472043037415,0.35420671105384827,0.9196165204048157
144.84698,165.74326,1,0.32937660813331604,0.920146644115448,0.2051374763250351,0.9752312302589417,0.32937660813331604,0.920146644115448
138.5144,153.57063,1,0.31520286202430725,0.9204872846603394,0.20511981844902039,0.9751744866371155,0.31520286202430725,0.9204872846603394
132.98547,141.0882,1,0.3035098910331726,0.9208371043205261,0.20510239899158478,0.9751279354095459,0.3035098910331726,0.9208371043205261
156.10445,129.43745,1,0.35678890347480774,0.9195694923400879,0.20516568422317505,0.9752453565597534,0.35678890347480774,0.9195694923400879
143.25058,121.33203,1,0.3256835341453552,0.9202010631561279,0.2051331251859665,0.9752140045166016,0.3256835341453552,0.9202010631561279
110.40299,114.91501,1,0.2523231506347656,0.9248831868171692,0.20500752329826355,0.9749963283538818,0.2523231506347656,0.9248831868171692
97.31256,107.75834,1,0.2204924076795578,0.927300214767456,0.20494188368320465,0.9748807549476624,0.2204924076795578,0.927300214767456
86.71901,100.15497,1,0.19619646668434143,0.9295238256454468,0.20490214228630066,0.9747635722160339,0.19619646668434143,0.9295238256454468
83.89701,92.42352,1,0.1892206370830536,0.930243968963623,0.20489458739757538,0.9747264981269836,0.1892206370830536,0.930243968963623
73.629074,85.389435,1,0.16638340055942535,0.9330320358276367,0.20486515760421753,0.9744284152984619,0.16638340055942535,0.9330320358276367
70.73996,78.83321,1,0.16108517348766327,0.9337726831436157,0.20485614240169525,0.974296510219574,0.16108517348766327,0.9337726831436157
68.29298,73.12324,1,0.1564578264951706,0.9344395995140076,0.20484821498394012,0.974188506603241,0.1564578264951706,0.9344395995140076
68.851295,68.54022,1,0.15752539038658142,0.9342710375785828,0.20485004782676697,0.9742053747177124,0.15752539038658142,0.9342710375785828
62.69631,65.33277,1,0.1446887105703354,0.9359058141708374,0.20482897758483887,0.9739331603050232,0.1446887105703354,0.9359058141708374
50.407566,62.96991,1,0.11466947942972183,0.9347937107086182,0.20478004217147827,0.9725430607795715,0.11466947942972183,0.9347937107086182
43.289658,60.5092,1,0.09083982557058334,0.9337062835693359,0.20474745333194733,0.9716411232948303,0.09083982557058334,0.9337062835693359
53.277107,57.935516,1,0.12247096747159958,0.9351184368133545,0.20479243993759155,0.9729617834091187,0.12247096747159958,0.9351184368133545
35.42388,56.518105,1,0.0736919566988945,0.9308375716209412,0.2047388255596161,0.9701516628265381,0.0736919566988945,0.9308375716209412
47.45612,54.70937,1,0.10531309992074966,0.9343644380569458,0.20476652681827545,0.9721707701683044,0.10531309992074966,0.9343644380569458
37.72016,53.982197,1,0.07728620618581772,0.9322159886360168,0.20474079251289368,0.970668375492096,0.07728620618581772,0.9322159886360168
21.84361,53.3402,1,0.05200605466961861,0.920611560344696,0.20472387969493866,0.9658264517784119,0.05200605466961861,0.920611560344696
25.453272,51.849167,1,0.06204019859433174,0.9237834215164185,0.20472857356071472,0.9670368432998657,0.06204019859433174,0.9237834215164185
17.19933,50.444008,1,0.046348828822374344,0.9212493300437927,0.20471659302711487,0.963661789894104,0.046348828822374344,0.9212493300437927
16.19572,48.881237,1,0.04388706758618355,0.9208359122276306,0.20471477508544922,0.9629391431808472,0.04388706758618355,0.9208359122276306
21.965464,47.955906,1,0.05234803631901741,0.9205697774887085,0.2047240436077118,0.9658629298210144,0.05234803631901741,0.9205697774887085
12.941642,48.28591,1,0.03480939939618111,0.9181896448135376,0.2047080397605896,0.9598395824432373,0.03480939939618111,0.9181896448135376
10.3884,49.447178,1,0.026939740404486656,0.9156204462051392,0.2047014832496643,0.9566335678100586,0.026939740404486656,0.9156204462051392
22.716663,50.97636,1,0.05440216138958931,0.9212117195129395,0.20472507178783417,0.9660900831222534,0.05440216138958931,0.9212117195129395
17.236969,53.464943,1,0.04644458368420601,0.9212648868560791,0.20471665263175964,0.9636893272399902,0.04644458368420601,0.9212648868560791
22.082718,56.33962,1,0.052679020911455154,0.9205663800239563,0.20472420752048492,0.965899646282196,0.052679020911455154,0.9205663800239563
30.278791,59.66705,1,0.05713461712002754,0.927423894405365,0.2047339528799057,0.9687337279319763,0.05713461712002754,0.927423894405365
40.8504,63.258694,1,0.08240928500890732,0.9333477020263672,0.20474328100681305,0.9713066220283508,0.08240928500890732,0.9333477020263672
46.865154,67.34016,1,0.10333060473203659,0.93427973985672,0.204763725399971,0.9720991253852844,0.10333060473203659,0.93427973985672
45.933895,71.68073,1,0.10017254203557968,0.9341214299201965,0.20475924015045166,0.9719833135604858,0.10017254203557968,0.9341214299201965
62.40672,75.533035,1,0.14404000341892242,0.9358788728713989,0.2048279345035553,0.9739208221435547,0.14404000341892242,0.9358788728713989
67.527664,79.41051,1,0.15496015548706055,0.934639573097229,0.20484566688537598,0.9741567969322205,0.15496015548706055,0.934639573097229
61.40251,83.43766,1,0.14160704612731934,0.9358037114143372,0.204824298620224,0.9738705158233643,0.14160704612731934,0.9358037114143372
59.779446,86.69107,1,0.13802412152290344,0.9356993436813354,0.20481827855110168,0.9737483859062195,0.13802412152290344,0.9356993436813354
77.649216,89.04557,1,0.17437221109867096,0.9319086074829102,0.20487713813781738,0.9746083617210388,0.17437221109867096,0.9319086074829102
88.1261,91.37253,1,0.1995464712381363,0.9291860461235046,0.20490582287311554,0.9747782349586487,0.1995464712381363,0.9291860461235046
98.43567,93.88165,1,0.22319982945919037,0.9270796179771423,0.2049478441476822,0.9748921394348145,0.22319982945919037,0.9270796179771423
92.40783,96.63087,1,0.20924054086208344,0.9282414317131042,0.20491808652877808,0.9748288989067078,0.20924054086208344,0.9282414317131042
113.16378,99.0436,1,0.2587521970272064,0.9241458177566528,0.20502038300037384,0.9749972820281982,0.2587521970272064,0.9241458177566528
107.78299,102.669106,1,0.24604517221450806,0.9254253506660461,0.2049950212240219,0.9749882221221924,0.24604517221450806,0.9254253506660461
117.49064,106.30153,1,0.26858341693878174,0.9229517579078674,0.20503991842269897,0.9749974608421326,0.26858341693878174,0.9229517579078674
113.30455,109.74867,1,0.25907671451568604,0.9241248369216919,0.20502102375030518,0.9749985933303833,0.25907671451568604,0.9241248369216919
132.88963,112.32339,1,0.303290456533432,0.9208411574363708,0.2051020860671997,0.9751277565956116,0.303290456533432,0.9208411574363708
126.8769,115.634346,1,0.2900863289833069,0.9212255477905273,0.20508071780204773,0.9750750660896301,0.2900863289833069,0.9212255477905273
135.38724,118.345,1,0.3086428642272949,0.9206928014755249,0.20511004328727722,0.9751485586166382,0.3086428642272949,0.9206928014755249
125.74337,120.927,1,0.2875082790851593,0.9213479161262512,0.2050759196281433,0.9750646352767944,0.2875082790851593,0.9213479161262512
119.95102,122.3274,1,0.27423515915870667,0.9222396016120911,0.20505070686340332,0.9750006794929504,0.27423515915870667,0.9222396016120911
132.6462,122.3607,1,0.30277618765830994,0.9208574295043945,0.20510129630565643,0.9751251339912415,0.30277618765830994,0.9208574295043945
141.31793,122.47727,1,0.32120996713638306,0.920305073261261,0.20512782037258148,0.97519850730896,0.32120996713638306,0.920305073261261
166.45233,123.144196,1,0.38085460662841797,0.9190265536308289,0.2051888406276703,0.9752559065818787,0.38085460662841797,0.9190265536308289
169.05531,125.91549,1,0.38678422570228577,0.918889582157135,0.20519442856311798,0.9752567410469055,0.38678422570228577,0.918889582157135
135.51059,129.61786,1,0.308874249458313,0.9206865429878235,0.20511044561862946,0.9751508831977844,0.308874249458313,0.9206865429878235
146.21497,130.83562,1,0.3325154185295105,0.920097291469574,0.20514115691184998,0.9752362370491028,0.3325154185295105,0.920097291469574
133.94232,131.29614,1,0.3055451810359955,0.9207839965820312,0.20510545372962952,0.9751383066177368,0.3055451810359955,0.9207839965820312
151.43454,130.1979,1,0.34538838267326355,0.9198132157325745,0.20515471696853638,0.9752417206764221,0.34538838267326355,0.9198132157325745
163.99442,129.59898,1,0.37526971101760864,0.9191416501998901,0.2051834613084793,0.9752517342567444,0.37526971101760864,0.9191416501998901
168.73743,130.1821,1,0.3860533833503723,0.9189075231552124,0.20519375801086426,0.9752546548843384,0.3860533833503723,0.9189075231552124
155.98973,131.64798,1,0.3565322458744049,0.9195744395256042,0.20516541600227356,0.9752457141876221,0.3565322458744049,0.9195744395256042
168.21689,132.41992,1,0.3848073482513428,0.9189330339431763,0.20519264042377472,0.9752549529075623,0.3848073482513428,0.9189330339431763
144.56384,133.61014,1,0.32872655987739563,0.9201713800430298,0.20513670146465302,0.9752272367477417,0.32872655987739563,0.9201713800430298
158.93347,133.01715,1,0.36352458596229553,0.919398844242096,0.20517215132713318,0.975247323513031,0.36352458596229553,0.919398844242096
181.49792,132.55666,1,0.4146994948387146,0.918046772480011,0.20521843433380127,0.9752699732780457,0.4146994948387146,0.918046772480011
171.81958,133.83588,1,0.3931245505809784,0.9187750220298767,0.20519991219043732,0.9752567410469055,0.3931245505809784,0.9187750220298767
139.85316,135.11754,1,0.31808632612228394,0.9204282164573669,0.20512373745441437,0.9751864075660706,0.31808632612228394,0.9204282164573669
151.79568,133.77475,1,0.34627851843833923,0.9197888970375061,0.20515558123588562,0.9752427935600281,0.34627851843833923,0.9197888970375061
169.12068,132.05754,1,0.38690856099128723,0.918910562992096,0.20519454777240753,0.9752563834190369,0.38690856099128723,0.918910562992096
163.76625,131.53891,1,0.37475740909576416,0.9191758036613464,0.2051829695701599,0.975252091884613,0.37475740909576416,0.9191758036613464
177.69397,131.2524,1,0.40636879205703735,0.9185123443603516,0.20521126687526703,0.9752631187438965,0.40636879205703735,0.9185123443603516
156.90071,132.20917,1,0.35868996381759644,0.9195168614387512,0.2051675170660019,0.9752488136291504,0.35868996381759644,0.9195168614387512
153.45547,132.0933,1,0.3503584861755371,0.9197098612785339,0.2051595002412796,0.975242555141449,0.3503584861755371,0.9197098612785339
162.88783,131.14307,1,0.37271198630332947,0.9192020297050476,0.20518101751804352,0.9752503633499146,0.37271198630332947,0.9192020297050476
161.65701,130.50005,1,0.3699006140232086,0.9192611575126648,0.20517829060554504,0.9752519130706787,0.3699006140232086,0.9192611575126648
152.30635,129.9638,1,0.3475722074508667,0.9197595119476318,0.20515678822994232,0.9752442240715027,0.3475722074508667,0.9197595119476318
135.81993,128.81319,1,0.30954709649086,0.920660138130188,0.20511141419410706,0.9751539826393127,0.30954709649086,0.920660138130188
134.02245,126.175766,1,0.30573806166648865,0.9207659363746643,0.205105721950531,0.9751400351524353,0.30573806166648865,0.9207659363746643
150.13704,122.89403,1,0.3421850800514221,0.9198905229568481,0.2051515281200409,0.9752387404441833,0.3421850800514221,0.9198905229568481
149.37303,120.80428,1,0.34027642011642456,0.9199341535568237,0.20514951646327972,0.9752400517463684,0.34027642011642456,0.9199341535568237
198.96866,119.53396,1,0.4511381685733795,0.9128167033195496,0.20524953305721283,0.9752856492996216,0.4511381685733795,0.9128167033195496
193.40034,122.69099,1,0.4396709203720093,0.9144817590713501,0.2052399218082428,0.9752834439277649,0.4396709203720093,0.9144817590713501
204.50197,127.52151,1,0.46420595049858093,0.9112166166305542,0.2052588164806366,0.975289523601532,0.46420595049858093,0.9112166166305542
221.4681,133.68524,1,0.5025240778923035,0.9109365940093994,0.20528578758239746,0.9753057360649109,0.5025240778923035,0.9109365940093994
231.17018,141.2065,1,0.5226729512214661,0.9111499786376953,0.20530030131340027,0.9753163456916809,0.5226729512214661,0.9111499786376953
242.74153,149.3594,1,0.5455920100212097,0.9114214777946472,0.20531684160232544,0.975317656993866,0.5455920100212097,0.9114214777946472
220.74861,157.78664,1,0.5009450316429138,0.9109289050102234,0.20528468489646912,0.9753039479255676,0.5009450316429138,0.9109289050102234
247.892,163.47844,1,0.5554125308990479,0.9115145802497864,0.2053239643573761,0.9752901196479797,0.5554125308990479,0.9115145802497864
243.67816,169.15746,1,0.5473939180374146,0.9114270210266113,0.2053181529045105,0.9753116965293884,0.5473939180374146,0.9114270210266113
212.8631,173.61028,1,0.4834028482437134,0.9107346534729004,0.205272376537323,0.9752985835075378,0.4834028482437134,0.9107346534729004
219.16844,174.188,1,0.4975098967552185,0.9108691811561584,0.20528225600719452,0.9753056168556213,0.4975098967552185,0.9108691811561584
208.1547,173.08542,1,0.47263702750205994,0.9106090068817139,0.20526480674743652,0.9752926826477051,0.47263702750205994,0.9106090068817139
188.92175,170.08844,1,0.4304617643356323,0.9158188104629517,0.20523199439048767,0.9752755165100098,0.4304617643356323,0.9158188104629517
124.26794,164.76352,1,0.2841408848762512,0.9215270280838013,0.20506960153579712,0.9750468134880066,0.2841408848762512,0.9215270280838013
146.38623,153.54858,1,0.33292892575263977,0.9200800061225891,0.20514161884784698,0.9752377271652222,0.33292892575263977,0.9200800061225891
141.64499,142.3761,1,0.32192984223365784,0.9203081727027893,0.2051287144422531,0.9752033352851868,0.32192984223365784,0.9203081727027893
131.68462,131.94614,1,0.30070969462394714,0.9209339022636414,0.2050981968641281,0.9751184582710266,0.30070969462394714,0.9209339022636414
118.341385,122.33324,1,0.27057167887687683,0.9227170944213867,0.20504367351531982,0.9749969244003296,0.27057167887687683,0.9227170944213867
91.267746,112.96826,1,0.20667552947998047,0.9284853339195251,0.20491382479667664,0.9748169183731079,0.20667552947998047,0.9284853339195251
80.49822,102.80727,1,0.18101105093955994,0.9311304688453674,0.20488525927066803,0.9746828079223633,0.18101105093955994,0.9311304688453674
79.81402,92.74087,1,0.17945320904254913,0.9313233494758606,0.20488333702087402,0.9746763110160828,0.17945320904254913,0.9313233494758606
61.39769,83.90635,1,0.14160597324371338,0.9358057379722595,0.2048242688179016,0.9738702774047852,0.14160597324371338,0.9358057379722595
59.933495,75.24126,1,0.13835304975509644,0.9357067942619324,0.20481885969638824,0.9737591743469238,0.13835304975509644,0.9357067942619324
58.852547,67.835434,1,0.13599839806556702,0.9356167912483215,0.20481476187705994,0.9736667275428772,0.13599839806556702,0.9356167912483215
52.12977,62.051167,1,0.11940770596265793,0.9350061416625977,0.20478755235671997,0.9727982878684998,0.11940770596265793,0.9350061416625977
59.64214,57.346786,1,0.13772742450237274,0.9356807470321655,0.2048177570104599,0.9737348556518555,0.13772742450237274,0.9356807470321655
47.419647,54.682243,1,0.10519405454397202,0.9343497157096863,0.20476636290550232,0.9721660017967224,0.10519405454397202,0.9343497157096863
37.066837,52.736645,1,0.07717251032590866,0.9318170547485352,0.2047402411699295,0.9705266952514648,0.07717251032590866,0.9318170547485352
33.074577,50.809525,1,0.0648784264922142,0.9293407201766968,0.20473669469356537,0.9695824384689331,0.0648784264922142,0.9293407201766968
32.80785,48.989525,1,0.06426375359296799,0.9291728138923645,0.20473644137382507,0.9695079326629639,0.06426375359296799,0.9291728138923645
31.524874,47.63147,1,0.05919964984059334,0.9282963871955872,0.20473520457744598,0.9691206812858582,0.05919964984059334,0.9282963871955872
22.87086,46.76069,1,0.05480377748608589,0.9213598966598511,0.20472528040409088,0.966137707233429,0.05480377748608589,0.9213598966598511
24.836267,45.81569,1,0.06204800680279732,0.9232262372970581,0.20472781360149384,0.9667970538139343,0.06204800680279732,0.9232262372970581
24.108303,45.275887,1,0.05900995805859566,0.922562837600708,0.204726904630661,0.9665044546127319,0.05900995805859566,0.922562837600708
26.85831,45.264843,1,0.05849360302090645,0.924950361251831,0.20473022758960724,0.967571496963501,0.05849360302090645,0.924950361251831
23.904787,46.142796,1,0.057979095727205276,0.9223613142967224,0.20472663640975952,0.9664362668991089,0.057979095727205276,0.9223613142967224
18.716005,47.623775,1,0.04981328919529915,0.9210193157196045,0.2047191560268402,0.9647111296653748,0.04981328919529915,0.9210193157196045
28.546646,49.76633,1,0.05649502947926521,0.9262060523033142,0.20473212003707886,0.9681641459465027,0.05649502947926521,0.9262060523033142
30.640917,52.65661,1,0.05740075185894966,0.9276890754699707,0.20473431050777435,0.9688443541526794,0.05740075185894966,0.9276890754699707
30.129128,56.050724,1,0.05704300478100777,0.9273326396942139,0.20473378896713257,0.968683123588562,0.05704300478100777,0.9273326396942139
44.94272,59.55647,1,0.09673681110143661,0.9339658617973328,0.20475436747074127,0.9718559980392456,0.09673681110143661,0.9339658617973328
46.39164,63.458206,1,0.10173612087965012,0.934190571308136,0.20476146042346954,0.972040057182312,0.10173612087965012,0.934190571308136
38.67284,67.50572,1,0.07744293659925461,0.9328012466430664,0.20474156737327576,0.9708753228187561,0.07744293659925461,0.9328012466430664
53.60131,71.01988,1,0.12332024425268173,0.9351601600646973,0.2047937959432602,0.9730087518692017,0.12332024425268173,0.9351601600646973
55.521793,74.45821,1,0.1282932162284851,0.935349702835083,0.20480169355869293,0.9732705354690552,0.1282932162284851,0.935349702835083
57.598766,77.63805,1,0.13322611153125763,0.9355255365371704,0.20480993390083313,0.9735218286514282,0.13322611153125763,0.9355255365371704
59.782448,80.51807,1,0.13803263008594513,0.9356978535652161,0.20481829345226288,0.9737479090690613,0.13803263008594513,0.9356978535652161
73.25185,83.03864,1,0.16570419073104858,0.9331335425376892,0.2048639953136444,0.9744156002998352,0.16570419073104858,0.9331335425376892
77.799576,85.71849,1,0.1747271567583084,0.9318748116493225,0.204877570271492,0.9746118783950806,0.1747271567583084,0.9318748116493225
119.01012,88.386925,1,0.2721032202243805,0.9224953055381775,0.205046609044075,0.9749957323074341,0.2721032202243805,0.9224953055381775
146.04866,92.639496,1,0.3321162164211273,0.9200863838195801,0.20514070987701416,0.9752361178398132,0.3321162164211273,0.9200863838195801
53.18158,99.71489,1,0.12221262603998184,0.9351150393486023,0.20479203760623932,0.972948431968689,0.12221262603998184,0.9351150393486023
68.69591,102.40274,1,0.1572234332561493,0.9343196749687195,0.20484954118728638,0.9741981029510498,0.1572234332561493,0.9343196749687195
72.03373,102.46103,1,0.16347774863243103,0.9334390759468079,0.20486021041870117,0.9743562340736389,0.16347774863243103,0.9334390759468079
87.44181,101.10752,1,0.1979198008775711,0.9293646216392517,0.20490403473377228,0.9747691750526428,0.1979198008775711,0.9293646216392517
73.647385,100.07694,1,0.1664232611656189,0.9330329298973083,0.2048652023077011,0.9744290113449097,0.1664232611656189,0.9330329298973083
62.24346,98.40278,1,0.14366276562213898,0.9358682036399841,0.20482735335826874,0.9739119410514832,0.14366276562213898,0.9358682036399841
54.839146,95.72207,1,0.12655262649059296,0.9352702498435974,0.20479892194271088,0.9731818437576294,0.12655262649059296,0.9352702498435974
82.00209,92.23203,1,0.1844591200351715,0.9307246804237366,0.2048894315958023,0.974704921245575,0.1844591200351715,0.9307246804237366
70.265594,90.49696,1,0.1601952165365219,0.933904767036438,0.20485462248325348,0.9742743372917175,0.1601952165365219,0.933904767036438
61.30834,89.17694,1,0.1413886696100235,0.9358060359954834,0.20482395589351654,0.9738690853118896,0.1413886696100235,0.9358060359954834
68.975784,87.6542,1,0.15776577591896057,0.9342445731163025,0.2048504501581192,0.9742109775543213,0.15776577591896057,0.9342445731163025
96.43427,86.64328,1,0.21844996511936188,0.9274662137031555,0.2049371600151062,0.9748707413673401,0.21844996511936188,0.9274662137031555
127.11754,87.70721,1,0.29060444235801697,0.9212148189544678,0.2050817310810089,0.9750787019729614,0.29060444235801697,0.9212148189544678
135.84245,92.18212,1,0.3095835745334625,0.9206568002700806,0.20511148869991302,0.975153923034668,0.3095835745334625,0.9206568002700806
147.35078,98.76851,1,0.33513379096984863,0.9200312495231628,0.20514418184757233,0.9752396941184998,0.33513379096984863,0.9200312495231628
157.97714,106.68558,1,0.36127737164497375,0.919460654258728,0.20516997575759888,0.975245475769043,0.36127737164497375,0.919460654258728
140.27396,115.19857,1,0.31897982954978943,0.920373260974884,0.20512491464614868,0.975191056728363,0.31897982954978943,0.920373260974884
138.32114,121.693275,1,0.3147851824760437,0.9204961657524109,0.20511922240257263,0.9751753807067871,0.3147851824760437,0.9204961657524109
110.246254,126.05446,1,0.25196531414985657,0.9249330759048462,0.20500677824020386,0.9749959707260132,0.25196531414985657,0.9249330759048462
127.01949,126.487434,1,0.2903873324394226,0.9212101101875305,0.20508131384849548,0.9750749468803406,0.2903873324394226,0.9212101101875305
105.736,125.87294,1,0.24105820059776306,0.9257747530937195,0.20498505234718323,0.9749683141708374,0.24105820059776306,0.9257747530937195
105.78033,123.07405,1,0.24117442965507507,0.9257771372795105,0.20498526096343994,0.9749682545661926,0.24117442965507507,0.9257771372795105
91.91358,119.258255,1,0.20811860263347626,0.928359866142273,0.2049160599708557,0.9748221635818481,0.20811860263347626,0.928359866142273
106.34636,114.21544,1,0.24255765974521637,0.9256840944290161,0.2049880474805832,0.9749723672866821,0.24255765974521637,0.9256840944290161
88.06931,110.062584,1,0.19940197467803955,0.9292089343070984,0.2049056738615036,0.9747790098190308,0.19940197467803955,0.9292089343070984
89.97066,105.4926,1,0.20378045737743378,0.928746223449707,0.204910546541214,0.9748003482818604,0.20378045737743378,0.928746223449707
102.31086,101.36467,1,0.23240332305431366,0.9263889789581299,0.2049679160118103,0.9749334454536438,0.23240332305431366,0.9263889789581299
85.77134,98.790085,1,0.19390253722667694,0.9297550916671753,0.2048996239900589,0.974751353263855,0.19390253722667694,0.9297550916671753
89.385086,96.2066,1,0.2024233192205429,0.9288969039916992,0.2049090564250946,0.974793553352356,0.2024233192205429,0.9288969039916992
103.14523,94.203514,1,0.23450270295143127,0.926235556602478,0.20497214794158936,0.974942147731781,0.23450270295143127,0.926235556602478
104.00907,93.72434,1,0.23673129081726074,0.9260817766189575,0.20497648417949677,0.9749522805213928,0.23673129081726074,0.9260817766189575
88.331825,94.23502,1,0.20004670321941376,0.9291437268257141,0.20490634441375732,0.974778950214386,0.20004670321941376,0.9291437268257141
88.48473,94.171394,1,0.20039869844913483,0.929107666015625,0.20490674674510956,0.9747838973999023,0.20039869844913483,0.929107666015625
92.345215,93.821785,1,0.20907683670520782,0.9282658100128174,0.20491783320903778,0.9748269319534302,0.20907683670520782,0.9282658100128174
79.33458,93.61966,1,0.17834362387657166,0.9314419627189636,0.2048819661140442,0.9746716618537903,0.17834362387657166,0.9314419627189636
88.38123,92.597145,1,0.20013856887817383,0.9291214942932129,0.20490647852420807,0.9747835397720337,0.20013856887817383,0.9291214942932129
113.81923,91.87962,1,0.26025325059890747,0.9239801168441772,0.205023393034935,0.9749979972839355,0.26025325059890747,0.9239801168441772
96.383064,93.22396,1,0.21833620965480804,0.9274734258651733,0.2049368917942047,0.9748697280883789,0.21833620965480804,0.9274734258651733
87.46976,94.37046,1,0.1979755163192749,0.9293531179428101,0.20490410923957825,0.974773645401001,0.1979755163192749,0.9293531179428101
96.38274,94.692055,1,0.21833620965480804,0.9274734258651733,0.2049368917942047,0.9748697280883789,0.21833620965480804,0.9274734258651733
99.599594,95.12719,1,0.22599473595619202,0.9268732666969299,0.20495395362377167,0.9749045968055725,0.22599473595619202,0.9268732666969299
119.86627,95.808174,1,0.27404674887657166,0.922282338142395,0.20505033433437347,0.9750005602836609,0.27404674887657166,0.922282338142395
120.96101,98.003,1,0.2765257954597473,0.9219654202461243,0.20505517721176147,0.9750111103057861,0.2765257954597473,0.9219654202461243
110.38349,100.90466,1,0.25228139758110046,0.9249125719070435,0.2050074338912964,0.974997878074646,0.25228139758110046,0.9249125719070435
134.36072,103.13183,1,0.30645743012428284,0.9207644462585449,0.20510679483413696,0.9751388430595398,0.30645743012428284,0.9207644462585449
145.39499,106.462204,1,0.33063822984695435,0.9201209545135498,0.2051389515399933,0.9752350449562073,0.33063822984695435,0.9201209545135498
164.71834,110.81697,1,0.3769288957118988,0.9191210865974426,0.20518505573272705,0.9752550721168518,0.3769288957118988,0.9191210865974426
178.10353,116.6747,1,0.40726858377456665,0.9184916019439697,0.2052120566368103,0.9752660393714905,0.40726858377456665,0.9184916019439697
177.61996,123.713974,1,0.40621209144592285,0.9185022711753845,0.20521113276481628,0.9752645492553711,0.40621209144592285,0.9185022711753845
169.52115,130.52884,1,0.387847363948822,0.9188810586929321,0.205195352435112,0.9752575755119324,0.387847363948822,0.9188810586929321
208.01245,135.75578,1,0.4723243713378906,0.9106189012527466,0.20526456832885742,0.9752945303916931,0.4723243713378906,0.9106189012527466
185.49477,142.37497,1,0.4232678711414337,0.9169011116027832,0.20522581040859222,0.9752715229988098,0.4232678711414337,0.9169011116027832
168.95605,147.0961,1,0.38652750849723816,0.9189276099205017,0.20519421994686127,0.9752560257911682,0.38652750849723816,0.9189276099205017
181.21442,148.85724,1,0.4140489995479584,0.9181151986122131,0.20521791279315948,0.9752700924873352,0.4140489995479584,0.9181151986122131
151.65474,149.62122,1,0.345956951379776,0.9197841286659241,0.20515525341033936,0.975242555141449,0.345956951379776,0.9197841286659241
164.9421,147.31833,1,0.37743887305259705,0.9191071391105652,0.20518554747104645,0.9752534627914429,0.37743887305259705,0.9191071391105652
151.17046,144.54523,1,0.34474244713783264,0.9198335409164429,0.20515409111976624,0.9752418994903564,0.34474244713783264,0.9198335409164429
109.237625,140.60814,1,0.24954015016555786,0.9251831769943237,0.20500199496746063,0.9749975800514221,0.24954015016555786,0.9251831769943237
74.97339,133.26596,1,0.16878193616867065,0.9326560497283936,0.20486922562122345,0.9744911193847656,0.16878193616867065,0.9326560497283936
153.57036,122.34634,1,0.350637823343277,0.9197092056274414,0.2051597684621811,0.9752435088157654,0.350637823343277,0.9197092056274414
157.60274,116.512276,1,0.3603593707084656,0.9194879531860352,0.20516912639141083,0.9752452969551086,0.3603593707084656,0.9194879531860352
159.03976,114.298676,1,0.36377742886543274,0.9194079637527466,0.20517240464687347,0.9752485156059265,0.36377742886543274,0.9194079637527466
142.65604,114.588936,1,0.32430851459503174,0.9202317595481873,0.20513150095939636,0.9752106070518494,0.32430851459503174,0.9202317595481873
69.46322,115.11023,1,0.15869279205799103,0.9341263175010681,0.20485202968120575,0.9742358922958374,0.15869279205799103,0.9341263175010681
55.305344,110.27977,1,0.12775014340877533,0.9353281855583191,0.2048008143901825,0.9732420444488525,0.12775014340877533,0.9353281855583191
67.37357,102.116135,1,0.15465784072875977,0.9346787333488464,0.20484516024589539,0.9741501808166504,0.15465784072875977,0.9346787333488464
60.81263,93.83052,1,0.14022938907146454,0.9357785582542419,0.2048221230506897,0.973838746547699,0.14022938907146454,0.9357785582542419
35.830948,85.32877,1,0.07478361576795578,0.9310795664787292,0.20473918318748474,0.9702447056770325,0.07478361576795578,0.9310795664787292
40.99383,76.0543,1,0.08289285749197006,0.9333584308624268,0.2047433853149414,0.9713267087936401,0.08289285749197006,0.9333584308624268
28.905474,68.10612,1,0.05662687495350838,0.9264535307884216,0.2047325074672699,0.9682837128639221,0.05662687495350838,0.9264535307884216
30.256275,60.783916,1,0.05712427571415901,0.9274011254310608,0.2047339230775833,0.9687238931655884,0.05712427571415901,0.9274011254310608
36.76713,54.87652,1,0.07712378352880478,0.9316577911376953,0.2047399878501892,0.9704609513282776,0.07712378352880478,0.9316577911376953
24.669191,51.11395,1,0.061828989535570145,0.9230750203132629,0.20472760498523712,0.9667307138442993,0.061828989535570145,0.9230750203132629
19.263079,48.257267,1,0.05099411681294441,0.9209598898887634,0.20472003519535065,0.9649685621261597,0.05099411681294441,0.9209598898887634
14.285483,46.207165,1,0.038796860724687576,0.9197282791137695,0.20471099019050598,0.96127849817276,0.038796860724687576,0.9197282791137695
10.74827,44.99783,1,0.02811344526708126,0.9159497022628784,0.20470252633094788,0.9570508599281311,0.02811344526708126,0.9159497022628784
9.635912,44.32017,1,0.02436106465756893,0.9144802689552307,0.20469918847084045,0.9559382796287537,0.02436106465756893,0.9144802689552307
12.296306,45.00084,1,0.032770056277513504,0.9174029231071472,0.20470651984214783,0.9590519070625305,0.032770056277513504,0.9174029231071472
9.353482,46.516495,1,0.023339560255408287,0.9138138890266418,0.20469829440116882,0.9556730389595032,0.023339560255408287,0.9138138890266418
26.238722,48.567856,1,0.060191620141267776,0.9244621396064758,0.20472951233386993,0.9673383831977844,0.060191620141267776,0.9244621396064758
6.932722,51.99887,1,0.02184714935719967,0.9076939821243286,0.2046893835067749,0.9524818658828735,0.02184714935719967,0.9076939821243286
4.2110705,55.21316,1,-0.011972406879067421,0.8971626162528992,0.2046753168106079,0.9466240406036377,-0.011972406879067421,0.8971626162528992
7.262102,58.185425,1,0.02525707148015499,0.9085866212844849,0.20469073951244354,0.9530375003814697,0.02525707148015499,0.9085866212844849
19.120996,60.99216,1,0.05069204047322273,0.9209736585617065,0.20471981167793274,0.9649156928062439,0.05069204047322273,0.9209736585617065
19.019718,64.13971,1,0.05046926811337471,0.920975923538208,0.2047196477651596,0.9648777842521667,0.05046926811337471,0.920975923538208
13.363261,67.44476,1,0.03609992936253548,0.9186756014823914,0.204708993434906,0.9603405594825745,0.03609992936253548,0.9186756014823914
26.612963,70.42613,1,0.05916302278637886,0.9247705936431885,0.20472994446754456,0.9674806594848633,0.05916302278637886,0.9247705936431885
49.037807,73.621796,1,0.11042865365743637,0.9345951080322266,0.20477387309074402,0.972362220287323,0.11042865365743637,0.9345951080322266
44.618042,77.48117,1,0.09559714049100876,0.9339202642440796,0.20475275814533234,0.9718159437179565,0.09559714049100876,0.9339202642440796
53.24999,81.05859,1,0.12239570170640945,0.9351287484169006,0.204792320728302,0.9729577898979187,0.12239570170640945,0.9351287484169006
37.063435,84.566124,1,0.07717912644147873,0.9318197965621948,0.2047402411699295,0.9705248475074768,0.07717912644147873,0.9318197965621948
65.05332,87.035965,1,0.14986713230609894,0.9353266954421997,0.20483727753162384,0.974043607711792,0.14986713230609894,0.9353266954421997
45.76074,89.68448,1,0.09957268089056015,0.9340940117835999,0.2047584056854248,0.9719605445861816,0.09957268089056015,0.9340940117835999
48.33248,91.50166,1,0.10817430168390274,0.9344839453697205,0.20477062463760376,0.9722753763198853,0.10817430168390274,0.9344839453697205
47.59852,92.65984,1,0.10578649491071701,0.934377908706665,0.20476719737052917,0.9721880555152893,0.10578649491071701,0.934377908706665
45.601402,93.180275,1,0.09902556985616684,0.934074342250824,0.20475761592388153,0.9719395041465759,0.09902556985616684,0.934074342250824
40.847015,93.15158,1,0.08239644020795822,0.9333441257476807,0.20474328100681305,0.971306324005127,0.08239644020795822,0.9333441257476807
49.49134,92.57704,1,0.11186163872480392,0.9346585273742676,0.20477592945098877,0.972415030002594,0.11186163872480392,0.9346585273742676
39.35213,92.101036,1,0.07755991071462631,0.9331087470054626,0.20474211871623993,0.9710218906402588,0.07755991071462631,0.9331087470054626
51.57736,91.26077,1,0.11790161579847336,0.9349498152732849,0.20478516817092896,0.9727175831794739,0.11790161579847336,0.9349498152732849
45.10816,90.82692,1,0.09731587022542953,0.9339908361434937,0.20475518703460693,0.9718761444091797,0.09731587022542953,0.9339908361434937
46.441254,90.357056,1,0.10191141813993454,0.9342073798179626,0.20476169884204865,0.972045361995697,0.10191141813993454,0.9342073798179626
47.86325,89.969315,1,0.10666381567716599,0.9344291687011719,0.20476844906806946,0.9722201228141785,0.10666381567716599,0.9344291687011719
46.81507,89.69612,1,0.10316368192434311,0.9342672824859619,0.2047634869813919,0.9720913171768188,0.10316368192434311,0.9342672824859619
54.941513,89.46232,1,0.12681248784065247,0.9352957606315613,0.2047993391752243,0.9731955528259277,0.12681248784065247,0.9352957606315613
57.913555,89.60237,1,0.13392670452594757,0.9355525374412537,0.20481115579605103,0.9735604524612427,0.13392670452594757,0.9355525374412537
64.45061,90.03371,1,0.14857526123523712,0.935501217842102,0.2048351764678955,0.9740183353424072,0.14857526123523712,0.935501217842102
84.734375,90.82518,1,0.19134490191936493,0.930026113986969,0.20489685237407684,0.9747364521026611,0.19134490191936493,0.930026113986969
89.43616,92.57027,1,0.2025539129972458,0.9288899302482605,0.20490919053554535,0.9747939705848694,0.2025539129972458,0.9288899302482605
95.09265,94.83313,1,0.21534158289432526,0.9277176856994629,0.20492993295192719,0.9748586416244507,0.21534158289432526,0.9277176856994629
116.45649,97.340515,1,0.26623207330703735,0.9232407212257385,0.20503531396389008,0.9749959707260132,0.26623207330703735,0.9232407212257385
110.5908,100.78046,1,0.2527659237384796,0.9248285889625549,0.205008402466774,0.9749981164932251,0.2527659237384796,0.9248285889625549
90.29175,104.89874,1,0.20450136065483093,0.9286741018295288,0.20491136610507965,0.9748053550720215,0.20450136065483093,0.9286741018295288
106.25156,107.50481,1,0.2423378825187683,0.9256892800331116,0.20498758554458618,0.9749729633331299,0.2423378825187683,0.9256892800331116
111.97953,109.5032,1,0.256008118391037,0.9244692325592041,0.2050148993730545,0.9749955534934998,0.256008118391037,0.9244692325592041
157.32037,111.212395,1,0.35968929529190063,0.9195102453231812,0.2051684707403183,0.9752488732337952,0.35968929529190063,0.9195102453231812
90.0452,115.853195,1,0.20394839346408844,0.9287335872650146,0.2049107402563095,0.9748013019561768,0.20394839346408844,0.9287335872650146
111.48443,116.684494,1,0.25485607981681824,0.9245962500572205,0.20501260459423065,0.9749972820281982,0.25485607981681824,0.9245962500572205
84.331215,116.73533,1,0.19032108783721924,0.930127739906311,0.2048957645893097,0.9747311472892761,0.19032108783721924,0.930127739906311
115.93183,114.217926,1,0.2650391757488251,0.9234190583229065,0.20503295958042145,0.9749997854232788,0.2650391757488251,0.9234190583229065
90.684715,112.75119,1,0.20538952946662903,0.9285977482795715,0.20491234958171844,0.9748064875602722,0.20538952946662903,0.9285977482795715
97.2563,110.09043,1,0.22035051882266998,0.9273225665092468,0.20494157075881958,0.9748815894126892,0.22035051882266998,0.9273225665092468
116.110115,107.51463,1,0.2654562294483185,0.9233576655387878,0.20503376424312592,0.9749969840049744,0.2654562294483185,0.9233576655387878
104.69551,106.55769,1,0.23843838274478912,0.9259637594223022,0.20497991144657135,0.9749577641487122,0.23843838274478912,0.9259637594223022
98.62007,105.780655,1,0.22361981868743896,0.9270620942115784,0.2049488127231598,0.9748928546905518,0.22361981868743896,0.9270620942115784
88.28511,104.75937,1,0.19992372393608093,0.9291521310806274,0.20490622520446777,0.974780261516571,0.19992372393608093,0.9291521310806274
93.04925,102.92327,1,0.21069210767745972,0.9281203746795654,0.2049206793308258,0.9748337864875793,0.21069210767745972,0.9281203746795654
103.402275,101.14799,1,0.23517277836799622,0.9261727333068848,0.20497344434261322,0.9749464392662048,0.23517277836799622,0.9261727333068848
115.61651,100.28931,1,0.26434892416000366,0.923496663570404,0.20503154397010803,0.9749963879585266,0.26434892416000366,0.923496663570404
105.98318,100.9088,1,0.24167516827583313,0.9257269501686096,0.20498625934123993,0.974969208240509,0.24167516827583313,0.9257269501686096
101.52836,101.60408,1,0.2305719405412674,0.9265152215957642,0.20496392250061035,0.9749253988265991,0.2305719405412674,0.9265152215957642
93.87445,101.95252,1,0.21254341304302216,0.9279539585113525,0.2049243003129959,0.9748446941375732,0.21254341304302216,0.9279539585113525
121.52259,101.4824,1,0.2777969539165497,0.9218764901161194,0.20505765080451965,0.9750185608863831,0.2777969539165497,0.9218764901161194
147.67044,102.5731,1,0.3359593451023102,0.9200092554092407,0.20514503121376038,0.9752365946769714,0.3359593451023102,0.9200092554092407
86.001045,106.28287,1,0.19445471465587616,0.9297006130218506,0.20490023493766785,0.9747535586357117,0.19445471465587616,0.9297006130218506
71.6562,106.57965,1,0.16278333961963654,0.9335352182388306,0.20485903322696686,0.974338173866272,0.16278333961963654,0.9335352182388306
90.38323,103.94363,1,0.20469729602336884,0.9286550283432007,0.20491158962249756,0.9748045802116394,0.20469729602336884,0.9286550283432007
88.44154,101.21106,1,0.20029215514659882,0.9291107058525085,0.20490662753582,0.9747840166091919,0.20029215514659882,0.9291107058525085
63.888714,98.53856,1,0.14733578264713287,0.9356659650802612,0.20483320951461792,0.9739929437637329,0.14733578264713287,0.9356659650802612
63.444954,94.44928,1,0.14635755121707916,0.9357894659042358,0.20483164489269257,0.973969042301178,0.14635755121707916,0.9357894659042358
70.55473,90.03765,1,0.1607532501220703,0.9338381290435791,0.2048555463552475,0.9742875099182129,0.1607532501220703,0.9338381290435791
109.474495,86.399345,1,0.25012168288230896,0.9251570105552673,0.20500312745571136,0.9749937057495117,0.25012168288230896,0.9251570105552673
113.2492,86.34869,1,0.25894734263420105,0.9241405129432678,0.20502077043056488,0.9749984741210938,0.25894734263420105,0.9241405129432678
127.2281,88.66474,1,0.29085296392440796,0.921218991279602,0.20508219301700592,0.9750785231590271,0.29085296392440796,0.921218991279602
119.59765,93.16995,1,0.2734389901161194,0.9223565459251404,0.20504917204380035,0.9749963879585266,0.2734389901161194,0.9223565459251404
124.417435,97.910866,1,0.284496545791626,0.9215127825737,0.20507024228572845,0.9750502109527588,0.284496545791626,0.9215127825737
129.22223,102.63118,1,0.29528898000717163,0.9210942983627319,0.20509012043476105,0.9750952124595642,0.29528898000717163,0.9210942983627319
136.25363,107.13048,1,0.3104538023471832,0.9206387996673584,0.2051127851009369,0.9751558303833008,0.3104538023471832,0.9206387996673584
123.09104,111.47971,1,0.2814181447029114,0.9216651320457458,0.20506452023983002,0.9750374555587769,0.2814181447029114,0.9216651320457458
122.58746,114.238304,1,0.2802368700504303,0.9217280745506287,0.20506232976913452,0.9750311970710754,0.2802368700504303,0.9217280745506287
172.04932,115.71453,1,0.3936552405357361,0.9187644124031067,0.20520035922527313,0.9752586483955383,0.3936552405357361,0.9187644124031067
144.73619,119.902,1,0.32911521196365356,0.9201565980911255,0.20513717830181122,0.9752275943756104,0.32911521196365356,0.9201565980911255
123.531456,123.00495,1,0.2824348509311676,0.9216147065162659,0.20506642758846283,0.9750409126281738,0.2824348509311676,0.9216147065162659
105.49957,123.58169,1,0.24046027660369873,0.9258153438568115,0.2049838900566101,0.9749648571014404,0.24046027660369873,0.9258153438568115
90.68089,121.28353,1,0.20537663996219635,0.9285977482795715,0.20491234958171844,0.9748076796531677,0.20537663996219635,0.9285977482795715
116.90153,116.49112,1,0.2672334611415863,0.9231225848197937,0.20503729581832886,0.9749962687492371,0.2672334611415863,0.9231225848197937
121.28235,112.70935,1,0.27724549174308777,0.9219100475311279,0.2050565928220749,0.9750186204910278,0.27724549174308777,0.9219100475311279
114.49497,110.17103,1,0.2618027329444885,0.9238083958625793,0.20502646267414093,0.9749955534934998,0.2618027329444885,0.9238083958625793
107.936104,108.112045,1,0.24641700088977814,0.9254064559936523,0.2049957662820816,0.9749882817268372,0.24641700088977814,0.9254064559936523
81.53328,106.10747,1,0.18339818716049194,0.9308502674102783,0.20488813519477844,0.9746973514556885,0.18339818716049194,0.9308502674102783
53.969044,102.45796,1,0.12429340928792953,0.9351967573165894,0.20479533076286316,0.9730594754219055,0.12429340928792953,0.9351967573165894
40.68331,96.351746,1,0.08181744068861008,0.9333142638206482,0.2047431468963623,0.9712820649147034,0.08181744068861008,0.9333142638206482
36.38574,88.644,1,0.07626133412122726,0.9314273595809937,0.20473966002464294,0.9703733921051025,0.07626133412122726,0.9314273595809937
41.040794,80.58253,1,0.08305751532316208,0.9333788752555847,0.204743430018425,0.9713327884674072,0.08305751532316208,0.9333788752555847
28.115791,73.24389,1,0.05634893849492073,0.9258833527565002,0.20473164319992065,0.9680178761482239,0.05634893849492073,0.9258833527565002
32.80276,66.138115,1,0.06423633545637131,0.929157555103302,0.20473644137382507,0.9695057272911072,0.06423633545637131,0.929157555103302
42.37999,60.584816,1,0.08749856799840927,0.9335669875144958,0.20474442839622498,0.9715184569358826,0.08749856799840927,0.9335669875144958
30.06864,57.58212,1,0.05701099708676338,0.9272817373275757,0.2047337293624878,0.9686648845672607,0.05701099708676338,0.9272817373275757
34.8933,55.815422,1,0.07227655500173569,0.9305105805397034,0.20473836362361908,0.9700258374214172,0.07227655500173569,0.9305105805397034
30.378153,55.232853,1,0.057212818413972855,0.9274987578392029,0.20473404228687286,0.9687644839286804,0.057212818413972855,0.9274987578392029
26.947882,55.285618,1,0.05825744941830635,0.9250084161758423,0.2047303318977356,0.9676036238670349,0.05825744941830635,0.9250084161758423
19.314795,56.13136,1,0.051106590777635574,0.920922040939331,0.20472010970115662,0.9649880528450012,0.051106590777635574,0.920922040939331
17.49266,57.10314,1,0.0470421202480793,0.9212052226066589,0.20471709966659546,0.9638704657554626,0.0470421202480793,0.9212052226066589
13.14434,58.315105,1,0.03543092682957649,0.9184078574180603,0.2047085016965866,0.9600827693939209,0.03543092682957649,0.9184078574180603
9.837476,59.53681,1,0.025052567943930626,0.914879560470581,0.2046998292207718,0.9561282992362976,0.025052567943930626,0.914879560470581
11.811033,60.630676,1,0.031356800347566605,0.9167730212211609,0.20470532774925232,0.9584320783615112,0.031356800347566605,0.9167730212211609
14.140249,62.042194,1,0.03837202861905098,0.9195544123649597,0.2047106921672821,0.9611423015594482,0.03837202861905098,0.9195544123649597
20.584944,63.78768,1,0.05022795870900154,0.920760452747345,0.204722061753273,0.9654324054718018,0.05022795870900154,0.920760452747345
25.257082,66.0831,1,0.06233539059758186,0.9236025810241699,0.20472833514213562,0.9669614434242249,0.06233539059758186,0.9236025810241699
19.582651,68.80004,1,0.05166866257786751,0.920910656452179,0.20472052693367004,0.9650911688804626,0.05166866257786751,0.920910656452179
10.032614,71.41499,1,0.025743922218680382,0.9152761101722717,0.20470042526721954,0.9563112258911133,0.025743922218680382,0.9152761101722717
8.222973,73.42283,1,0.02164422534406185,0.9111522436141968,0.20469442009925842,0.9544419050216675,0.02164422534406185,0.9111522436141968
17.399887,74.95831,1,0.04681726172566414,0.9212161302566528,0.20471693575382233,0.9638046026229858,0.04681726172566414,0.9212161302566528
12.973848,76.60124,1,0.03490697219967842,0.9182142615318298,0.20470811426639557,0.9598814249038696,0.03490697219967842,0.9182142615318298
9.375704,78.054115,1,0.023423543199896812,0.9138625860214233,0.2046983689069748,0.9556936621665955,0.023423543199896812,0.9138625860214233
35.44527,79.28589,1,0.07376705855131149,0.9308497309684753,0.20473885536193848,0.9701563119888306,0.07376705855131149,0.9308497309684753
25.297451,81.27956,1,0.06227501109242439,0.9236423373222351,0.2047283798456192,0.9669771790504456,0.06227501109242439,0.9236423373222351
21.583462,83.20485,1,0.05128436163067818,0.9206380844116211,0.2047235071659088,0.965745747089386,0.05128436163067818,0.9206380844116211
35.37829,84.84286,1,0.07358025759458542,0.930809736251831,0.2047387957572937,0.9701384902000427,0.07358025759458542,0.930809736251831
51.725655,86.67607,1,0.1182912066578865,0.9349711537361145,0.2047858089208603,0.9727395176887512,0.1182912066578865,0.9349711537361145
26.135418,89.03664,1,0.060476262122392654,0.9243671894073486,0.20472939312458038,0.9672961235046387,0.060476262122392654,0.9243671894073486
27.398415,90.47121,1,0.05705009773373604,0.9253499507904053,0.20473085343837738,0.9677695631980896,0.05705009773373604,0.9253499507904053
40.390644,91.27431,1,0.08075486868619919,0.9332695603370667,0.2047429233789444,0.9712343215942383,0.08075486868619919,0.9332695603370667
36.455772,92.08795,1,0.07644783705472946,0.9314533472061157,0.20473971962928772,0.9703890085220337,0.07644783705472946,0.9314533472061157
35.991096,92.648026,1,0.07521944493055344,0.9311764240264893,0.20473931729793549,0.9702809453010559,0.07521944493055344,0.9311764240264893
59.462097,92.96533,1,0.1373414844274521,0.9356643557548523,0.20481708645820618,0.9737212061882019,0.1373414844274521,0.9356643557548523
70.74177,93.93887,1,0.16108550131320953,0.9337719082832336,0.20485614240169525,0.974296510219574,0.16108550131320953,0.9337719082832336
48.235813,95.57446,1,0.1078689768910408,0.9344674944877625,0.20477017760276794,0.9722654819488525,0.1078689768910408,0.9344674944877625
61.5672,96.545685,1,0.1420145183801651,0.935814619064331,0.20482489466667175,0.9738810658454895,0.1420145183801651,0.935814619064331
56.768803,97.47645,1,0.13134759664535522,0.9354677796363831,0.20480667054653168,0.9734192490577698,0.13134759664535522,0.9354677796363831
53.10568,97.914474,1,0.12201764434576035,0.935097336769104,0.20479170978069305,0.9729375839233398,0.12201764434576035,0.935097336769104
54.909496,97.75556,1,0.12673109769821167,0.9352909326553345,0.20479920506477356,0.9731887578964233,0.12673109769821167,0.9352909326553345
57.932507,97.26209,1,0.1339636743068695,0.9355571269989014,0.204811230301857,0.9735586047172546,0.1339636743068695,0.9355571269989014
63.59575,96.68628,1,0.1466914862394333,0.9357589483261108,0.20483218133449554,0.9739766120910645,0.1466914862394333,0.9357589483261108
73.307526,96.27083,1,0.16581885516643524,0.9331266283988953,0.20486415922641754,0.9744149446487427,0.16581885516643524,0.9331266283988953
74.53403,96.33956,1,0.1680132895708084,0.9328009486198425,0.2048678994178772,0.9744659662246704,0.1680132895708084,0.9328009486198425
95.47765,96.60716,1,0.21621853113174438,0.9276514649391174,0.20493198931217194,0.9748604893684387,0.21621853113174438,0.9276514649391174
80.325615,97.93238,1,0.180649533867836,0.9311632513999939,0.20488476753234863,0.9746825098991394,0.180649533867836,0.9311632513999939
71.02965,98.805336,1,0.16162964701652527,0.9336923360824585,0.20485705137252808,0.9743087887763977,0.16162964701652527,0.9336923360824585
84.25396,98.73196,1,0.19010619819164276,0.9301461577415466,0.20489555597305298,0.9747304916381836,0.19010619819164276,0.9301461577415466
82.63589,99.0158,1,0.18600405752658844,0.930568277835846,0.204891175031662,0.9747107028961182,0.18600405752658844,0.930568277835846
68.0883,99.2313,1,0.15604163706302643,0.9344848394393921,0.2048475295305252,0.9741796851158142,0.15604163706302643,0.9344848394393921
63.583466,98.4187,1,0.14665822684764862,0.9357536435127258,0.20483213663101196,0.9739752411842346,0.14665822684764862,0.9357536435127258
65.72674,96.70936,1,0.151310533285141,0.9351430535316467,0.2048395872116089,0.974074125289917,0.151310533285141,0.9351430535316467
68.68428,94.742836,1,0.15721574425697327,0.9343136548995972,0.2048494964838028,0.974197268486023,0.15721574425697327,0.9343136548995972
74.858574,92.97561,1,0.1685844212770462,0.9326883554458618,0.204868882894516,0.9744859337806702,0.1685844212770462,0.9326883554458618
73.02527,91.85123,1,0.16529276967048645,0.9331789016723633,0.2048632949590683,0.9744025468826294,0.16529276967048645,0.9331789016723633
67.18517,91.06493,1,0.15428782999515533,0.9347375631332397,0.20484453439712524,0.9741401076316833,0.15428782999515533,0.9347375631332397
76.14307,90.19958,1,0.1710779219865799,0.9323285818099976,0.2048727124929428,0.974540650844574,0.1710779219865799,0.9323285818099976
67.216385,89.897835,1,0.15434576570987701,0.9347192049026489,0.2048446387052536,0.9741429090499878,0.15434576570987701,0.9347192049026489
78.086845,89.36938,1,0.17541207373142242,0.931782603263855,0.20487840473651886,0.9746270775794983,0.17541207373142242,0.931782603263855
91.41595,89.413826,1,0.20701640844345093,0.9284539222717285,0.20491419732570648,0.974816620349884,0.20701640844345093,0.9284539222717285
75.60118,90.563705,1,0.1700136363506317,0.9324888586997986,0.20487110316753387,0.9745170474052429,0.1700136363506317,0.9324888586997986
114.28625,91.370895,1,0.2613266110420227,0.9238684177398682,0.20502552390098572,0.9749994277954102,0.2613266110420227,0.9238684177398682
95.760216,94.434326,1,0.21686141192913055,0.9276070594787598,0.2049335241317749,0.9748663902282715,0.21686141192913055,0.9276070594787598
86.2879,97.15955,1,0.19515696167945862,0.9296344518661499,0.20490099489688873,0.9747582077980042,0.19515696167945862,0.9296344518661499
105.07639,98.690674,1,0.23942452669143677,0.9258825778961182,0.20498178899288177,0.974962592124939,0.23942452669143677,0.9258825778961182
102.55403,100.63971,1,0.23302245140075684,0.926356852054596,0.2049691528081894,0.9749346971511841,0.23302245140075684,0.926356852054596
93.13059,102.39449,1,0.21085987985134125,0.9281066060066223,0.20492100715637207,0.9748343229293823,0.21085987985134125,0.9281066060066223
100.24506,103.11806,1,0.22752338647842407,0.9267486929893494,0.20495732128620148,0.9749143719673157,0.22752338647842407,0.9267486929893494
85.17624,103.639015,1,0.1924525797367096,0.9299062490463257,0.20489804446697235,0.9747424721717834,0.1924525797367096,0.9299062490463257
100.05582,102.84548,1,0.22708678245544434,0.9267959594726562,0.20495633780956268,0.9749079346656799,0.22708678245544434,0.9267959594726562
85.38433,102.42931,1,0.19296595454216003,0.9298596382141113,0.20489859580993652,0.9747459888458252,0.19296595454216003,0.9298596382141113
66.051285,101.1631,1,0.15199103951454163,0.9350507259368896,0.20484070479869843,0.974088728427887,0.15199103951454163,0.9350507259368896
79.3076,98.18232,1,0.17826537787914276,0.9314479827880859,0.20488189160823822,0.9746699333190918,0.17826537787914276,0.9314479827880859
94.194496,95.480125,1,0.21328330039978027,0.9278972148895264,0.2049257904291153,0.9748479723930359,0.21328330039978027,0.9278972148895264
105.304794,94.22819,1,0.2399788349866867,0.9258490204811096,0.2049829214811325,0.9749611616134644,0.2399788349866867,0.9258490204811096
103.84105,94.72783,1,0.23630113899707794,0.926105260848999,0.2049756497144699,0.9749454259872437,0.23630113899707794,0.926105260848999
121.959984,96.07402,1,0.27879008650779724,0.9218031167984009,0.20505957305431366,0.9750260710716248,0.27879008650779724,0.9218031167984009
106.13031,99.051506,1,0.24203833937644958,0.9257178902626038,0.20498698949813843,0.9749692678451538,0.24203833937644958,0.9257178902626038
117.31018,101.49017,1,0.2681730389595032,0.9230048060417175,0.2050391137599945,0.9749965667724609,0.2681730389595032,0.9230048060417175
123.70512,104.15476,1,0.2828413248062134,0.9215778112411499,0.20506717264652252,0.9750439524650574,0.2828413248062134,0.9215778112411499
129.87015,107.054535,1,0.29673078656196594,0.9210298657417297,0.20509225130081177,0.9751031994819641,0.29673078656196594,0.9210298657417297
152.97195,110.18383,1,0.3491664528846741,0.9197267293930054,0.20515836775302887,0.9752421975135803,0.3491664528846741,0.9197267293930054
142.0512,114.738754,1,0.3229188621044159,0.9202722311019897,0.20512984693050385,0.9752059578895569,0.3229188621044159,0.9202722311019897
141.90454,118.72289,1,0.32253628969192505,0.9202805757522583,0.20512942969799042,0.9752048254013062,0.32253628969192505,0.9202805757522583
127.135445,121.90315,1,0.2906552851200104,0.9212112426757812,0.20508180558681488,0.9750770926475525,0.2906552851200104,0.9212112426757812
133.55258,123.08934,1,0.30470535159111023,0.9208040833473206,0.20510421693325043,0.9751351475715637,0.30470535159111023,0.9208040833473206
149.67422,123.4381,1,0.34101784229278564,0.9198924899101257,0.205150306224823,0.9752429127693176,0.34101784229278564,0.9198924899101257
127.821915,124.361984,1,0.29218921065330505,0.9211697578430176,0.2050846815109253,0.9750784635543823,0.29218921065330505,0.9211697578430176
84.92028,123.807785,1,0.19184352457523346,0.9299623966217041,0.20489734411239624,0.9747409224510193,0.19184352457523346,0.9299623966217041
119.11226,119.28174,1,0.27232229709625244,0.9224931597709656,0.20504705607891083,0.9749970436096191,0.27232229709625244,0.9224931597709656
124.194435,115.569,1,0.2839730679988861,0.9215250611305237,0.20506928861141205,0.9750470519065857,0.2839730679988861,0.9215250611305237
123.92303,112.961075,1,0.2833425998687744,0.9215627908706665,0.20506811141967773,0.9750490188598633,0.2833425998687744,0.9215627908706665
114.48821,111.250824,1,0.2617916762828827,0.9238077998161316,0.20502643287181854,0.9749956130981445,0.2617916762828827,0.9238077998161316
72.96354,109.55104,1,0.16517937183380127,0.9332137107849121,0.20486310124397278,0.9744022488594055,0.16517937183380127,0.9332137107849121
80.21902,105.03456,1,0.18036743998527527,0.9312036633491516,0.20488446950912476,0.974681556224823,0.18036743998527527,0.9312036633491516
83.92515,100.02256,1,0.189285546541214,0.9302350878715515,0.20489466190338135,0.974726140499115,0.189285546541214,0.9302350878715515
67.22142,95.48663,1,0.1543528139591217,0.934709906578064,0.2048446536064148,0.9741426110267639,0.1543528139591217,0.934709906578064
57.047813,90.56737,1,0.13197651505470276,0.9354774355888367,0.20480777323246002,0.9734554290771484,0.13197651505470276,0.9354774355888367
81.25918,85.3174,1,0.18277369439601898,0.9309322834014893,0.20488737523555756,0.9746946096420288,0.18277369439601898,0.9309322834014893
74.919106,82.167786,1,0.1686837524175644,0.9326767325401306,0.20486906170845032,0.9744861721992493,0.1686837524175644,0.9326767325401306
61.99679,80.15731,1,0.14306892454624176,0.9358509182929993,0.2048264592885971,0.9739015102386475,0.14306892454624176,0.9358509182929993
61.182533,78.16877,1,0.1410820186138153,0.9357925057411194,0.20482349395751953,0.9738603830337524,0.1410820186138153,0.9357925057411194
78.48594,76.4309,1,0.17634789645671844,0.9316896796226501,0.2048795521259308,0.9746415019035339,0.17634789645671844,0.9316896796226501
64.7769,76.33447,1,0.14925995469093323,0.9354041814804077,0.20483632385730743,0.974031925201416,0.14925995469093323,0.9354041814804077
64.61161,76.27537,1,0.14891460537910461,0.935459315776825,0.20483574271202087,0.9740249514579773,0.14891460537910461,0.935459315776825
58.906513,76.31685,1,0.13612371683120728,0.9356326460838318,0.20481497049331665,0.9736705422401428,0.13612371683120728,0.9356326460838318
50.532467,76.0303,1,0.1150156781077385,0.9348005056381226,0.20478059351444244,0.9725627899169922,0.1150156781077385,0.9348005056381226
36.061085,75.07671,1,0.07540007680654526,0.931227445602417,0.20473939180374146,0.9702990651130676,0.07540007680654526,0.931227445602417
28.281935,72.882645,1,0.05640404298901558,0.926003634929657,0.20473183691501617,0.9680743217468262,0.05640404298901558,0.926003634929657
37.26256,69.74005,1,0.07720934599637985,0.9319364428520203,0.20474040508270264,0.9705697298049927,0.07720934599637985,0.9319364428520203
25.034924,67.33971,1,0.06223170831799507,0.9234001040458679,0.20472806692123413,0.9668755531311035,0.06223170831799507,0.9234001040458679
16.853811,64.87638,1,0.04551251605153084,0.9211602807044983,0.20471596717834473,0.9634177088737488,0.04551251605153084,0.9211602807044983
13.872422,62.549675,1,0.03760289028286934,0.9192536473274231,0.20471011102199554,0.9608790874481201,0.03760289028286934,0.9192536473274231
25.74843,61.03142,1,0.06155787780880928,0.924053430557251,0.20472893118858337,0.9671512246131897,0.06155787780880928,0.924053430557251
26.439188,61.02464,1,0.05964537337422371,0.9246122241020203,0.20472975075244904,0.9674156904220581,0.05964537337422371,0.9246122241020203
18.541235,62.026783,1,0.04941936209797859,0.921054482460022,0.20471887290477753,0.9645942449569702,0.04941936209797859,0.921054482460022
18.111235,63.221367,1,0.048459310084581375,0.9211194515228271,0.20471815764904022,0.964301347732544,0.048459310084581375,0.9211194515228271
19.301754,64.7137,1,0.051078248769044876,0.9209508895874023,0.20472009479999542,0.9649842381477356,0.051078248769044876,0.9209508895874023
17.090982,66.42753,1,0.046085257083177567,0.9212659001350403,0.20471639931201935,0.9635871648788452,0.046085257083177567,0.9212659001350403
17.438549,68.25988,1,0.04691000655293465,0.9212141633033752,0.2047170102596283,0.963830292224884,0.04691000655293465,0.9212141633033752
17.819344,70.1405,1,0.047796059399843216,0.9211581945419312,0.20471766591072083,0.9640995860099792,0.047796059399843216,0.9211581945419312
14.653749,72.00587,1,0.03982030227780342,0.920051097869873,0.20471175014972687,0.9616283178329468,0.03982030227780342,0.920051097869873
18.598833,73.676834,1,0.04955397918820381,0.9210550785064697,0.2047189623117447,0.9646331667900085,0.04955397918820381,0.9210550785064697
34.029118,75.39017,1,0.06852816790342331,0.92995685338974,0.2047375738620758,0.9698200225830078,0.06852816790342331,0.92995685338974
36.145676,77.598434,1,0.07561426609754562,0.9312679171562195,0.20473945140838623,0.9703173637390137,0.07561426609754562,0.9312679171562195
29.06677,80.02875,1,0.05668439343571663,0.9265863299369812,0.20473268628120422,0.9683391451835632,0.05668439343571663,0.9265863299369812
48.525642,82.13694,1,0.10881791263818741,0.9345248937606812,0.2047715187072754,0.9722984433174133,0.10881791263818741,0.9345248937606812
47.365314,84.6012,1,0.10500774532556534,0.9343537092208862,0.20476610958576202,0.9721596240997314,0.10500774532556534,0.9343537092208862
66.56969,86.96542,1,0.15302984416484833,0.9348911643028259,0.2048424631357193,0.974113941192627,0.15302984416484833,0.9348911643028259
57.763447,89.70027,1,0.13359767198562622,0.9355466365814209,0.20481057465076447,0.9735399484634399,0.13359767198562622,0.9355466365814209
53.194027,92.101746,1,0.12225490063428879,0.935107409954071,0.2047920823097229,0.9729523062705994,0.12225490063428879,0.935107409954071
76.666046,93.84932,1,0.1721431463956833,0.9321929812431335,0.20487426221370697,0.974565327167511,0.1721431463956833,0.9321929812431335
77.43792,95.88139,1,0.17388129234313965,0.9319486618041992,0.20487651228904724,0.9745976328849792,0.17388129234313965,0.9319486618041992
85.89107,97.74984,1,0.19421111047267914,0.9297327995300293,0.20489995181560516,0.974751353263855,0.19421111047267914,0.9297327995300293
59.755318,99.57336,1,0.13797809183597565,0.9356937408447266,0.20481818914413452,0.9737450480461121,0.13797809183597565,0.9356937408447266
59.01051,99.824814,1,0.13636386394500732,0.9356308579444885,0.20481537282466888,0.973679780960083,0.13636386394500732,0.9356308579444885
115.2499,99.07743,1,0.26351478695869446,0.9235944151878357,0.20502988994121552,0.9749952554702759,0.26351478695869446,0.9235944151878357
72.15629,100.37007,1,0.16371136903762817,0.933404803276062,0.2048605978488922,0.9743619561195374,0.16371136903762817,0.933404803276062
62.841156,100.412186,1,0.14502093195915222,0.9359104037284851,0.20482949912548065,0.973940372467041,0.14502093195915222,0.9359104037284851
120.230095,99.48952,1,0.274880588054657,0.9221829175949097,0.2050519436597824,0.9750065803527832,0.274880588054657,0.9221829175949097
96.88182,101.1474,1,0.2194831371307373,0.9273843765258789,0.2049395740032196,0.9748761653900146,0.2194831371307373,0.9273843765258789
113.70017,102.83912,1,0.259985089302063,0.9240165948867798,0.20502284169197083,0.9749959707260132,0.259985089302063,0.9240165948867798
91.28367,105.50186,1,0.20671623945236206,0.9284650683403015,0.20491385459899902,0.9748125672340393,0.20671623945236206,0.9284650683403015
106.44926,106.61418,1,0.24281515181064606,0.925671398639679,0.20498855412006378,0.9749742150306702,0.24281515181064606,0.925671398639679
101.337814,107.80982,1,0.2301168292760849,0.9265545606613159,0.20496295392513275,0.9749242663383484,0.2301168292760849,0.9265545606613159
107.43669,108.430084,1,0.24524271488189697,0.9254969954490662,0.2049933522939682,0.9749830961227417,0.24524271488189697,0.9254969954490662
110.77095,109.06389,1,0.2531912922859192,0.9247913956642151,0.20500925183296204,0.9749975204467773,0.2531912922859192,0.9247913956642151
122.43892,109.737854,1,0.27989643812179565,0.9217470288276672,0.205061674118042,0.9750284552574158,0.27989643812179565,0.9217470288276672
102.66821,111.12537,1,0.233303502202034,0.92632657289505,0.20496973395347595,0.9749350547790527,0.233303502202034,0.92632657289505
124.147385,111.2674,1,0.2838517427444458,0.9215461015701294,0.20506907999515533,0.9750478267669678,0.2838517427444458,0.9215461015701294
97.26558,112.19352,1,0.22038491070270538,0.9273149371147156,0.20494163036346436,0.9748825430870056,0.22038491070270538,0.9273149371147156
175.80557,111.40986,1,0.40213993191719055,0.9185649156570435,0.20520766079425812,0.9752616286277771,0.40213993191719055,0.9185649156570435
117.589775,115.42172,1,0.2688312530517578,0.9229340553283691,0.2050403505563736,0.9749971628189087,0.2688312530517578,0.9229340553283691
135.26399,117.30785,1,0.308333158493042,0.9206992983818054,0.20510965585708618,0.9751482605934143,0.308333158493042,0.9206992983818054
150.5974,119.19723,1,0.34331175684928894,0.9198546409606934,0.2051527202129364,0.975241482257843,0.34331175684928894,0.9198546409606934
120.69855,121.83172,1,0.27595022320747375,0.9220281839370728,0.20505401492118835,0.9750107526779175,0.27595022320747375,0.9220281839370728
109.38629,122.30157,1,0.24991022050380707,0.9251545071601868,0.20500271022319794,0.974995493888855,0.24991022050380707,0.9251545071601868
138.29971,120.63294,1,0.314756840467453,0.9204970598220825,0.20511914789676666,0.9751706719398499,0.314756840467453,0.9204970598220825
114.356384,119.997665,1,0.26149600744247437,0.9238377809524536,0.2050258368253708,0.9749957919120789,0.26149600744247437,0.9238377809524536
141.84627,118.13233,1,0.32242074608802795,0.9202989339828491,0.20512928068637848,0.9752026200294495,0.32242074608802795,0.9202989339828491
116.866234,117.81539,1,0.2671484351158142,0.9231061935424805,0.20503714680671692,0.9749966859817505,0.2671484351158142,0.9231061935424805
140.93631,116.46596,1,0.32039594650268555,0.920350968837738,0.20512674748897552,0.9751951694488525,0.32039594650268555,0.920350968837738
110.49284,116.48704,1,0.25251808762550354,0.9248778820037842,0.20500795543193817,0.974996030330658,0.25251808762550354,0.9248778820037842
145.02937,114.94523,1,0.32979220151901245,0.9201287031173706,0.2051379680633545,0.9752300381660461,0.32979220151901245,0.9201287031173706
131.78839,115.25727,1,0.30091965198516846,0.9209074378013611,0.20509852468967438,0.9751179218292236,0.30091965198516846,0.9209074378013611
127.6101,115.52604,1,0.2917073667049408,0.9211925864219666,0.20508380234241486,0.9750775098800659,0.2917073667049408,0.9211925864219666
147.5856,115.44065,1,0.33573466539382935,0.9200387597084045,0.20514480769634247,0.9752406477928162,0.33573466539382935,0.9200387597084045
140.5484,116.61218,1,0.3195511996746063,0.9203611612319946,0.20512567460536957,0.975195586681366,0.3195511996746063,0.9203611612319946
139.73943,117.79682,1,0.3178425431251526,0.9204285144805908,0.2051234096288681,0.9751855731010437,0.3178425431251526,0.9204285144805908
174.7188,118.77415,1,0.3997177183628082,0.9186335802078247,0.20520555973052979,0.9752606153488159,0.3997177183628082,0.9186335802078247
147.28651,122.13287,1,0.33501607179641724,0.920046865940094,0.2051440179347992,0.9752398133277893,0.33501607179641724,0.920046865940094
132.77483,124.29542,1,0.3030552268028259,0.9208458662033081,0.20510171353816986,0.9751250147819519,0.3030552268028259,0.9208458662033081
162.74535,124.49889,1,0.3724236488342285,0.9192062616348267,0.20518070459365845,0.9752504825592041,0.3724236488342285,0.9192062616348267
176.20695,125.76558,1,0.4030335247516632,0.9185730814933777,0.2052084356546402,0.9752598404884338,0.4030335247516632,0.9185730814933777
205.06758,128.42233,1,0.46549510955810547,0.9110021591186523,0.20525974035263062,0.9752902984619141,0.46549510955810547,0.9110021591186523
208.96588,133.74031,1,0.4745263159275055,0.9106231331825256,0.20526611804962158,0.9752945303916931,0.4745263159275055,0.9106231331825256
224.34192,140.1891,1,0.5086346864700317,0.9110062122344971,0.20529015362262726,0.9753069877624512,0.5086346864700317,0.9110062122344971
243.28746,147.74016,1,0.5466346144676208,0.9114209413528442,0.20531760156154633,0.9753129482269287,0.5466346144676208,0.9114209413528442
219.95462,156.46031,1,0.4991970956325531,0.9108935594558716,0.20528346300125122,0.9753075242042542,0.4991970956325531,0.9108935594558716
172.2784,162.80031,1,0.3941887319087982,0.9187542796134949,0.20520080626010895,0.9752607345581055,0.3941887319087982,0.9187542796134949
202.85797,163.20895,1,0.46033939719200134,0.9117224216461182,0.20525607466697693,0.9752912521362305,0.46033939719200134,0.9117224216461182
215.56174,162.67485,1,0.4894867539405823,0.910792350769043,0.20527663826942444,0.9753028154373169,0.4894867539405823,0.910792350769043
204.27579,162.44432,1,0.46367931365966797,0.9113145470619202,0.20525842905044556,0.9752905368804932,0.46367931365966797,0.9113145470619202
167.80154,161.36464,1,0.3838609755039215,0.9189863204956055,0.2051917463541031,0.9752587080001831,0.3838609755039215,0.9189863204956055
87.68987,156.95831,1,0.19851656258106232,0.9292973279953003,0.2049046754837036,0.9747744798660278,0.19851656258106232,0.9292973279953003
