Actual_Traffic,Predicted_Traffic,UPF_Config,Energy_Wh_Actual,QoS_Score_Actual,Requested_Action,Executed_Action,Cooldown_Blocked,Reward,SEC
160.6437530517578,,"('DPDK', 1)",0.20517601072788239,0.9752479791641235,0,0,False,-0.5108845233917236,0.005108844954520464
175.68780517578125,,"('DPDK', 1)",0.2052074372768402,0.9752621054649353,0,0,False,-0.4672092795372009,0.004672092851251364
167.81863403320312,,"('DPDK', 1)",0.20519177615642548,0.9752588868141174,0,0,False,-0.48907986283302307,0.004890798591077328
160.0994415283203,,"('DPDK', 1)",0.2051747888326645,0.9752485752105713,0,0,False,-0.512618362903595,0.005126183852553368
158.98829650878906,,"('DPDK', 1)",0.20517228543758392,0.9752481579780579,0,0,False,-0.5161947011947632,0.005161947105079889
176.3783721923828,,"('DPDK', 1)",0.20520876348018646,0.9752596020698547,0,0,False,-0.46538305282592773,0.004653830546885729
155.8834228515625,,"('DPDK', 1)",0.20516516268253326,0.9752464890480042,0,0,False,-0.5264579057693481,0.005264579318463802
151.2222137451172,,"('DPDK', 1)",0.2051542103290558,0.975242555141449,0,0,False,-0.5426563024520874,0.005426562856882811
193.24801635742188,,"('DPDK', 1)",0.2052396535873413,0.9752804636955261,0,0,False,-0.42482125759124756,0.004248212557286024
171.16561889648438,,"('DPDK', 1)",0.20519861578941345,0.9752566814422607,0,0,False,-0.47953230142593384,0.004795323126018047
263.7792663574219,,"('DPDK', 1)",0.2053450047969818,0.9752077460289001,0,0,False,-0.31138914823532104,0.003113891463726759
205.65248107910156,,"('DPDK', 1)",0.20526070892810822,0.9752936959266663,0,0,False,-0.3992380201816559,0.003992380108684301
211.1239013671875,,"('DPDK', 1)",0.20526959002017975,0.9752954840660095,0,0,False,-0.3889082968235016,0.003889082930982113
228.69154357910156,,"('DPDK', 1)",0.20529665052890778,0.9753121137619019,0,0,False,-0.35908043384552,0.0035908042918890715
277.73150634765625,,"('DPDK', 1)",0.20536144077777863,0.9751262664794922,0,0,False,-0.29576975107192993,0.002957697492092848
230.9044647216797,,"('DPDK', 1)",0.20529991388320923,0.975314736366272,0,0,False,-0.3556447923183441,0.0035564478021115065
217.4733123779297,,"('DPDK', 1)",0.2052796185016632,0.9753013849258423,0,0,False,-0.37757205963134766,0.0037757207173854113
198.65396118164062,,"('DPDK', 1)",0.20524899661540985,0.9752857685089111,0,0,False,-0.4132794141769409,0.004132794216275215
226.23712158203125,,"('DPDK', 1)",0.20529299974441528,0.9753099083900452,0,0,False,-0.36296960711479187,0.00362969608977437
233.50074768066406,,"('DPDK', 1)",0.20530369877815247,0.975318431854248,0,0,False,-0.35169684886932373,0.003516968572512269
198.14981079101562,,"('DPDK', 1)",0.2052481323480606,0.9752838611602783,0,0,False,-0.4143292009830475,0.004143292084336281
190.3638458251953,,"('DPDK', 1)",0.2052345722913742,0.975278913974762,0,0,False,-0.43124696612358093,0.004312469623982906
202.6382293701172,,"('DPDK', 1)",0.20525571703910828,0.9752909541130066,0,0,False,-0.4051668047904968,0.004051668103784323
204.88670349121094,,"('DPDK', 1)",0.20525944232940674,0.9752917885780334,0,0,False,-0.4007277190685272,0.004007277078926563
224.00758361816406,,"('DPDK', 1)",0.20528964698314667,0.9753069877624512,0,0,False,-0.36657625436782837,0.003665762487798929
206.33326721191406,,"('DPDK', 1)",0.20526182651519775,0.9752946496009827,0,0,False,-0.39792290329933167,0.003979228902608156
220.22344970703125,,"('DPDK', 1)",0.20528388023376465,0.9753078818321228,0,0,False,-0.372864693403244,0.003728647017851472
216.26312255859375,,"('DPDK', 1)",0.20527774095535278,0.9753021001815796,0,0,False,-0.37968143820762634,0.003796814475208521
230.04115295410156,,"('DPDK', 1)",0.20529864728450775,0.9753154516220093,0,0,False,-0.356977254152298,0.0035697724670171738
233.7275848388672,,"('DPDK', 1)",0.20530402660369873,0.975317656993866,0,0,False,-0.3513560891151428,0.003513560863211751
220.42495727539062,,"('DPDK', 1)",0.20528419315814972,0.9753082990646362,0,0,False,-0.3725244104862213,0.0037252441979944706
218.26634216308594,,"('DPDK', 1)",0.2052808552980423,0.9753040671348572,0,0,False,-0.3762024939060211,0.0037620249204337597
209.71397399902344,,"('DPDK', 1)",0.20526732504367828,0.9752958416938782,0,0,False,-0.39151865243911743,0.003915186505764723
242.8209991455078,,"('DPDK', 1)",0.205316960811615,0.9753177165985107,0,0,False,-0.33821946382522583,0.0033821945544332266
234.80870056152344,,"('DPDK', 1)",0.20530559122562408,0.9753196835517883,0,0,False,-0.34974104166030884,0.0034974103327840567
250.99388122558594,,"('DPDK', 1)",0.20532816648483276,0.9752705693244934,0,0,False,-0.32722416520118713,0.0032722416799515486
251.533203125,,"('DPDK', 1)",0.20532889664173126,0.9752720594406128,0,0,False,-0.32652372121810913,0.0032652372028678656
270.5760803222656,,"('DPDK', 1)",0.2053534984588623,0.975172221660614,0,0,False,-0.3035796880722046,0.00303579680621624
323.4707946777344,,"('DPDK', 1)",0.20540781319141388,0.9748013615608215,0,0,False,-0.2540047764778137,0.0025400477461516857
364.17913818359375,,"('DPDK', 1)",0.20544388890266418,0.974484384059906,0,0,False,-0.22565147280693054,0.002256514737382531
332.81048583984375,,"('DPDK', 1)",0.2054164856672287,0.9747412800788879,0,0,False,-0.24688702821731567,0.0024688702542334795
365.72552490234375,,"('DPDK', 1)",0.20544518530368805,0.9744670391082764,0,0,False,-0.22469878196716309,0.002246987773105502
302.66680908203125,,"('DPDK', 1)",0.20538759231567383,0.9749462008476257,0,0,False,-0.27143722772598267,0.0027143722400069237
331.9556579589844,,"('DPDK', 1)",0.20541569590568542,0.9747479557991028,0,0,False,-0.24752183258533478,0.0024752183817327023
336.0888366699219,,"('DPDK', 1)",0.20541946589946747,0.9747198820114136,0,0,False,-0.2444823533296585,0.002444823505356908
309.2767333984375,,"('DPDK', 1)",0.20539416372776031,0.9748959541320801,0,0,False,-0.26564452052116394,0.002656445140019059
295.2187194824219,,"('DPDK', 1)",0.20538000762462616,0.9749991297721863,0,0,False,-0.2782750427722931,0.0027827504090964794
275.6679992675781,,"('DPDK', 1)",0.20535917580127716,0.9751445055007935,0,0,False,-0.2979804277420044,0.0029798042960464954
244.02870178222656,,"('DPDK', 1)",0.2053186297416687,0.9753122329711914,0,0,False,-0.3365483283996582,0.0033654833678156137
160.5314483642578,,"('DPDK', 1)",0.2051757574081421,0.9752492308616638,0,0,False,-0.5112412571907043,0.005112412851303816
160.71133422851562,,"('DPDK', 1)",0.20517617464065552,0.975250780582428,0,0,False,-0.5106700658798218,0.005106700584292412
157.07009887695312,,"('DPDK', 1)",0.20516790449619293,0.9752487540245056,0,0,False,-0.522487461566925,0.005224874708801508
154.24400329589844,,"('DPDK', 1)",0.20516134798526764,0.9752436876296997,0,0,False,-0.5320436358451843,0.00532043632119894
136.81112670898438,,"('DPDK', 1)",0.20511452853679657,0.975161075592041,0,0,False,-0.5997012853622437,0.005997012834995985
126.43498229980469,,"('DPDK', 1)",0.2050788402557373,0.9750683307647705,0,0,False,-0.6488041281700134,0.006488041020929813
98.24469757080078,,"('DPDK', 1)",0.204946830868721,0.9748924970626831,0,0,False,-0.8344342112541199,0.00834434200078249
83.8802261352539,,"('OAI', 2)",0.17201846837997437,0.9335098266601562,2,2,False,-0.8503051996231079,0.00820305198431015
85.43559265136719,,"('OAI', 2)",0.17748022079467773,0.9336241483688354,2,2,False,-0.8309427499771118,0.00830942764878273
65.63836669921875,,"('OAI', 2)",0.1285725235939026,0.9291700124740601,2,2,False,-0.7835205793380737,0.007835205644369125
62.17499923706055,,"('OAI', 2)",0.11624151468276978,0.9279925227165222,2,2,False,-0.7478344440460205,0.00747834425419569
61.91144561767578,,"('OAI', 2)",0.11567234992980957,0.927904486656189,2,2,False,-0.7473406195640564,0.007473406381905079
65.12913513183594,,"('OAI', 2)",0.1273295283317566,0.9289954304695129,2,2,False,-0.7820127606391907,0.0078201275318861
38.7056884765625,,"('OAI', 1)",0.07744944095611572,0.9328182339668274,1,1,False,-0.8033933639526367,0.008003933355212212
40.42182922363281,,"('OAI', 1)",0.08087226748466492,0.9332758188247681,1,1,False,-0.8002830743789673,0.008002830669283867
30.927318572998047,,"('OAI', 1)",0.0577789843082428,0.9278846979141235,1,1,False,-0.7472873330116272,0.0074728731997311115
30.075227737426758,,"('OAI', 1)",0.05702528357505798,0.9272772073745728,1,1,False,-0.7584352493286133,0.007584352511912584
24.107799530029297,,"('OAI', 1)",0.059007346630096436,0.9225592613220215,1,1,False,-0.9790581464767456,0.009790581651031971
24.730207443237305,,"('OAI', 1)",0.06195870041847229,0.9231364130973816,1,1,False,-1.0021541118621826,0.010021541267633438
21.124332427978516,,"('OAI', 1)",0.04997861385345459,0.9207010865211487,1,1,False,-0.9463704824447632,0.009463705122470856
23.100521087646484,,"('OAI', 1)",0.05541232228279114,0.9215840101242065,1,1,False,-0.9594990611076355,0.009594990871846676
32.19617462158203,,"('OAI', 1)",0.06215175986289978,0.9287486672401428,1,1,False,-0.7721632719039917,0.007721632719039917
42.09807586669922,,"('OAI', 1)",0.08652320504188538,0.9335293769836426,1,1,False,-0.8221107721328735,0.00822110753506422
39.222511291503906,,"('OAI', 1)",0.07753640413284302,0.9330810308456421,1,1,False,-0.7907337546348572,0.007907337509095669
27.164865493774414,,"('OAI', 1)",0.057686418294906616,0.9251723289489746,1,1,False,-0.8494269251823425,0.008494269102811813
34.475303649902344,,"('OAI', 1)",0.07048976421356201,0.9302455186843872,1,1,False,-0.8178580403327942,0.008178580552339554
25.935060501098633,,"('OAI', 1)",0.061035871505737305,0.9242063164710999,1,1,False,-0.9413646459579468,0.009413646534085274
29.580711364746094,,"('OAI', 1)",0.056841254234313965,0.9269354343414307,1,1,False,-0.7686259150505066,0.007686259225010872
47.99835968017578,,"('OAI', 1)",0.10709817707538605,0.9344441890716553,1,1,False,-0.8925153017044067,0.008925152942538261
70.49388122558594,,"('OAI', 2)",0.14643549919128418,0.930727481842041,2,2,False,-0.8429118990898132,0.008309118449687958
90.06549072265625,,"('OAI', 2)",0.1941036581993103,0.9339911341667175,2,2,False,-0.8620556592941284,0.008620556443929672
83.12713623046875,,"('OAI', 2)",0.1695602536201477,0.933438777923584,2,2,False,-0.8159080743789673,0.008159080520272255
97.02323150634766,,"('OAI', 2)",0.21750298142433167,0.934523344039917,2,2,False,-0.8967047333717346,0.008967047557234764
80.49644470214844,,"('OAI', 2)",0.1604830026626587,0.9332455992698669,2,2,False,-0.7974662780761719,0.007974662818014622
97.22684478759766,,"('DPDK', 1)",0.20494142174720764,0.9748806357383728,0,0,False,-0.8731474280357361,0.008431474678218365
92.72699737548828,,"('DPDK', 1)",0.20491936802864075,0.9748325347900391,0,0,False,-0.8839685320854187,0.008839685469865799
101.9574966430664,,"('DPDK', 1)",0.20496611297130585,0.9749300479888916,0,0,False,-0.8041237592697144,0.008041237480938435
119.3082275390625,,"('DPDK', 1)",0.20504790544509888,0.9749975204467773,0,0,False,-0.6874560117721558,0.0068745603784918785
88.71131134033203,,"('OAI', 2)",0.18932658433914185,0.933878481388092,2,2,False,-0.8836750388145447,0.008536750450730324
69.21646881103516,,"('OAI', 2)",0.14214473962783813,0.930325984954834,2,2,False,-0.8214503526687622,0.008214503526687622
83.45687866210938,,"('OAI', 2)",0.17062252759933472,0.9334725141525269,2,2,False,-0.8177757263183594,0.008177757263183594
78.56983184814453,,"('OAI', 2)",0.1550925374031067,0.9331015944480896,2,2,False,-0.7895780801773071,0.007895780727267265
88.63238525390625,,"('OAI', 2)",0.18904602527618408,0.933863639831543,2,2,False,-0.8531690835952759,0.008531690575182438
75.12908935546875,,"('OAI', 2)",0.1545419692993164,0.9321160316467285,2,2,False,-0.8228076696395874,0.008228076621890068
75.8048324584961,,"('OAI', 2)",0.15463727712631226,0.9323254823684692,2,2,False,-0.8159758448600769,0.008159758523106575
81.22835540771484,,"('OAI', 2)",0.1631385087966919,0.9333061575889587,2,2,False,-0.8033574819564819,0.008033574558794498
95.57491302490234,,"('DPDK', 1)",0.20493251085281372,0.9748634099960327,0,0,False,-0.8876832723617554,0.008576832711696625
99.05850982666016,,"('DPDK', 1)",0.20495112240314484,0.9748979806900024,0,0,False,-0.8275962471961975,0.008275962434709072
92.43672180175781,,"('DPDK', 1)",0.20491819083690643,0.9748263955116272,0,0,False,-0.8867393136024475,0.008867393247783184
144.76991271972656,,"('DPDK', 1)",0.20513726770877838,0.9752284288406372,0,0,False,-0.5667953491210938,0.005667953286319971
173.03965759277344,,"('DPDK', 1)",0.20520229637622833,0.9752606153488159,0,0,False,-0.47434744238853455,0.004743474535644054
183.64317321777344,,"('DPDK', 1)",0.20522241294384003,0.975269615650177,0,0,False,-0.4470025300979614,0.004470025189220905
204.8489990234375,,"('DPDK', 1)",0.20525938272476196,0.9752936959266663,0,0,False,-0.40080133080482483,0.004008013289421797
243.32659912109375,,"('DPDK', 1)",0.2053176611661911,0.9753126502037048,0,0,False,-0.3375178277492523,0.0033751782029867172
205.1043701171875,,"('DPDK', 1)",0.2052597999572754,0.9752923846244812,0,0,False,-0.4003031253814697,0.004003031179308891
181.0352020263672,,"('DPDK', 1)",0.20521757006645203,0.9752671718597412,0,0,False,-0.45343130826950073,0.00453431298956275
148.88189697265625,,"('DPDK', 1)",0.20514823496341705,0.9752389788627625,0,0,False,-0.5511704087257385,0.00551170390099287
144.54718017578125,,"('DPDK', 1)",0.20513665676116943,0.9752275943756104,0,0,False,-0.5676670074462891,0.005676669999957085
156.44606018066406,,"('DPDK', 1)",0.20516645908355713,0.9752452969551086,0,0,False,-0.5245679020881653,0.005245679058134556
136.0037384033203,,"('DPDK', 1)",0.20511199533939362,0.9751578569412231,0,0,False,-0.6032540202140808,0.006032539997249842
130.83181762695312,,"('DPDK', 1)",0.20509541034698486,0.9751105904579163,0,0,False,-0.627050518989563,0.006270505487918854
107.83934020996094,,"('DPDK', 1)",0.2049952894449234,0.9749886393547058,0,0,False,-0.7603729367256165,0.007603729143738747
101.242431640625,,"('DPDK', 1)",0.20496246218681335,0.9749253392219543,0,0,False,-0.8097888231277466,0.008097887970507145
109.5398178100586,,"('DPDK', 1)",0.20500344038009644,0.9749959111213684,0,0,False,-0.7485988140106201,0.007485988084226847
105.47917175292969,,"('DPDK', 1)",0.20498378574848175,0.9749642014503479,0,0,False,-0.777343213558197,0.007773431949317455
114.6247787475586,,"('DPDK', 1)",0.20502705872058868,0.97499680519104,0,0,False,-0.7154720425605774,0.0071547203697264194
111.96395111083984,,"('DPDK', 1)",0.20501482486724854,0.9749964475631714,0,0,False,-0.7324315309524536,0.00732431560754776
126.2999267578125,,"('DPDK', 1)",0.20507827401161194,0.9750660061836243,0,0,False,-0.6494960784912109,0.006494960747659206
119.59820556640625,,"('DPDK', 1)",0.20504917204380035,0.9749963879585266,0,0,False,-0.6857934594154358,0.00685793487355113
153.53518676757812,,"('DPDK', 1)",0.20515969395637512,0.975243866443634,0,0,False,-0.5344955921173096,0.005344955716282129
168.0965118408203,,"('DPDK', 1)",0.20519237220287323,0.9752545356750488,0,0,False,-0.4882727861404419,0.00488272774964571
139.9558563232422,,"('DPDK', 1)",0.20512402057647705,0.9751889109611511,0,0,False,-0.5862535238265991,0.00586253497749567
176.59170532226562,,"('DPDK', 1)",0.2052091658115387,0.9752615690231323,0,0,False,-0.4648217558860779,0.004648217465728521
160.74717712402344,,"('DPDK', 1)",0.2051762491464615,0.9752500057220459,0,0,False,-0.5105563998222351,0.005105563905090094
214.6936492919922,,"('DPDK', 1)",0.2052752673625946,0.975300669670105,0,0,False,-0.38245242834091187,0.003824524348601699
215.17982482910156,,"('DPDK', 1)",0.20527604222297668,0.9753010272979736,0,0,False,-0.38158974051475525,0.0038158975075930357
164.7841339111328,,"('DPDK', 1)",0.205185204744339,0.9752548933029175,0,0,False,-0.49807029962539673,0.004980702884495258
175.8147735595703,,"('DPDK', 1)",0.2052076756954193,0.9752582311630249,0,0,False,-0.4668724238872528,0.00466872425749898
189.42034912109375,,"('DPDK', 1)",0.2052328884601593,0.9752759337425232,0,0,False,-0.43339142203330994,0.004333914257586002
169.7100830078125,,"('DPDK', 1)",0.20519572496414185,0.9752572774887085,0,0,False,-0.48363828659057617,0.004836382810026407
187.6143341064453,,"('DPDK', 1)",0.20522964000701904,0.9752779006958008,0,0,False,-0.4375564455986023,0.0043755644001066685
187.94610595703125,,"('DPDK', 1)",0.205230250954628,0.9752758741378784,0,0,False,-0.4367853105068207,0.004367853049188852
165.27438354492188,,"('DPDK', 1)",0.20518626272678375,0.9752517342567444,0,0,False,-0.49659544229507446,0.004965954460203648
216.0363311767578,,"('DPDK', 1)",0.20527738332748413,0.9753032922744751,0,0,False,-0.38007938861846924,0.003800793783739209
231.21888732910156,,"('DPDK', 1)",0.20530037581920624,0.9753167629241943,0,0,False,-0.3551619350910187,0.0035516193602234125
224.0286102294922,,"('DPDK', 1)",0.20528967678546906,0.9753096103668213,0,0,False,-0.36654189229011536,0.003665418829768896
276.9537658691406,,"('DPDK', 1)",0.20536057651042938,0.9751346111297607,0,0,False,-0.29659906029701233,0.002965990686789155
299.09906005859375,,"('DPDK', 1)",0.20538398623466492,0.9749726057052612,0,0,False,-0.27467018365859985,0.0027467019390314817
290.7749938964844,,"('DPDK', 1)",0.20537540316581726,0.9750306010246277,0,0,False,-0.28252139687538147,0.002825214061886072
319.28912353515625,,"('DPDK', 1)",0.2054038643836975,0.9748297929763794,0,0,False,-0.25732648372650146,0.0025732647627592087
306.7967224121094,,"('DPDK', 1)",0.20539171993732452,0.9749155640602112,0,0,False,-0.26778867840766907,0.0026778867468237877
328.66424560546875,,"('DPDK', 1)",0.20541267096996307,0.9747689366340637,0,0,False,-0.24999696016311646,0.0024999696761369705
265.4051818847656,,"('DPDK', 1)",0.20534707605838776,0.9752013683319092,0,0,False,-0.30948466062545776,0.0030948466155678034
239.5912628173828,,"('DPDK', 1)",0.20531241595745087,0.9753218293190002,0,0,False,-0.34277114272117615,0.0034277113154530525
241.27301025390625,,"('DPDK', 1)",0.2053147852420807,0.9753230810165405,0,0,False,-0.3403858244419098,0.003403858281672001
194.81544494628906,,"('DPDK', 1)",0.20524239540100098,0.9752799868583679,0,0,False,-0.42140889167785645,0.004214088898152113
155.0421600341797,,"('DPDK', 1)",0.20516321063041687,0.9752432703971863,0,0,False,-0.5293094515800476,0.005293094553053379
162.7118682861328,,"('DPDK', 1)",0.20518063008785248,0.9752508997917175,0,0,False,-0.5044023394584656,0.005044023506343365
150.38388061523438,,"('DPDK', 1)",0.20515216886997223,0.9752387404441833,0,0,False,-0.5456759333610535,0.0054567595943808556
140.64842224121094,,"('DPDK', 1)",0.20512595772743225,0.9751944541931152,0,0,False,-0.5833722352981567,0.005833722185343504
135.4528045654297,,"('DPDK', 1)",0.20511025190353394,0.9751518368721008,0,0,False,-0.6057025194168091,0.00605702493339777
119.32405090332031,,"('DPDK', 1)",0.20504797995090485,0.9749969840049744,0,0,False,-0.6873651146888733,0.006873651407659054
83.3116683959961,,"('OAI', 2)",0.1701735258102417,0.9334712028503418,2,2,False,-0.847045361995697,0.00817045383155346
80.40553283691406,,"('OAI', 2)",0.16015201807022095,0.9332322478294373,2,2,False,-0.7967213988304138,0.007967214100062847
74.48958587646484,,"('OAI', 2)",0.15441489219665527,0.9319352507591248,2,2,False,-0.8291891813278198,0.008291891776025295
54.76216506958008,,"('OAI', 2)",0.11420059204101562,0.9253283143043518,2,2,False,-0.83415687084198,0.008341568522155285
59.2230224609375,,"('OAI', 2)",0.1137247085571289,0.9269684553146362,2,2,False,-0.7681114673614502,0.007681114599108696
53.61891555786133,,"('OAI', 2)",0.11727714538574219,0.9249011874198914,2,2,False,-0.874893844127655,0.008748938329517841
55.065425872802734,,"('OAI', 2)",0.1133955717086792,0.9254706501960754,2,2,False,-0.8237152099609375,0.008237152360379696
50.95166015625,,"('OAI', 1)",0.11617149412631989,0.9348692893981934,1,1,False,-0.9150133728981018,0.009120133705437183
49.909725189208984,,"('OAI', 1)",0.1131659597158432,0.9347221851348877,1,1,False,-0.9069652557373047,0.009069652296602726
33.689598083496094,,"('OAI', 1)",0.06702393293380737,0.9297435283660889,1,1,False,-0.7957819104194641,0.007957818917930126
36.130592346191406,,"('OAI', 1)",0.0755818784236908,0.9312630295753479,1,1,False,-0.8367632627487183,0.008367632515728474
94.31413269042969,,"('OAI', 1)",0.21356910467147827,0.9278721809387207,1,1,False,-0.9057776927947998,0.009057777002453804
69.67963409423828,,"('OAI', 1)",0.1591119021177292,0.9340530633926392,1,1,False,-0.9133911728858948,0.009133911691606045
40.35557174682617,,"('OAI', 1)",0.08063608407974243,0.9332592487335205,1,1,False,-0.7992560267448425,0.007992560043931007
47.79618835449219,,"('OAI', 1)",0.1064305454492569,0.9344168901443481,1,1,False,-0.8907032012939453,0.008907032199203968
29.732046127319336,,"('OAI', 1)",0.0569036602973938,0.9270460605621338,1,1,False,-0.7655532360076904,0.007655532564967871
27.38720703125,,"('OAI', 1)",0.05708077549934387,0.9253440499305725,1,1,False,-0.8336852192878723,0.008336852304637432
23.44199562072754,,"('OAI', 1)",0.05630624294281006,0.9219245910644531,1,1,False,-0.9607755541801453,0.009607755579054356
22.69793128967285,,"('OAI', 1)",0.0543384850025177,0.9211901426315308,1,1,False,-0.9575936198234558,0.009575936011970043
38.34646224975586,,"('OAI', 1)",0.07738584280014038,0.9325937032699585,1,1,False,-0.8072279691696167,0.008072279393672943
26.634794235229492,,"('OAI', 1)",0.05910712480545044,0.9247862696647644,1,1,False,-0.8876678347587585,0.0088766785338521
28.0002384185791,,"('OAI', 1)",0.056304216384887695,0.9258036017417908,1,1,False,-0.8043390512466431,0.008043390698730946
46.256893157958984,,"('OAI', 1)",0.10127300024032593,0.934175968170166,1,1,False,-0.8757440447807312,0.008757440373301506
47.45170211791992,,"('OAI', 1)",0.10530780255794525,0.9343658089637756,1,1,False,-0.8877052068710327,0.008877051994204521
85.04790496826172,,"('OAI', 2)",0.1760420799255371,0.9335891008377075,2,2,False,-0.8399667739868164,0.008279667235910892
85.52470397949219,,"('OAI', 2)",0.17781895399093628,0.9336334466934204,2,2,False,-0.8316612839698792,0.008316612802445889
68.78471374511719,,"('OAI', 2)",0.1402685046195984,0.9301810264587402,2,2,False,-0.8156958222389221,0.008156958036124706
87.43982696533203,,"('OAI', 2)",0.18477702140808105,0.9337857961654663,2,2,False,-0.8452762961387634,0.008452762849628925
85.92961883544922,,"('OAI', 2)",0.17930102348327637,0.9336539506912231,2,2,False,-0.8346413373947144,0.008346413262188435
89.05438995361328,,"('OAI', 2)",0.19053661823272705,0.933906078338623,2,2,False,-0.8558213710784912,0.008558213710784912
105.4351806640625,,"('OAI', 2)",0.24197769165039062,0.9350577592849731,2,2,False,-0.9180150032043457,0.009180149994790554
79.13188934326172,,"('OAI', 2)",0.15589219331741333,0.9331458210945129,2,2,False,-0.7880119681358337,0.007880119606852531
54.219661712646484,,"('OAI', 2)",0.1156461238861084,0.9251458644866943,2,2,False,-0.8531674742698669,0.00853167474269867
61.173770904541016,,"('OAI', 2)",0.11472463607788086,0.9276385307312012,2,2,False,-0.7501557469367981,0.007501557469367981
70.55815124511719,,"('OAI', 2)",0.1466485857963562,0.9307480454444885,2,2,False,-0.8313629627227783,0.008313629776239395
66.0616455078125,,"('OAI', 2)",0.12954705953598022,0.9293120503425598,2,2,False,-0.7844010591506958,0.00784401036798954
60.3840446472168,,"('OAI', 2)",0.11416471004486084,0.9273659586906433,2,2,False,-0.7562574744224548,0.007562574464827776
75.49118041992188,,"('OAI', 2)",0.15459883213043213,0.9322267770767212,2,2,False,-0.8191623687744141,0.008191623724997044
69.34428405761719,,"('OAI', 2)",0.14270228147506714,0.9303714632987976,2,2,False,-0.8231523633003235,0.00823152344673872
60.4849853515625,,"('OAI', 2)",0.11421835422515869,0.9274018406867981,2,2,False,-0.7553501725196838,0.007553501520305872
85.60704803466797,,"('OAI', 2)",0.17810219526290894,0.9336368441581726,2,2,False,-0.8321846723556519,0.008321846835315228
99.12348175048828,,"('DPDK', 1)",0.2049514651298523,0.9748978614807129,0,0,False,-0.857055127620697,0.008270551450550556
96.50794219970703,,"('DPDK', 1)",0.20493756234645844,0.9748712182044983,0,0,False,-0.849412202835083,0.008494121953845024
136.62521362304688,,"('DPDK', 1)",0.20511394739151,0.9751579165458679,0,0,False,-0.600515604019165,0.006005156319588423
165.25746154785156,,"('DPDK', 1)",0.20518623292446136,0.9752565622329712,0,0,False,-0.4966461956501007,0.004966462031006813
201.201171875,,"('DPDK', 1)",0.20525330305099487,0.9752883911132812,0,0,False,-0.4080558717250824,0.0040805586613714695
186.84156799316406,,"('DPDK', 1)",0.20522825419902802,0.9752739071846008,0,0,False,-0.43936315178871155,0.0043936315923929214
184.88160705566406,,"('DPDK', 1)",0.2052246779203415,0.9752688407897949,0,0,False,-0.44401320815086365,0.004440132062882185
196.5148468017578,,"('DPDK', 1)",0.20524533092975616,0.975283682346344,0,0,False,-0.4177706241607666,0.004177706316113472
166.40164184570312,,"('DPDK', 1)",0.20518872141838074,0.975255012512207,0,0,False,-0.4932372272014618,0.004932372365146875
159.748779296875,,"('DPDK', 1)",0.20517399907112122,0.9752518534660339,0,0,False,-0.513741672039032,0.005137416534125805
142.14773559570312,,"('DPDK', 1)",0.20513010025024414,0.9752056002616882,0,0,False,-0.57723069190979,0.005772307049483061
154.7196044921875,,"('DPDK', 1)",0.20516246557235718,0.9752475619316101,0,0,False,-0.5304110050201416,0.005304110236465931
121.45088195800781,,"('DPDK', 1)",0.20505733788013458,0.975016713142395,0,0,False,-0.6753588914871216,0.006753589026629925
97.3636703491211,,"('DPDK', 1)",0.20494215190410614,0.9748814105987549,0,0,False,-0.8419656157493591,0.008419656194746494
93.29705810546875,,"('DPDK', 1)",0.2049216777086258,0.9748383164405823,0,0,False,-0.8785772323608398,0.008785772137343884
114.29834747314453,,"('DPDK', 1)",0.2050255686044693,0.9749948978424072,0,0,False,-0.7175101637840271,0.007175101898610592
100.23481750488281,,"('DPDK', 1)",0.2049572616815567,0.9749137163162231,0,0,False,-0.8179084658622742,0.00817908439785242
122.00444030761719,,"('DPDK', 1)",0.20505976676940918,0.9750266075134277,0,0,False,-0.6723026037216187,0.006723026279360056
131.6180877685547,,"('DPDK', 1)",0.2050979733467102,0.9751198887825012,0,0,False,-0.6233124136924744,0.006233124062418938
116.93319702148438,,"('DPDK', 1)",0.2050374448299408,0.9749961495399475,0,0,False,-0.7013831734657288,0.007013831753283739
118.62008666992188,,"('DPDK', 1)",0.20504489541053772,0.9749952554702759,0,0,False,-0.6914340257644653,0.0069143399596214294
135.99227905273438,,"('DPDK', 1)",0.20511195063591003,0.9751574993133545,0,0,False,-0.6033046841621399,0.00603304710239172
147.06065368652344,,"('DPDK', 1)",0.20514340698719025,0.9752400517463684,0,0,False,-0.5579831004142761,0.005579831078648567
138.88687133789062,,"('DPDK', 1)",0.2051209658384323,0.9751774072647095,0,0,False,-0.5907569527626038,0.005907569546252489
133.8757781982422,,"('DPDK', 1)",0.2051052451133728,0.9751380085945129,0,0,False,-0.6128225326538086,0.006128225475549698
152.9968719482422,,"('DPDK', 1)",0.20515842735767365,0.975242018699646,0,0,False,-0.5363729000091553,0.005363728851079941
156.42881774902344,,"('DPDK', 1)",0.20516642928123474,0.975246012210846,0,0,False,-0.5246256589889526,0.005246256478130817
169.4835662841797,,"('DPDK', 1)",0.20519527792930603,0.9752572774887085,0,0,False,-0.48428359627723694,0.004842835944145918
163.75152587890625,,"('DPDK', 1)",0.20518292486667633,0.9752523303031921,0,0,False,-0.501205563545227,0.005012055393308401
158.65945434570312,,"('DPDK', 1)",0.20517152547836304,0.9752479195594788,0,0,False,-0.5172626376152039,0.005172626581043005
137.4329833984375,,"('DPDK', 1)",0.20511646568775177,0.9751678109169006,0,0,False,-0.5969934463500977,0.005969934165477753
152.3700714111328,,"('DPDK', 1)",0.20515693724155426,0.975240170955658,0,0,False,-0.5385754108428955,0.0053857541643083096
127.01263427734375,,"('DPDK', 1)",0.2050812840461731,0.975074827671051,0,0,False,-0.645861029624939,0.00645861029624939
152.820556640625,,"('DPDK', 1)",0.20515801012516022,0.975242018699646,0,0,False,-0.5369906425476074,0.005369906313717365
176.77700805664062,,"('DPDK', 1)",0.20520952343940735,0.975260853767395,0,0,False,-0.4643353223800659,0.004643353167921305
192.86590576171875,,"('DPDK', 1)",0.20523898303508759,0.975280225276947,0,0,False,-0.42566150426864624,0.004256614949554205
183.42355346679688,,"('DPDK', 1)",0.2052220106124878,0.9752692580223083,0,0,False,-0.4475368559360504,0.004475368652492762
184.990478515625,,"('DPDK', 1)",0.2052248865365982,0.9752712249755859,0,0,False,-0.44375234842300415,0.004437523428350687
187.21275329589844,,"('DPDK', 1)",0.20522892475128174,0.9752758145332336,0,0,False,-0.4384934902191162,0.004384934902191162
159.4888916015625,,"('DPDK', 1)",0.20517341792583466,0.9752499461174011,0,0,False,-0.514577329158783,0.00514577329158783
171.99127197265625,,"('DPDK', 1)",0.20520024001598358,0.9752598404884338,0,0,False,-0.4772340953350067,0.004772340878844261
194.13833618164062,,"('DPDK', 1)",0.20524120330810547,0.9752779006958008,0,0,False,-0.42287617921829224,0.00422876188531518
228.26318359375,,"('DPDK', 1)",0.20529602468013763,0.9753111004829407,0,0,False,-0.35975319147109985,0.00359753193333745
241.51046752929688,,"('DPDK', 1)",0.20531512796878815,0.9753258228302002,0,0,False,-0.34005171060562134,0.003400517161935568
244.6593475341797,,"('DPDK', 1)",0.20531950891017914,0.9753086566925049,0,0,False,-0.3356822431087494,0.003356822533532977
249.58541870117188,,"('DPDK', 1)",0.20532625913619995,0.9752788543701172,0,0,False,-0.3290677070617676,0.003290677210316062
247.23959350585938,,"('DPDK', 1)",0.20532305538654327,0.9752950072288513,0,0,False,-0.33218473196029663,0.0033218474127352238
265.0201416015625,,"('DPDK', 1)",0.20534658432006836,0.9751996994018555,0,0,False,-0.3099335730075836,0.00309933559037745
240.32337951660156,,"('DPDK', 1)",0.20531345903873444,0.9753231406211853,0,0,False,-0.34172865748405457,0.003417286556214094
158.54978942871094,,"('DPDK', 1)",0.20517128705978394,0.9752473831176758,0,0,False,-0.5176198482513428,0.005176198203116655
155.03573608398438,,"('DPDK', 1)",0.20516319572925568,0.9752472043037415,0,0,False,-0.529331386089325,0.005293313879519701
144.84698486328125,,"('DPDK', 1)",0.2051374763250351,0.9752312302589417,0,0,False,-0.5664942860603333,0.0056649427860975266
138.514404296875,,"('DPDK', 1)",0.20511981844902039,0.9751744270324707,0,0,False,-0.59234219789505,0.0059234220534563065
132.9854736328125,,"('DPDK', 1)",0.20510239899158478,0.9751279354095459,0,0,False,-0.6169167160987854,0.006169166881591082
156.1044464111328,,"('DPDK', 1)",0.20516566932201385,0.9752453565597534,0,0,False,-0.5257138609886169,0.005257138516753912
143.25057983398438,,"('DPDK', 1)",0.2051331251859665,0.9752140045166016,0,0,False,-0.5727952122688293,0.005727952346205711
110.40299224853516,,"('DPDK', 1)",0.20500752329826355,0.9749962687492371,0,0,False,-0.7427607774734497,0.007427607662975788
97.31256103515625,,"('DPDK', 1)",0.20494188368320465,0.9748807549476624,0,0,False,-0.842406690120697,0.008424066938459873
86.71900939941406,,"('OAI', 2)",0.18217605352401733,0.9337178468704224,2,2,False,-0.870305061340332,0.0084030507132411
83.89701080322266,,"('OAI', 2)",0.1720682978630066,0.9335177540779114,2,2,False,-0.8203786611557007,0.008203786797821522
73.62907409667969,,"('OAI', 2)",0.1542668342590332,0.9316738843917847,2,2,False,-0.8380756974220276,0.008380756713449955
70.73995971679688,,"('OAI', 2)",0.1470862627029419,0.930804431438446,2,2,False,-0.8317011594772339,0.008317011408507824
68.29297637939453,,"('OAI', 2)",0.1381283402442932,0.9300337433815002,2,2,False,-0.809033989906311,0.008090339601039886
68.8512954711914,,"('OAI', 2)",0.14055287837982178,0.9302085638046265,2,2,False,-0.8165590763092041,0.008165590465068817
62.69630813598633,,"('OAI', 2)",0.1173166036605835,0.928176999092102,2,2,False,-0.7484753727912903,0.007484753616154194
50.40756607055664,,"('OAI', 1)",0.11466948688030243,0.9347937107086182,1,1,False,-0.9129387140274048,0.009099386632442474
43.28965759277344,,"('OAI', 1)",0.09083983302116394,0.9337062835693359,1,1,False,-0.8393675088882446,0.008393675088882446
53.27710723876953,,"('OAI', 1)",0.12247097492218018,0.9351184368133545,1,1,False,-0.9195016622543335,0.009195016697049141
35.42388153076172,,"('OAI', 1)",0.0736919641494751,0.9308375716209412,1,1,False,-0.8321162462234497,0.008321162313222885
47.456119537353516,,"('OAI', 1)",0.10531310737133026,0.9343644380569458,1,1,False,-0.887667179107666,0.008876672014594078
37.72016143798828,,"('OAI', 1)",0.07728621363639832,0.9322159886360168,1,1,False,-0.8195745944976807,0.008195745758712292
21.843610763549805,,"('OAI', 1)",0.0520060658454895,0.920611560344696,1,1,False,-0.9523345828056335,0.009523346088826656
25.453271865844727,,"('OAI', 1)",0.06204020977020264,0.9237834215164185,1,1,False,-0.9749664068222046,0.00974966399371624
17.199329376220703,,"('OAI', 1)",0.04634883999824524,0.9212493300437927,1,1,False,-1.0779221057891846,0.01077922061085701
16.195720672607422,,"('OAI', 1)",0.04388707876205444,0.9208359122276306,1,1,False,-1.0839178562164307,0.010839179158210754
21.965463638305664,,"('OAI', 1)",0.052348047494888306,0.9205697774887085,1,1,False,-0.9532791376113892,0.009532791562378407
12.941641807556152,,"('OAI', 2)",0.03361254930496216,0.9062156081199646,2,2,False,-1.0508959293365479,0.010388960130512714
10.388400077819824,,"('OAI', 2)",0.002426743507385254,0.9015293121337891,2,2,False,-0.09344051033258438,0.000934405077714473
22.716663360595703,,"('OAI', 2)",0.06001979112625122,0.9163919687271118,2,2,False,-1.0568416118621826,0.010568416677415371
17.236968994140625,,"('OAI', 2)",0.041137516498565674,0.9121376276016235,2,2,False,-0.9546346068382263,0.00954634603112936
22.082717895507812,,"('OAI', 1)",0.0526793897151947,0.9205663204193115,1,1,False,-0.9572193622589111,0.00954219326376915
30.278791427612305,,"('OAI', 1)",0.0571402907371521,0.927423894405365,1,1,False,-0.7548556327819824,0.007548556197434664
40.850399017333984,,"('OAI', 1)",0.08240929245948792,0.9333477020263672,1,1,False,-0.8069374561309814,0.008069374598562717
46.86515426635742,,"('OAI', 1)",0.10333061218261719,0.93427973985672,1,1,False,-0.8819398283958435,0.00881939847022295
45.933895111083984,,"('OAI', 1)",0.10017254948616028,0.9341213703155518,1,1,False,-0.872319221496582,0.008723191916942596
62.40671920776367,,"('OAI', 2)",0.11671555042266846,0.928070604801178,2,2,False,-0.7600960731506348,0.007480960339307785
67.52766418457031,,"('OAI', 2)",0.1347011923789978,0.9297836422920227,2,2,False,-0.7979022264480591,0.007979022338986397
61.40251159667969,,"('OAI', 2)",0.11486852169036865,0.9277164340019226,2,2,False,-0.7482985258102417,0.007482985034584999
59.77944564819336,,"('OAI', 2)",0.11390382051467896,0.9271629452705383,2,2,False,-0.7621604204177856,0.007621604483574629
77.64921569824219,,"('OAI', 2)",0.15493232011795044,0.9328965544700623,2,2,False,-0.798114001750946,0.007981140166521072
88.1260986328125,,"('OAI', 2)",0.18723154067993164,0.9338337182998657,2,2,False,-0.8498347401618958,0.008498347364366055
98.4356689453125,,"('DPDK', 1)",0.2049478441476822,0.9748921394348145,0,0,False,-0.8628194332122803,0.008328194729983807
92.40782928466797,,"('DPDK', 1)",0.20491807162761688,0.9748288989067078,0,0,False,-0.8870159983634949,0.008870160207152367
113.16378021240234,,"('DPDK', 1)",0.20502038300037384,0.9749972820281982,0,0,False,-0.7246854901313782,0.007246855180710554
107.78298950195312,,"('DPDK', 1)",0.2049950212240219,0.9749882221221924,0,0,False,-0.7607694864273071,0.007607694715261459
117.49063873291016,,"('DPDK', 1)",0.20503991842269897,0.9749974608421326,0,0,False,-0.698063850402832,0.006980638485401869
113.30455017089844,,"('DPDK', 1)",0.20502102375030518,0.9749985933303833,0,0,False,-0.7237874269485474,0.007237874437123537
132.88963317871094,,"('DPDK', 1)",0.2051020860671997,0.9751277565956116,0,0,False,-0.6173607110977173,0.006173606961965561
126.87689971923828,,"('DPDK', 1)",0.20508071780204773,0.9750750660896301,0,0,False,-0.646550178527832,0.006465502083301544
135.38723754882812,,"('DPDK', 1)",0.20511004328727722,0.9751485586166382,0,0,False,-0.6059951782226562,0.006059952080249786
125.74337005615234,,"('DPDK', 1)",0.2050759196281433,0.9750646352767944,0,0,False,-0.6523633599281311,0.0065236338414251804
119.95101928710938,,"('DPDK', 1)",0.20505070686340332,0.9750006794929504,0,0,False,-0.6837814450263977,0.0068378145806491375
132.6461944580078,,"('DPDK', 1)",0.20510129630565643,0.9751251339912415,0,0,False,-0.6184912919998169,0.006184913218021393
141.31793212890625,,"('DPDK', 1)",0.2051278054714203,0.97519850730896,0,0,False,-0.5806136131286621,0.0058061364106833935
166.45233154296875,,"('DPDK', 1)",0.2051888257265091,0.9752559065818787,0,0,False,-0.4930872917175293,0.0049308729358017445
169.05531311035156,,"('DPDK', 1)",0.2051944136619568,0.9752567410469055,0,0,False,-0.4855083227157593,0.004855083301663399
135.51058959960938,,"('DPDK', 1)",0.20511043071746826,0.9751508831977844,0,0,False,-0.6054447293281555,0.006054447498172522
146.2149658203125,,"('DPDK', 1)",0.20514115691184998,0.975236177444458,0,0,False,-0.5612042546272278,0.005612042732536793
133.94232177734375,,"('DPDK', 1)",0.20510545372962952,0.9751383066177368,0,0,False,-0.6125187277793884,0.006125187501311302
151.43453979492188,,"('DPDK', 1)",0.20515471696853638,0.9752417206764221,0,0,False,-0.5418967604637146,0.005418967455625534
163.99441528320312,,"('DPDK', 1)",0.2051834613084793,0.9752517342567444,0,0,False,-0.5004644989967346,0.005004644859582186
168.7374267578125,,"('DPDK', 1)",0.20519375801086426,0.9752546548843384,0,0,False,-0.4864214360713959,0.004864214453846216
155.98973083496094,,"('DPDK', 1)",0.20516541600227356,0.9752457141876221,0,0,False,-0.5260998010635376,0.0052609979175031185
168.21688842773438,,"('DPDK', 1)",0.20519264042377472,0.9752549529075623,0,0,False,-0.4879239797592163,0.004879239946603775
144.5638427734375,,"('DPDK', 1)",0.20513670146465302,0.9752272367477417,0,0,False,-0.5676016807556152,0.005676016677170992
158.9334716796875,,"('DPDK', 1)",0.20517215132713318,0.975247323513031,0,0,False,-0.5163723826408386,0.005163724068552256
181.4979248046875,,"('DPDK', 1)",0.20521843433380127,0.9752699136734009,0,0,False,-0.45227721333503723,0.004522772040218115
171.819580078125,,"('DPDK', 1)",0.20519989728927612,0.9752567410469055,0,0,False,-0.47771018743515015,0.0047771017998456955
139.85316467285156,,"('DPDK', 1)",0.20512373745441437,0.9751864075660706,0,0,False,-0.5866831541061401,0.005866831634193659
151.79568481445312,,"('DPDK', 1)",0.20515558123588562,0.9752427339553833,0,0,False,-0.5406097769737244,0.00540609797462821
169.1206817626953,,"('DPDK', 1)",0.20519454777240753,0.9752563834190369,0,0,False,-0.4853209853172302,0.00485320994630456
163.76625061035156,,"('DPDK', 1)",0.20518295466899872,0.975252091884613,0,0,False,-0.5011605620384216,0.005011605564504862
177.6939697265625,,"('DPDK', 1)",0.20521126687526703,0.9752631187438965,0,0,False,-0.461943119764328,0.0046194312162697315
156.9007110595703,,"('DPDK', 1)",0.2051675170660019,0.9752487540245056,0,0,False,-0.5230506062507629,0.0052305059507489204
153.45547485351562,,"('DPDK', 1)",0.2051595002412796,0.975242555141449,0,0,False,-0.5347726941108704,0.005347726866602898
162.88783264160156,,"('DPDK', 1)",0.20518101751804352,0.9752503633499146,0,0,False,-0.5038583874702454,0.005038584116846323
161.65701293945312,,"('DPDK', 1)",0.20517829060554504,0.9752518534660339,0,0,False,-0.5076879858970642,0.005076879635453224
152.3063507080078,,"('DPDK', 1)",0.20515678822994232,0.9752442240715027,0,0,False,-0.5388003587722778,0.005388003308326006
135.81993103027344,,"('DPDK', 1)",0.20511141419410706,0.975153923034668,0,0,False,-0.6040686964988708,0.006040686741471291
134.02244567871094,,"('DPDK', 1)",0.2051057070493698,0.9751400351524353,0,0,False,-0.6121532917022705,0.006121532991528511
150.1370391845703,,"('DPDK', 1)",0.2051515132188797,0.9752387404441833,0,0,False,-0.5465713739395142,0.005465713795274496
149.37303161621094,,"('DPDK', 1)",0.20514951646327972,0.9752400517463684,0,0,False,-0.5493615865707397,0.0054936157539486885
198.96865844726562,,"('DPDK', 1)",0.20524953305721283,0.9752856492996216,0,0,False,-0.41262683272361755,0.0041262684389948845
193.4003448486328,,"('DPDK', 1)",0.2052399218082428,0.9752834439277649,0,0,False,-0.4244872033596039,0.004244871903210878
204.50196838378906,,"('DPDK', 1)",0.2052588015794754,0.975289523601532,0,0,False,-0.4014803469181061,0.004014803562313318
221.4680938720703,,"('DPDK', 1)",0.20528578758239746,0.9753057360649109,0,0,False,-0.37077265977859497,0.0037077267188578844
231.17018127441406,,"('DPDK', 1)",0.20530030131340027,0.9753162860870361,0,0,False,-0.35523664951324463,0.0035523665137588978
242.7415313720703,,"('DPDK', 1)",0.20531684160232544,0.975317656993866,0,0,False,-0.3383299708366394,0.0033832998014986515
220.7486114501953,,"('DPDK', 1)",0.20528468489646912,0.9753038883209229,0,0,False,-0.37197911739349365,0.0037197910714894533
247.89199829101562,,"('DPDK', 1)",0.2053239494562149,0.9752901196479797,0,0,False,-0.3313119411468506,0.003313119523227215
243.67816162109375,,"('DPDK', 1)",0.2053181529045105,0.9753116965293884,0,0,False,-0.33703169226646423,0.003370316931977868
212.86309814453125,,"('DPDK', 1)",0.205272376537323,0.9752985835075378,0,0,False,-0.38573595881462097,0.0038573595229536295
219.16844177246094,,"('DPDK', 1)",0.20528225600719452,0.9753056168556213,0,0,False,-0.3746565878391266,0.0037465658970177174
208.15469360351562,,"('DPDK', 1)",0.20526480674743652,0.9752926826477051,0,0,False,-0.39444664120674133,0.003944466356188059
188.9217529296875,,"('DPDK', 1)",0.20523199439048767,0.9752755165100098,0,0,False,-0.43453332781791687,0.004345333203673363
124.26793670654297,,"('DPDK', 1)",0.20506960153579712,0.9750467538833618,0,0,False,-0.6600885391235352,0.006600885186344385
146.38623046875,,"('DPDK', 1)",0.2051416039466858,0.9752377271652222,0,0,False,-0.5605489015579224,0.005605489015579224
141.64498901367188,,"('DPDK', 1)",0.2051287144422531,0.9752033352851868,0,0,False,-0.5792756080627441,0.005792756099253893
131.6846160888672,,"('DPDK', 1)",0.20509818196296692,0.9751184582710266,0,0,False,-0.6229981184005737,0.006229981314390898
118.34138488769531,,"('DPDK', 1)",0.20504367351531982,0.9749969244003296,0,0,False,-0.6930582523345947,0.006930582225322723
91.26774597167969,,"('OAI', 2)",0.19827574491500854,0.9340901374816895,2,2,False,-0.8989849090576172,0.008689849637448788
80.49822235107422,,"('OAI', 2)",0.16048729419708252,0.9332455992698669,2,2,False,-0.7974700331687927,0.007974700070917606
79.81401824951172,,"('OAI', 2)",0.157958984375,0.9331938028335571,2,2,False,-0.791635274887085,0.007916352711617947
61.39768981933594,,"('OAI', 2)",0.11487030982971191,0.9277113676071167,2,2,False,-0.7483689785003662,0.007483689580112696
59.933494567871094,,"('OAI', 2)",0.11394613981246948,0.9272112250328064,2,2,False,-0.7604838609695435,0.007604838814586401
58.85254669189453,,"('OAI', 2)",0.11358428001403809,0.9268258213996887,2,2,False,-0.7719922661781311,0.007719922810792923
52.12976837158203,,"('OAI', 2)",0.12133944034576416,0.9243273138999939,2,2,False,-0.931056797504425,0.009310567751526833
59.64213943481445,,"('OAI', 2)",0.11387717723846436,0.927121639251709,2,2,False,-0.763736367225647,0.007637363858520985
47.419647216796875,,"('OAI', 1)",0.10519406199455261,0.9343497157096863,1,1,False,-0.8903458118438721,0.00887345802038908
37.066837310791016,,"('OAI', 1)",0.07717251777648926,0.9318170547485352,1,1,False,-0.832793116569519,0.00832793116569519
33.07457733154297,,"('OAI', 1)",0.0648784339427948,0.9293407201766968,1,1,False,-0.7846320867538452,0.007846320979297161
32.8078498840332,,"('OAI', 1)",0.06426650285720825,0.9291728138923645,1,1,False,-0.7835502624511719,0.007835502736270428
31.524873733520508,,"('OAI', 1)",0.05919966101646423,0.9282963871955872,1,1,False,-0.7511485815048218,0.007511485833674669
22.870859146118164,,"('OAI', 1)",0.05480378866195679,0.9213598966598511,1,1,False,-0.9584910869598389,0.009584911167621613
24.836267471313477,,"('OAI', 1)",0.06204801797866821,0.9232262372970581,1,1,False,-0.9993131160736084,0.009993131272494793
24.10830307006836,,"('OAI', 1)",0.05900996923446655,0.922562837600708,1,1,False,-0.9790812730789185,0.009790812619030476
26.85831069946289,,"('OAI', 1)",0.058493614196777344,0.924950361251831,1,1,False,-0.8711435794830322,0.008711435832083225
23.904787063598633,,"('OAI', 1)",0.05797910690307617,0.9223613142967224,1,1,False,-0.9701672792434692,0.009701672941446304
18.716005325317383,,"('OAI', 1)",0.049813300371170044,0.9210193157196045,1,1,False,-1.064613938331604,0.010646139271557331
28.546646118164062,,"('OAI', 1)",0.05649504065513611,0.9262060523033142,1,1,False,-0.791617214679718,0.007916172035038471
30.64091682434082,,"('OAI', 1)",0.05740076303482056,0.9276890754699707,1,1,False,-0.7493348121643066,0.0074933478608727455
30.129127502441406,,"('OAI', 1)",0.05704301595687866,0.9273326396942139,1,1,False,-0.7573139071464539,0.007573138922452927
44.942718505859375,,"('OAI', 1)",0.09673681855201721,0.9339658617973328,1,1,False,-0.8609787821769714,0.008609787560999393
46.391639709472656,,"('OAI', 1)",0.10173612833023071,0.934190571308136,1,1,False,-0.8771936297416687,0.008771936409175396
38.6728401184082,,"('OAI', 1)",0.0774429440498352,0.9328012466430664,1,1,False,-0.8010060787200928,0.008010060526430607
53.60131072998047,,"('OAI', 2)",0.11733543872833252,0.9249019622802734,2,2,False,-0.8876162171363831,0.008756161667406559
55.521793365478516,,"('OAI', 2)",0.11245465278625488,0.9256375432014465,2,2,False,-0.8101658821105957,0.008101658895611763
57.5987663269043,,"('OAI', 2)",0.1131587028503418,0.9263996481895447,2,2,False,-0.785841166973114,0.00785841140896082
59.782447814941406,,"('OAI', 2)",0.11390256881713867,0.9271562695503235,2,2,False,-0.7621138095855713,0.0076211378909647465
73.25184631347656,,"('OAI', 2)",0.15377652645111084,0.9315600395202637,2,2,False,-0.8397141695022583,0.008397141471505165
77.79957580566406,,"('OAI', 2)",0.154948890209198,0.9329429864883423,2,2,False,-0.7966567873954773,0.007966567762196064
119.01011657714844,,"('OAI', 2)",0.2748624384403229,0.9356687664985657,2,2,False,-0.9238287806510925,0.009238287806510925
146.0486602783203,,"('OAI', 2)",0.3305850028991699,0.9331789016723633,2,2,False,-0.9054105877876282,0.00905410572886467
53.18157958984375,,"('OAI', 2)",0.11845719814300537,0.9247363209724426,2,2,False,-0.8909640908241272,0.008909640833735466
68.69590759277344,,"('OAI', 2)",0.13986289501190186,0.9301565885543823,2,2,False,-0.8143885135650635,0.008143885061144829
72.03372955322266,,"('OAI', 2)",0.1505632996559143,0.9311947226524353,2,2,False,-0.8360710740089417,0.008360710926353931
87.44181060791016,,"('OAI', 2)",0.18478214740753174,0.9337857961654663,2,2,False,-0.8452804684638977,0.008452804759144783
73.64738464355469,,"('OAI', 2)",0.15428155660629272,0.9316801428794861,2,2,False,-0.8379472494125366,0.00837947241961956
62.24346160888672,,"('OAI', 2)",0.11637735366821289,0.9280145764350891,2,2,False,-0.7478848695755005,0.0074788485653698444
54.83914566040039,,"('OAI', 2)",0.11401200294494629,0.9253615140914917,2,2,False,-0.8316103219985962,0.008316103368997574
82.00209045410156,,"('OAI', 2)",0.16585469245910645,0.9333556890487671,2,2,False,-0.8090267181396484,0.008090266957879066
70.26559448242188,,"('OAI', 2)",0.1458255648612976,0.9306535720825195,2,2,False,-0.8301392197608948,0.008301392197608948
61.3083381652832,,"('OAI', 2)",0.11480844020843506,0.9276799559593201,2,2,False,-0.7490559220314026,0.007490559481084347
68.97578430175781,,"('OAI', 2)",0.14108991622924805,0.9302473068237305,2,2,False,-0.818199634552002,0.008181996643543243
96.43427276611328,,"('DPDK', 1)",0.2049371600151062,0.9748707413673401,0,0,False,-0.8800594210624695,0.008500594645738602
127.11753845214844,,"('DPDK', 1)",0.2050817310810089,0.9750787019729614,0,0,False,-0.645329475402832,0.006453294772654772
135.8424530029297,,"('DPDK', 1)",0.20511148869991302,0.9751538634300232,0,0,False,-0.6039687395095825,0.006039687432348728
147.3507843017578,,"('DPDK', 1)",0.20514418184757233,0.9752396941184998,0,0,False,-0.5568865537643433,0.0055688656866550446
157.97714233398438,,"('DPDK', 1)",0.20516997575759888,0.975245475769043,0,0,False,-0.5194928050041199,0.005194928031414747
140.27395629882812,,"('DPDK', 1)",0.20512491464614868,0.975191056728363,0,0,False,-0.5849266052246094,0.005849265959113836
138.32113647460938,,"('DPDK', 1)",0.20511922240257263,0.9751753807067871,0,0,False,-0.5931680798530579,0.0059316810220479965
110.24625396728516,,"('DPDK', 1)",0.20500677824020386,0.9749959707260132,0,0,False,-0.7438140511512756,0.007438140455633402
127.01949310302734,,"('DPDK', 1)",0.20508131384849548,0.9750749468803406,0,0,False,-0.6458262801170349,0.006458262912929058
105.73600006103516,,"('DPDK', 1)",0.20498505234718323,0.9749682545661926,0,0,False,-0.7754598259925842,0.007754598278552294
105.78032684326172,,"('DPDK', 1)",0.20498526096343994,0.9749682545661926,0,0,False,-0.7751356959342957,0.007751356810331345
91.91358184814453,,"('DPDK', 1)",0.2049160599708557,0.9748221635818481,0,0,False,-0.8917770385742188,0.008917770348489285
106.34635925292969,,"('DPDK', 1)",0.2049880474805832,0.9749723672866821,0,0,False,-0.7710204720497131,0.0077102044597268105
88.0693130493164,,"('OAI', 2)",0.18705964088439941,0.9338288307189941,2,2,False,-0.8796018958091736,0.008496019057929516
89.97065734863281,,"('OAI', 2)",0.1937580704689026,0.9339811205863953,2,2,False,-0.8614278435707092,0.00861427839845419
102.31085968017578,,"('OAI', 2)",0.2334606647491455,0.9348937273025513,2,2,False,-0.9127503037452698,0.009127503260970116
85.7713394165039,,"('OAI', 2)",0.17871403694152832,0.9336475729942322,2,2,False,-0.8334441184997559,0.008334441110491753
89.38508605957031,,"('DPDK', 1)",0.2049090564250946,0.9747934937477112,0,0,False,-0.9469720125198364,0.009169720113277435
103.14523315429688,,"('DPDK', 1)",0.20497214794158936,0.974942147731781,0,0,False,-0.7948875427246094,0.007948875427246094
104.00907135009766,,"('DPDK', 1)",0.20497648417949677,0.974952220916748,0,0,False,-0.7883023619651794,0.007883023470640182
88.33182525634766,,"('DPDK', 1)",0.20490634441375732,0.974778950214386,0,0,False,-0.9278936386108398,0.009278936311602592
88.48473358154297,,"('OAI', 2)",0.188523530960083,0.933861255645752,2,2,False,-0.8822306990623474,0.008522307500243187
92.34521484375,,"('OAI', 2)",0.20197612047195435,0.9341647624969482,2,2,False,-0.8748741745948792,0.008748741820454597
79.33457946777344,,"('OAI', 2)",0.15632420778274536,0.9331656694412231,2,2,False,-0.7881768941879272,0.007881768979132175
88.38123321533203,,"('OAI', 2)",0.18815505504608154,0.9338500499725342,2,2,False,-0.8515611290931702,0.008515611290931702
113.81922912597656,,"('DPDK', 1)",0.2050233781337738,0.9749979972839355,0,0,False,-0.750522792339325,0.007205228321254253
96.38306427001953,,"('DPDK', 1)",0.2049368917942047,0.9748697280883789,0,0,False,-0.8505099415779114,0.008505099453032017
87.46975708007812,,"('DPDK', 1)",0.20490410923957825,0.974773645401001,0,0,False,-0.9370283484458923,0.009370283223688602
96.38273620605469,,"('DPDK', 1)",0.2049368917942047,0.9748697280883789,0,0,False,-0.8505128622055054,0.00850512832403183
99.59959411621094,,"('DPDK', 1)",0.20495395362377167,0.9749045968055725,0,0,False,-0.8231116533279419,0.008231116458773613
119.86627197265625,,"('DPDK', 1)",0.20505033433437347,0.9750005006790161,0,0,False,-0.6842636466026306,0.006842636503279209
120.96101379394531,,"('DPDK', 1)",0.20505517721176147,0.9750110507011414,0,0,False,-0.6780868172645569,0.006780868396162987
110.38349151611328,,"('DPDK', 1)",0.2050074338912964,0.974997878074646,0,0,False,-0.7428916692733765,0.00742891663685441
134.3607177734375,,"('DPDK', 1)",0.20510679483413696,0.975138783454895,0,0,False,-0.6106153726577759,0.006106153596192598
145.39498901367188,,"('DPDK', 1)",0.2051389515399933,0.9752350449562073,0,0,False,-0.5643631815910339,0.005643631797283888
164.7183380126953,,"('DPDK', 1)",0.20518505573272705,0.9752550721168518,0,0,False,-0.49826890230178833,0.004982688929885626
178.10353088378906,,"('DPDK', 1)",0.2052120566368103,0.9752660393714905,0,0,False,-0.46088263392448425,0.004608826246112585
177.61996459960938,,"('DPDK', 1)",0.20521113276481628,0.9752644896507263,0,0,False,-0.46213531494140625,0.0046213530004024506
169.52114868164062,,"('DPDK', 1)",0.205195352435112,0.9752575159072876,0,0,False,-0.4841763973236084,0.0048417639918625355
208.012451171875,,"('DPDK', 1)",0.20526456832885742,0.9752945303916931,0,0,False,-0.39471593499183655,0.0039471592754125595
185.49476623535156,,"('DPDK', 1)",0.20522579550743103,0.975271463394165,0,0,False,-0.44254791736602783,0.004425479099154472
168.9560546875,,"('DPDK', 1)",0.20519421994686127,0.9752560257911682,0,0,False,-0.4857931137084961,0.004857931286096573
181.21441650390625,,"('DPDK', 1)",0.20521791279315948,0.9752700924873352,0,0,False,-0.4529836177825928,0.004529836121946573
151.6547393798828,,"('DPDK', 1)",0.20515523850917816,0.975242555141449,0,0,False,-0.5411112904548645,0.005411113146692514
164.9420928955078,,"('DPDK', 1)",0.20518554747104645,0.9752534627914429,0,0,False,-0.4975941479206085,0.004975941497832537
151.1704559326172,,"('DPDK', 1)",0.20515409111976624,0.9752418994903564,0,0,False,-0.5428417325019836,0.005428417585790157
109.23762512207031,,"('DPDK', 1)",0.20500199496746063,0.9749975204467773,0,0,False,-0.7506644129753113,0.007506644353270531
74.973388671875,,"('DPDK', 1)",0.20486922562122345,0.9744911193847656,0,0,False,-1.0930237770080566,0.010930237360298634
153.5703582763672,,"('DPDK', 1)",0.2051597684621811,0.9752438068389893,0,0,False,-0.5343733429908752,0.0053437333554029465
157.6027374267578,,"('DPDK', 1)",0.20516912639141083,0.9752452969551086,0,0,False,-0.5207247734069824,0.005207247566431761
159.03976440429688,,"('DPDK', 1)",0.20517238974571228,0.9752484560012817,0,0,False,-0.5160279273986816,0.005160279106348753
142.65603637695312,,"('DPDK', 1)",0.20513150095939636,0.9752105474472046,0,0,False,-0.5751779079437256,0.0057517788372933865
69.46321868896484,,"('OAI', 2)",0.14321649074554443,0.9304032325744629,2,2,False,-0.8547040224075317,0.008247040212154388
55.30534362792969,,"('OAI', 2)",0.11277437210083008,0.9255281686782837,2,2,False,-0.8156490325927734,0.00815649051219225
67.37357330322266,,"('OAI', 2)",0.13401734828948975,0.9297391176223755,2,2,False,-0.7956671714782715,0.0079566715285182
60.81262969970703,,"('OAI', 2)",0.1144716739654541,0.927519679069519,2,2,False,-0.7529467344284058,0.007529467344284058
35.83094787597656,,"('OAI', 1)",0.07478362321853638,0.9310795664787292,1,1,False,-0.837849497795105,0.0083484947681427
40.993831634521484,,"('OAI', 1)",0.08289286494255066,0.9333584308624268,1,1,False,-0.808832585811615,0.008088326081633568
28.905473709106445,,"('OAI', 1)",0.05662688612937927,0.9264535307884216,1,1,False,-0.7836146950721741,0.007836147211492062
30.256275177001953,,"('OAI', 1)",0.05712428689002991,0.9274011254310608,1,1,False,-0.7552058100700378,0.007552057970315218
36.76713180541992,,"('OAI', 1)",0.07712379097938538,0.9316577911376953,1,1,False,-0.8390514850616455,0.008390515111386776
24.669191360473633,,"('OAI', 1)",0.06182900071144104,0.9230750203132629,1,1,False,-1.0025298595428467,0.010025298222899437
19.263078689575195,,"('OAI', 1)",0.05099412798881531,0.9209598898887634,1,1,False,-1.0588988065719604,0.010588987730443478
14.285483360290527,,"('OAI', 1)",0.03879687190055847,0.9197282791137695,1,1,False,-1.0863299369812012,0.01086329948157072
10.748270034790039,,"('OAI', 2)",0.0069558024406433105,0.9022653102874756,2,2,False,-0.2708621919155121,0.0025886220391839743
9.63591194152832,,"('OAI', 2)",-0.0071599483489990234,0.8999683856964111,2,2,False,0.2962716221809387,-0.002972193295136094
12.296305656433105,,"('OAI', 2)",0.026194632053375244,0.9051467776298523,2,2,False,-0.8521138429641724,0.008521138690412045
9.353482246398926,,"('OAI', 2)",-0.01090151071548462,0.8993585705757141,2,2,False,0.4469590187072754,-0.0046620117500424385
26.23872184753418,,"('OAI', 2)",0.07070785760879517,0.9183854460716248,2,2,False,-1.077916145324707,0.010779161937534809
6.932722091674805,,"('OAI', 2)",-0.023581385612487793,0.8915574550628662,2,2,False,1.1073088645935059,-0.013605845160782337
4.211070537567139,,"('OAI', 2)",-0.012134850025177002,0.8768744468688965,2,2,False,0.45889580249786377,-0.011526617221534252
7.262102127075195,,"('OAI', 2)",-0.02460712194442749,0.8928384780883789,2,2,False,1.1405268907546997,-0.013553718104958534
19.120996475219727,,"('OAI', 2)",0.048188745975494385,0.9142897129058838,2,2,False,-1.008080244064331,0.010080802254378796
19.019718170166016,,"('OAI', 2)",0.04780048131942749,0.9141712188720703,2,2,False,-1.0052826404571533,0.010052826255559921
13.363261222839355,,"('OAI', 1)",0.03609994053840637,0.9186756610870361,1,1,False,-1.0835728645324707,0.010805727913975716
26.61296272277832,,"('OAI', 1)",0.059163033962249756,0.9247705936431885,1,1,False,-0.8892363905906677,0.008892363868653774
49.03780746459961,,"('OAI', 1)",0.11042866110801697,0.9345951080322266,1,1,False,-0.9007634520530701,0.009007634595036507
44.6180419921875,,"('OAI', 1)",0.09559714794158936,0.9339202642440796,1,1,False,-0.8570268750190735,0.008570268750190735
53.2499885559082,,"('OAI', 1)",0.12239570915699005,0.9351286888122559,1,1,False,-0.9194046258926392,0.009194046258926392
37.06343460083008,,"('OAI', 1)",0.07717913389205933,0.9318197965621948,1,1,False,-0.8329409956932068,0.00832941010594368
65.0533218383789,,"('OAI', 1)",0.14986714720726013,0.9353266954421997,1,1,False,-0.9215034246444702,0.009215034544467926
45.760738372802734,,"('OAI', 1)",0.09957268834114075,0.9340940117835999,1,1,False,-0.8703765273094177,0.008703765459358692
48.332481384277344,,"('OAI', 1)",0.10817432403564453,0.9344839453697205,1,1,False,-0.8952515125274658,0.008952515199780464
47.59851837158203,,"('OAI', 1)",0.10578650236129761,0.934377908706665,1,1,False,-0.8889898657798767,0.008889898657798767
45.601402282714844,,"('OAI', 1)",0.09902557730674744,0.9340742826461792,1,1,False,-0.8686186671257019,0.008686186745762825
40.847015380859375,,"('OAI', 1)",0.08239644765853882,0.9333441257476807,1,1,False,-0.8068785071372986,0.008068785071372986
49.49134063720703,,"('OAI', 1)",0.11186164617538452,0.9346585273742676,1,1,False,-0.9040905833244324,0.009040906094014645
39.35213088989258,,"('OAI', 1)",0.07755991816520691,0.9331086874008179,1,1,False,-0.7883681654930115,0.007883681915700436
51.57735824584961,,"('OAI', 1)",0.11790162324905396,0.9349498152732849,1,1,False,-0.9143673181533813,0.00914367288351059
45.108158111572266,,"('OAI', 1)",0.09731587767601013,0.9339908361434937,1,1,False,-0.8629558682441711,0.008629558607935905
46.441253662109375,,"('OAI', 1)",0.10191142559051514,0.9342073798179626,1,1,False,-0.8777664303779602,0.008777664043009281
47.863250732421875,,"('OAI', 1)",0.10666382312774658,0.9344291687011719,1,1,False,-0.8914048075675964,0.008914047852158546
46.81507110595703,,"('OAI', 1)",0.1031636893749237,0.9342672824859619,1,1,False,-0.8814570307731628,0.008814570493996143
54.94151306152344,,"('OAI', 2)",0.11371898651123047,0.9254044890403748,2,2,False,-0.839927613735199,0.008279276080429554
57.91355514526367,,"('OAI', 2)",0.11329364776611328,0.9264996647834778,2,2,False,-0.7825018167495728,0.007825017906725407
64.45060729980469,,"('OAI', 2)",0.12457197904586792,0.9287706017494202,2,2,False,-0.7731314897537231,0.0077313147485256195
84.734375,,"('OAI', 2)",0.174902081489563,0.9335689544677734,2,2,False,-0.8256487846374512,0.008256487548351288
89.4361572265625,,"('OAI', 2)",0.19189190864562988,0.9339360594749451,2,2,False,-0.8582296967506409,0.008582296781241894
95.0926513671875,,"('DPDK', 1)",0.20492993295192719,0.9748586416244507,0,0,False,-0.8920221924781799,0.008620222099125385
116.45648956298828,,"('DPDK', 1)",0.20503531396389008,0.9749959707260132,0,0,False,-0.7042469382286072,0.007042469456791878
110.5907974243164,,"('DPDK', 1)",0.205008402466774,0.9749980568885803,0,0,False,-0.741502583026886,0.00741502596065402
90.291748046875,,"('DPDK', 1)",0.20491136610507965,0.9748063683509827,0,0,False,-0.9077744483947754,0.00907774455845356
106.25155639648438,,"('DPDK', 1)",0.20498758554458618,0.9749729633331299,0,0,False,-0.7717066407203674,0.007717066444456577
111.97953033447266,,"('DPDK', 1)",0.2050148993730545,0.9749955534934998,0,0,False,-0.7323299050331116,0.007323299068957567
157.32037353515625,,"('DPDK', 1)",0.2051684707403183,0.9752488136291504,0,0,False,-0.5216577053070068,0.005216577090322971
90.04519653320312,,"('DPDK', 1)",0.2049107402563095,0.9748013019561768,0,0,False,-0.9102572798728943,0.009102572686970234
111.48442840576172,,"('DPDK', 1)",0.20501258969306946,0.9749972820281982,0,0,False,-0.7355738878250122,0.0073557388968765736
84.33121490478516,,"('DPDK', 1)",0.2048957645893097,0.9747311472892761,0,0,False,-0.9718620181083679,0.009718620218336582
115.93183135986328,,"('DPDK', 1)",0.20503295958042145,0.9749997854232788,0,0,False,-0.7074259519577026,0.0070742592215538025
90.6847152709961,,"('DPDK', 1)",0.20491234958171844,0.9748064875602722,0,0,False,-0.9038451313972473,0.009038451127707958
97.25630187988281,,"('DPDK', 1)",0.20494157075881958,0.9748815298080444,0,0,False,-0.8428927659988403,0.008428927510976791
116.11011505126953,,"('DPDK', 1)",0.20503376424312592,0.9749969840049744,0,0,False,-0.7063424587249756,0.007063424680382013
104.69551086425781,,"('DPDK', 1)",0.20497989654541016,0.9749577045440674,0,0,False,-0.7831467986106873,0.007831468246877193
98.62007141113281,,"('DPDK', 1)",0.2049488127231598,0.9748928546905518,0,0,False,-0.8312661051750183,0.008312661200761795
88.28511047363281,,"('DPDK', 1)",0.20490622520446777,0.974780261516571,0,0,False,-0.9283840656280518,0.009283840656280518
93.04924774169922,,"('DPDK', 1)",0.2049206793308258,0.9748337864875793,0,0,False,-0.8809127807617188,0.00880912784487009
103.40227508544922,,"('DPDK', 1)",0.20497344434261322,0.9749464392662048,0,0,False,-0.7929165959358215,0.007929165847599506
115.61650848388672,,"('DPDK', 1)",0.20503154397010803,0.9749963879585266,0,0,False,-0.7093504071235657,0.007093504071235657
105.9831771850586,,"('DPDK', 1)",0.20498625934123993,0.974969208240509,0,0,False,-0.7736558318138123,0.007736558560281992
101.52835845947266,,"('DPDK', 1)",0.20496392250061035,0.9749253988265991,0,0,False,-0.807513952255249,0.008075139485299587
93.87445068359375,,"('DPDK', 1)",0.2049243003129959,0.9748446941375732,0,0,False,-0.8731845617294312,0.008731845766305923
121.52259063720703,,"('DPDK', 1)",0.20505765080451965,0.9750185608863831,0,0,False,-0.6749613881111145,0.006749614141881466
147.67044067382812,,"('DPDK', 1)",0.20514503121376038,0.9752365946769714,0,0,False,-0.5556833744049072,0.005556833930313587
86.00104522705078,,"('OAI', 2)",0.17958390712738037,0.9336697459220886,2,2,False,-0.865263819694519,0.008352638222277164
71.65619659423828,,"('OAI', 2)",0.14955639839172363,0.9310762882232666,2,2,False,-0.834855318069458,0.008348553441464901
90.38323211669922,,"('OAI', 2)",0.1951940655708313,0.9340165257453918,2,2,False,-0.8638507723808289,0.008638507686555386
88.44154357910156,,"('OAI', 2)",0.18836605548858643,0.9338599443435669,2,2,False,-0.8519346714019775,0.008519346825778484
63.88871383666992,,"('OAI', 2)",0.12212240695953369,0.9285849332809448,2,2,False,-0.764594554901123,0.007645945530384779
63.44495391845703,,"('OAI', 2)",0.1201777458190918,0.9284246563911438,2,2,False,-0.7576820254325867,0.007576819974929094
70.55473327636719,,"('OAI', 2)",0.14659899473190308,0.9307432174682617,2,2,False,-0.8311221599578857,0.00831122137606144
109.47449493408203,,"('DPDK', 1)",0.20500312745571136,0.9749937057495117,0,0,False,-0.7790443301200867,0.007490443531423807
113.24919891357422,,"('DPDK', 1)",0.20502077043056488,0.974998414516449,0,0,False,-0.7241402864456177,0.007241402752697468
127.22810363769531,,"('DPDK', 1)",0.20508219301700592,0.9750784635543823,0,0,False,-0.644770085811615,0.006447700783610344
119.59764862060547,,"('DPDK', 1)",0.20504917204380035,0.9749963879585266,0,0,False,-0.6857966780662537,0.006857966538518667
124.41743469238281,,"('DPDK', 1)",0.20507024228572845,0.975050151348114,0,0,False,-0.6592974662780762,0.006592974532395601
129.22222900390625,,"('DPDK', 1)",0.20509012043476105,0.9750952124595642,0,0,False,-0.6348447203636169,0.0063484469428658485
136.25363159179688,,"('DPDK', 1)",0.2051127701997757,0.9751558303833008,0,0,False,-0.6021498441696167,0.006021498702466488
123.0910415649414,,"('DPDK', 1)",0.20506450533866882,0.9750374555587769,0,0,False,-0.6663832068443298,0.006663831882178783
122.58746337890625,,"('DPDK', 1)",0.20506231486797333,0.9750311970710754,0,0,False,-0.6691135168075562,0.006691135000437498
172.04931640625,,"('DPDK', 1)",0.20520035922527313,0.9752585887908936,0,0,False,-0.4770733416080475,0.004770733416080475
144.73619079589844,,"('DPDK', 1)",0.20513716340065002,0.9752275347709656,0,0,False,-0.5669270753860474,0.005669270642101765
123.53145599365234,,"('DPDK', 1)",0.20506642758846283,0.9750409126281738,0,0,False,-0.6640136241912842,0.006640136241912842
105.49957275390625,,"('DPDK', 1)",0.2049838900566101,0.9749648571014404,0,0,False,-0.7771932482719421,0.007771932519972324
90.68089294433594,,"('DPDK', 1)",0.20491234958171844,0.9748076796531677,0,0,False,-0.9038832187652588,0.009038832038640976
116.90152740478516,,"('DPDK', 1)",0.20503729581832886,0.9749962687492371,0,0,False,-0.7015727162361145,0.007015726994723082
121.2823486328125,,"('DPDK', 1)",0.2050565928220749,0.9750186204910278,0,0,False,-0.6762949228286743,0.006762949284166098
114.4949722290039,,"('DPDK', 1)",0.20502646267414093,0.974995493888855,0,0,False,-0.7162811160087585,0.007162811234593391
107.93610382080078,,"('DPDK', 1)",0.2049957662820816,0.9749882817268372,0,0,False,-0.7596930265426636,0.007596930488944054
81.53327941894531,,"('OAI', 1)",0.18339818716049194,0.9308502674102783,1,1,False,-0.9297463297843933,0.008997463621199131
53.96904373168945,,"('OAI', 1)",0.12429341673851013,0.9351967573165894,1,1,False,-0.921220064163208,0.009212200529873371
40.683311462402344,,"('OAI', 1)",0.08181744813919067,0.9333142638206482,1,1,False,-0.8044325709342957,0.00804432574659586
36.385738372802734,,"('OAI', 1)",0.07626134157180786,0.9314273595809937,1,1,False,-0.8383651971817017,0.008383652195334435
41.040794372558594,,"('OAI', 1)",0.08305752277374268,0.9333788752555847,1,1,False,-0.8095118403434753,0.008095118217170238
28.11579132080078,,"('OAI', 1)",0.056348949670791626,0.9258833527565002,1,1,False,-0.8016698360443115,0.008016698062419891
32.80276107788086,,"('OAI', 1)",0.0642363429069519,0.9291574954986572,1,1,False,-0.7833040952682495,0.007833041250705719
42.37998962402344,,"('OAI', 1)",0.08749857544898987,0.9335669279098511,1,1,False,-0.8258480429649353,0.008258480578660965
30.068639755249023,,"('OAI', 1)",0.05701100826263428,0.9272817373275757,1,1,False,-0.7584115266799927,0.007584115490317345
34.8932991027832,,"('OAI', 1)",0.07227656245231628,0.9305105805397034,1,1,False,-0.8285437822341919,0.00828543771058321
30.37815284729004,,"('OAI', 1)",0.05721282958984375,0.9274987578392029,1,1,False,-0.753341794013977,0.0075334180146455765
26.9478816986084,,"('OAI', 1)",0.058257460594177246,0.9250084161758423,1,1,False,-0.8647426962852478,0.008647426962852478
19.314794540405273,,"('OAI', 2)",0.04885220527648926,0.9145116806030273,2,2,False,-1.0237053632736206,0.010117053985595703
17.492660522460938,,"('OAI', 2)",0.04216563701629639,0.9124172329902649,2,2,False,-0.9641903638839722,0.009641903452575207
13.144339561462402,,"('OAI', 2)",0.035871028900146484,0.9065892100334167,2,2,False,-1.0916038751602173,0.010916038416326046
9.837475776672363,,"('OAI', 2)",-0.004513978958129883,0.9004268050193787,2,2,False,0.1835421621799469,-0.001835421659052372
11.811033248901367,,"('OAI', 2)",0.020404040813446045,0.9042949676513672,2,2,False,-0.6910163164138794,0.006910162977874279
14.140249252319336,,"('OAI', 1)",0.038372039794921875,0.9195543527603149,1,1,False,-1.0884699821472168,0.010854699648916721
20.584943771362305,,"('OAI', 1)",0.050227969884872437,0.920760452747345,1,1,False,-0.9760137796401978,0.009760137647390366
25.257081985473633,,"('OAI', 1)",0.06233540177345276,0.9236025810241699,1,1,False,-0.9872145652770996,0.00987214595079422
19.582651138305664,,"('OAI', 1)",0.0516686737537384,0.920910656452179,1,1,False,-1.0553969144821167,0.010553969070315361
10.032613754272461,,"('OAI', 2)",-0.0020135045051574707,0.9007988572120667,2,2,False,0.06827836483716965,-0.0008027836447581649
8.222972869873047,,"('OAI', 2)",-0.02692180871963501,0.8964482545852661,2,2,False,1.2030384540557861,-0.013095900416374207
17.399887084960938,,"('OAI', 2)",0.041758179664611816,0.9122980237007141,2,2,False,-0.959964394569397,0.009599643759429455
12.973848342895508,,"('OAI', 2)",0.033991098403930664,0.9062934517860413,2,2,False,-1.0479881763458252,0.010479881428182125
9.375703811645508,,"('OAI', 2)",-0.010587215423583984,0.899420976638794,2,2,False,0.43431732058525085,-0.0045168730430305
35.44527053833008,,"('OAI', 1)",0.07376706600189209,0.9308497309684753,1,1,False,-0.8354616165161133,0.00832461565732956
25.29745101928711,,"('OAI', 1)",0.06227502226829529,0.9236423373222351,1,1,False,-0.9846845865249634,0.009846845641732216
21.58346176147461,,"('OAI', 1)",0.05128437280654907,0.9206380844116211,1,1,False,-0.9504383206367493,0.00950438342988491
35.37828826904297,,"('OAI', 1)",0.07358026504516602,0.930809736251831,1,1,False,-0.8319256901741028,0.008319256827235222
51.72565460205078,,"('OAI', 1)",0.1182912141084671,0.9349711537361145,1,1,False,-0.914758563041687,0.00914758536964655
26.135417938232422,,"('OAI', 1)",0.06047627329826355,0.9243671894073486,1,1,False,-0.9255833625793457,0.009255833923816681
27.398414611816406,,"('OAI', 1)",0.057050108909606934,0.9253499507904053,1,1,False,-0.8328964710235596,0.008328964933753014
40.39064407348633,,"('OAI', 1)",0.08075487613677979,0.9332695603370667,1,1,False,-0.7997384071350098,0.007997384294867516
36.455772399902344,,"('OAI', 1)",0.07644784450531006,0.9314533472061157,1,1,False,-0.8388009667396545,0.00838800985366106
35.99109649658203,,"('OAI', 1)",0.07521945238113403,0.9311764240264893,1,1,False,-0.8359784483909607,0.008359784260392189
59.46209716796875,,"('OAI', 2)",0.1138235330581665,0.9270526170730591,2,2,False,-0.7776879668235779,0.007656879723072052
70.74176788330078,,"('OAI', 2)",0.1470971703529358,0.9307999014854431,2,2,False,-0.8317415714263916,0.008317415602505207
48.23581314086914,,"('OAI', 2)",0.11812245845794678,0.92257159948349,2,2,False,-0.979541540145874,0.009795415215194225
61.56719970703125,,"('OAI', 2)",0.1150018572807312,0.9277782440185547,2,2,False,-0.7471631169319153,0.007471631281077862
56.768802642822266,,"('OAI', 2)",0.11289387941360474,0.9260811805725098,2,2,False,-0.7954642176628113,0.007954642176628113
53.10567855834961,,"('OAI', 2)",0.11866450309753418,0.9247004985809326,2,2,False,-0.8937989473342896,0.008937989361584187
54.90949630737305,,"('OAI', 2)",0.11381864547729492,0.9253968000411987,2,2,False,-0.8291363716125488,0.008291363716125488
57.9325065612793,,"('OAI', 2)",0.11331892013549805,0.926501452922821,2,2,False,-0.78242027759552,0.007824202999472618
63.59574890136719,,"('OAI', 2)",0.12082558870315552,0.9284797310829163,2,2,False,-0.7599601745605469,0.007599601522088051
73.30752563476562,,"('OAI', 2)",0.1539299488067627,0.9315837621688843,2,2,False,-0.8399134278297424,0.008399134501814842
74.53402709960938,,"('OAI', 2)",0.15443092584609985,0.9319387674331665,2,2,False,-0.8287807703018188,0.008287807926535606
95.47765350341797,,"('OAI', 2)",0.21248698234558105,0.9343966245651245,2,2,False,-0.8902061581611633,0.008902061730623245
80.32561492919922,,"('OAI', 2)",0.15984231233596802,0.9332392811775208,2,2,False,-0.7959718108177185,0.007959717884659767
71.02964782714844,,"('OAI', 2)",0.14789336919784546,0.9308903813362122,2,2,False,-0.8328543305397034,0.008328543044626713
84.25395965576172,,"('OAI', 2)",0.17323154211044312,0.9335278272628784,2,2,False,-0.8224256038665771,0.008224256336688995
82.6358871459961,,"('OAI', 2)",0.1679539680480957,0.9334117770195007,2,2,False,-0.8129832148551941,0.008129832334816456
68.08830261230469,,"('OAI', 2)",0.13720959424972534,0.9299631118774414,2,2,False,-0.8060685396194458,0.008060685358941555
63.583465576171875,,"('OAI', 2)",0.12075787782669067,0.9284790754318237,2,2,False,-0.759680986404419,0.007596809882670641
65.72673797607422,,"('OAI', 2)",0.1287633180618286,0.9291900396347046,2,2,False,-0.7836282253265381,0.00783628225326538
68.68428039550781,,"('OAI', 2)",0.13980668783187866,0.9301592707633972,2,2,False,-0.8141990900039673,0.008141990751028061
74.85857391357422,,"('OAI', 2)",0.15446901321411133,0.9320350289344788,2,2,False,-0.8253911733627319,0.008253911510109901
73.0252685546875,,"('OAI', 2)",0.1531529426574707,0.9314894676208496,2,2,False,-0.8389037847518921,0.008389038033783436
67.18517303466797,,"('OAI', 2)",0.1332472562789917,0.9296751022338867,2,2,False,-0.7933134436607361,0.007933134213089943
76.14306640625,,"('OAI', 2)",0.15470290184020996,0.9324241280555725,2,2,False,-0.8126959204673767,0.008126959204673767
67.21638488769531,,"('OAI', 2)",0.13334500789642334,0.9296730756759644,2,2,False,-0.7935267686843872,0.007935267873108387
78.08684539794922,,"('OAI', 2)",0.15501415729522705,0.9330243468284607,2,2,False,-0.794060230255127,0.007940602488815784
91.41594696044922,,"('OAI', 2)",0.19876796007156372,0.934095025062561,2,2,False,-0.8697299361228943,0.008697299286723137
75.60118103027344,,"('OAI', 2)",0.154607892036438,0.9322497248649597,2,2,False,-0.8180184364318848,0.008180184289813042
114.28624725341797,,"('DPDK', 1)",0.20502550899982452,0.9749993681907654,0,0,False,-0.7475859522819519,0.007175859529525042
95.76021575927734,,"('DPDK', 1)",0.2049335241317749,0.9748663306236267,0,0,False,-0.8560278415679932,0.008560278452932835
86.28790283203125,,"('DPDK', 1)",0.20490099489688873,0.9747581481933594,0,0,False,-0.9498480558395386,0.009498480707406998
105.0763931274414,,"('DPDK', 1)",0.20498178899288177,0.974962592124939,0,0,False,-0.7803152799606323,0.007803152780979872
102.55403137207031,,"('DPDK', 1)",0.2049691528081894,0.9749346971511841,0,0,False,-0.7994582056999207,0.007994581945240498
93.1305923461914,,"('DPDK', 1)",0.20492100715637207,0.9748343229293823,0,0,False,-0.8801447153091431,0.008801447227597237
100.24506378173828,,"('DPDK', 1)",0.20495730638504028,0.9749143719673157,0,0,False,-0.8178250193595886,0.008178249932825565
85.17623901367188,,"('OAI', 2)",0.17652052640914917,0.9336011409759521,2,2,False,-0.8589659929275513,0.008289660327136517
100.05581665039062,,"('OAI', 2)",0.22708547115325928,0.9347265958786011,2,2,False,-0.9078351855278015,0.00907835178077221
85.38433074951172,,"('OAI', 2)",0.1772966980934143,0.9336190223693848,2,2,False,-0.8305819034576416,0.008305818773806095
66.05128479003906,,"('OAI', 2)",0.12951231002807617,0.9293110370635986,2,2,False,-0.7843136787414551,0.00784313678741455
79.30760192871094,,"('OAI', 2)",0.15625029802322388,0.9331567883491516,2,2,False,-0.7880722284317017,0.007880722172558308
94.19449615478516,,"('DPDK', 1)",0.2049257904291153,0.9748479127883911,0,0,False,-0.9002240896224976,0.008702240884304047
105.30479431152344,,"('DPDK', 1)",0.2049829214811325,0.9749611616134644,0,0,False,-0.7786270976066589,0.007786271162331104
103.84104919433594,,"('DPDK', 1)",0.20497563481330872,0.9749453663825989,0,0,False,-0.7895746231079102,0.007895746268332005
121.9599838256836,,"('DPDK', 1)",0.20505957305431366,0.9750260710716248,0,0,False,-0.6725470423698425,0.006725470535457134
106.13031005859375,,"('DPDK', 1)",0.20498698949813843,0.9749692678451538,0,0,False,-0.7725860476493835,0.007725860457867384
117.3101806640625,,"('DPDK', 1)",0.2050391137599945,0.9749965071678162,0,0,False,-0.6991349458694458,0.006991349160671234
123.70511627197266,,"('DPDK', 1)",0.20506717264652252,0.9750439524650574,0,0,False,-0.6630839109420776,0.0066308388486504555
129.87014770507812,,"('DPDK', 1)",0.20509225130081177,0.9751031398773193,0,0,False,-0.6316840648651123,0.006316840648651123
152.97195434570312,,"('DPDK', 1)",0.20515836775302887,0.9752421379089355,0,0,False,-0.5364601016044617,0.005364601034671068
142.0511932373047,,"('DPDK', 1)",0.20512983202934265,0.9752058982849121,0,0,False,-0.5776222944259644,0.005776222795248032
141.904541015625,,"('DPDK', 1)",0.20512942969799042,0.9752047657966614,0,0,False,-0.5782181024551392,0.005782180931419134
127.13544464111328,,"('DPDK', 1)",0.20508180558681488,0.9750770926475525,0,0,False,-0.6452388167381287,0.006452388130128384
133.55258178710938,,"('DPDK', 1)",0.20510421693325043,0.9751351475715637,0,0,False,-0.6143025159835815,0.0061430251225829124
149.67422485351562,,"('DPDK', 1)",0.205150306224823,0.9752429127693176,0,0,False,-0.5482581853866577,0.005482581909745932
127.82191467285156,,"('DPDK', 1)",0.2050846815109253,0.9750784039497375,0,0,False,-0.6417825222015381,0.006417825352400541
84.92028045654297,,"('DPDK', 1)",0.20489734411239624,0.9747408628463745,0,0,False,-0.9651280045509338,0.009651280008256435
119.11225891113281,,"('DPDK', 1)",0.20504705607891083,0.9749970436096191,0,0,False,-0.6885842680931091,0.00688584242016077
124.1944351196289,,"('DPDK', 1)",0.20506928861141205,0.9750470519065857,0,0,False,-0.6604781746864319,0.006604781839996576
123.92302703857422,,"('DPDK', 1)",0.20506811141967773,0.9750490188598633,0,0,False,-0.661920964717865,0.006619209423661232
114.48821258544922,,"('DPDK', 1)",0.20502643287181854,0.9749956130981445,0,0,False,-0.7163233160972595,0.007163233123719692
72.96353912353516,,"('OAI', 2)",0.15303903818130493,0.931479275226593,2,2,False,-0.868989109992981,0.008389891125261784
80.2190170288086,,"('OAI', 2)",0.1594741940498352,0.9332281947135925,2,2,False,-0.7951939702033997,0.007951939478516579
83.9251480102539,,"('OAI', 2)",0.17216241359710693,0.9335077404975891,2,2,False,-0.8205521702766418,0.00820552185177803
67.22142028808594,,"('OAI', 2)",0.13338720798492432,0.9296730756759644,2,2,False,-0.7937184572219849,0.007937184534966946
57.047813415527344,,"('OAI', 2)",0.11297625303268433,0.9262006282806396,2,2,False,-0.7921513319015503,0.007921513170003891
81.2591781616211,,"('OAI', 2)",0.1632508635520935,0.9333023428916931,2,2,False,-0.8036057353019714,0.008036057464778423
74.91910552978516,,"('OAI', 2)",0.15449827909469604,0.9320473670959473,2,2,False,-0.8248804807662964,0.008248805068433285
61.99679183959961,,"('OAI', 2)",0.1158551573753357,0.9279281497001648,2,2,False,-0.7474913001060486,0.007474913261830807
61.182533264160156,,"('OAI', 2)",0.11470550298690796,0.9276355504989624,2,2,False,-0.7499231696128845,0.007499231956899166
78.4859390258789,,"('OAI', 2)",0.15507042407989502,0.9330897331237793,2,2,False,-0.7903093695640564,0.007903093472123146
64.77690124511719,,"('OAI', 2)",0.1259714961051941,0.9288853406906128,2,2,False,-0.7778791189193726,0.00777879124507308
64.61161041259766,,"('OAI', 2)",0.12525570392608643,0.928820013999939,2,2,False,-0.7754377722740173,0.00775437755510211
58.90651321411133,,"('OAI', 2)",0.11358916759490967,0.9268433451652527,2,2,False,-0.771318256855011,0.0077131823636591434
50.532466888427734,,"('OAI', 1)",0.11501568555831909,0.9348005056381226,1,1,False,-0.9134300351142883,0.009104300290346146
36.06108474731445,,"('OAI', 1)",0.07540008425712585,0.931227445602417,1,1,False,-0.8363596200942993,0.00836359616369009
28.28193473815918,,"('OAI', 1)",0.056404054164886475,0.9260036945343018,1,1,False,-0.7977397441864014,0.007977397181093693
37.2625617980957,,"('OAI', 1)",0.07720935344696045,0.9319364428520203,1,1,False,-0.8288142085075378,0.008288142271339893
25.034923553466797,,"('OAI', 1)",0.06223171949386597,0.9234001040458679,1,1,False,-0.9943185448646545,0.00994318537414074
16.853811264038086,,"('OAI', 1)",0.04551252722740173,0.9211602807044983,1,1,False,-1.080171823501587,0.010801717638969421
13.872422218322754,,"('OAI', 1)",0.037602901458740234,0.9192536473274231,1,1,False,-1.0842491388320923,0.010842490941286087
25.748430252075195,,"('OAI', 1)",0.061557888984680176,0.924053430557251,1,1,False,-0.9562973976135254,0.009562973864376545
26.43918800354004,,"('OAI', 1)",0.059645384550094604,0.9246122241020203,1,1,False,-0.9023784399032593,0.009023784659802914
18.541234970092773,,"('OAI', 2)",0.04608041048049927,0.9136524796485901,2,2,False,-1.006117343902588,0.00994117371737957
18.111234664916992,,"('OAI', 2)",0.044505298137664795,0.9131326079368591,2,2,False,-0.9829323887825012,0.0098293237388134
19.301753997802734,,"('OAI', 2)",0.048861801624298096,0.9145137071609497,2,2,False,-1.0125877857208252,0.010125878266990185
17.09098243713379,,"('OAI', 2)",0.040577828884124756,0.9119573831558228,2,2,False,-0.9496897459030151,0.009496897459030151
17.438549041748047,,"('OAI', 2)",0.04194909334182739,0.9123533964157104,2,2,False,-0.9622151851654053,0.009622151963412762
17.81934356689453,,"('OAI', 2)",0.04339247941970825,0.9128276109695435,2,2,False,-0.9740533232688904,0.00974053330719471
14.653749465942383,,"('OAI', 1)",0.039820313453674316,0.920051097869873,1,1,False,-1.0899658203125,0.010869658552110195
18.598833084106445,,"('OAI', 1)",0.04955399036407471,0.9210550785064697,1,1,False,-1.0657440423965454,0.01065744087100029
34.029117584228516,,"('OAI', 1)",0.0685281753540039,0.92995685338974,1,1,False,-0.8055239915847778,0.008055239915847778
36.14567565917969,,"('OAI', 1)",0.07561427354812622,0.9312678575515747,1,1,False,-0.8367725610733032,0.008367725647985935
29.066770553588867,,"('OAI', 1)",0.056684404611587524,0.926586389541626,1,1,False,-0.7800577878952026,0.007800578139722347
48.52564239501953,,"('OAI', 1)",0.108817920088768,0.9345248937606812,1,1,False,-0.896993100643158,0.008969930931925774
47.36531448364258,,"('OAI', 1)",0.10500775277614594,0.9343537092208862,1,1,False,-0.8867902755737305,0.008867902681231499
66.56968688964844,,"('OAI', 2)",0.13094347715377808,0.9294738173484802,2,2,False,-0.7988054752349854,0.007868054322898388
57.76344680786133,,"('OAI', 2)",0.11322194337844849,0.9264478087425232,2,2,False,-0.7840386629104614,0.007840386591851711
53.194026947021484,,"('OAI', 2)",0.11841237545013428,0.9247471690177917,2,2,False,-0.8904185891151428,0.008904186077415943
76.66604614257812,,"('OAI', 2)",0.15477591753005981,0.9325888156890869,2,2,False,-0.8075330257415771,0.008075330406427383
77.43791961669922,,"('OAI', 2)",0.1548970341682434,0.9328353404998779,2,2,False,-0.8001094460487366,0.008001094684004784
85.89106750488281,,"('OAI', 2)",0.1791587471961975,0.9336519241333008,2,2,False,-0.8343533873558044,0.008343533612787724
59.75531768798828,,"('OAI', 2)",0.11393076181411743,0.927156925201416,2,2,False,-0.7626485228538513,0.007626485079526901
59.0105094909668,,"('OAI', 2)",0.11366182565689087,0.9268902540206909,2,2,False,-0.7704514265060425,0.00770451407879591
115.2499008178711,,"('OAI', 2)",0.26658013463020325,0.9355331659317017,2,2,False,-0.9252246618270874,0.009252246469259262
72.15628814697266,,"('OAI', 2)",0.15087920427322388,0.9312391877174377,2,2,False,-0.8364022970199585,0.008364022709429264
62.841156005859375,,"('OAI', 2)",0.11765092611312866,0.928219199180603,2,2,False,-0.7488781809806824,0.007488781586289406
120.23009490966797,,"('DPDK', 1)",0.2050519436597824,0.9750065207481384,0,0,False,-0.7121983766555786,0.006821983959525824
96.88182067871094,,"('DPDK', 1)",0.2049395740032196,0.9748761653900146,0,0,False,-0.8461425304412842,0.008461425080895424
113.7001724243164,,"('DPDK', 1)",0.20502284169197083,0.9749959707260132,0,0,False,-0.7212753891944885,0.007212753873318434
91.2836685180664,,"('DPDK', 1)",0.20491385459899902,0.9748125076293945,0,0,False,-0.8979212641716003,0.008979212492704391
106.44925689697266,,"('DPDK', 1)",0.2049885392189026,0.9749742150306702,0,0,False,-0.7702770233154297,0.007702770177274942
101.33781433105469,,"('DPDK', 1)",0.20496295392513275,0.9749242663383484,0,0,False,-0.8090285658836365,0.008090285584330559
107.43669128417969,,"('DPDK', 1)",0.2049933522939682,0.9749830365180969,0,0,False,-0.7632154226303101,0.007632154505699873
110.77095031738281,,"('DPDK', 1)",0.20500925183296204,0.9749974608421326,0,0,False,-0.7402997016906738,0.007402996998280287
122.43891906738281,,"('DPDK', 1)",0.205061674118042,0.9750284552574158,0,0,False,-0.6699231863021851,0.006699231918901205
102.668212890625,,"('DPDK', 1)",0.20496973395347595,0.974934995174408,0,0,False,-0.7985714077949524,0.007985713891685009
124.14738464355469,,"('DPDK', 1)",0.20506907999515533,0.9750478267669678,0,0,False,-0.6607277989387512,0.006607278250157833
97.26557922363281,,"('DPDK', 1)",0.20494163036346436,0.9748824834823608,0,0,False,-0.8428125381469727,0.008428125642240047
175.80557250976562,,"('DPDK', 1)",0.20520766079425812,0.9752616286277771,0,0,False,-0.46689683198928833,0.004668968264013529
117.58977508544922,,"('DPDK', 1)",0.2050403505563736,0.9749971032142639,0,0,False,-0.6974768042564392,0.00697476789355278
135.2639923095703,,"('DPDK', 1)",0.20510965585708618,0.9751482009887695,0,0,False,-0.6065462231636047,0.006065462250262499
150.59739685058594,,"('DPDK', 1)",0.2051527202129364,0.975241482257843,0,0,False,-0.5449037551879883,0.005449037533253431
120.69854736328125,,"('DPDK', 1)",0.20505401492118835,0.9750106930732727,0,0,False,-0.6795575618743896,0.006795575376600027
109.38629150390625,,"('DPDK', 1)",0.20500271022319794,0.974995493888855,0,0,False,-0.7496468424797058,0.007496468257158995
138.29971313476562,,"('DPDK', 1)",0.20511914789676666,0.9751706719398499,0,0,False,-0.5932598114013672,0.0059325979091227055
114.35638427734375,,"('DPDK', 1)",0.2050258368253708,0.9749957919120789,0,0,False,-0.7171469926834106,0.0071714697405695915
141.8462677001953,,"('DPDK', 1)",0.20512926578521729,0.9752026200294495,0,0,False,-0.5784551501274109,0.005784551613032818
116.8662338256836,,"('DPDK', 1)",0.20503714680671692,0.9749966859817505,0,0,False,-0.701784074306488,0.007017840631306171
140.93630981445312,,"('DPDK', 1)",0.20512674748897552,0.9751951694488525,0,0,False,-0.5821828246116638,0.00582182826474309
110.49284362792969,,"('DPDK', 1)",0.20500794053077698,0.974996030330658,0,0,False,-0.7421582341194153,0.007421582471579313
145.0293731689453,,"('DPDK', 1)",0.2051379680633545,0.9752300381660461,0,0,False,-0.5657832026481628,0.005657832138240337
131.78839111328125,,"('DPDK', 1)",0.20509852468967438,0.9751178622245789,0,0,False,-0.6225086450576782,0.006225086282938719
127.61009979248047,,"('DPDK', 1)",0.20508378744125366,0.9750775098800659,0,0,False,-0.6428449749946594,0.006428449880331755
147.58560180664062,,"('DPDK', 1)",0.20514480769634247,0.9752406477928162,0,0,False,-0.5560022592544556,0.005560022313147783
140.54840087890625,,"('DPDK', 1)",0.20512567460536957,0.975195586681366,0,0,False,-0.5837865471839905,0.005837865639477968
139.7394256591797,,"('DPDK', 1)",0.2051234096288681,0.9751855731010437,0,0,False,-0.5871596932411194,0.005871597211807966
174.7187957763672,,"('DPDK', 1)",0.20520555973052979,0.9752606153488159,0,0,False,-0.46979618072509766,0.004697961732745171
147.28651428222656,,"('DPDK', 1)",0.2051440179347992,0.9752398133277893,0,0,False,-0.5571291446685791,0.005571291316300631
132.7748260498047,,"('DPDK', 1)",0.20510171353816986,0.9751250147819519,0,0,False,-0.6178933382034302,0.006178933661431074
162.74534606933594,,"('DPDK', 1)",0.20518070459365845,0.9752504229545593,0,0,False,-0.5042988061904907,0.005042987875640392
176.2069549560547,,"('DPDK', 1)",0.2052084356546402,0.9752598404884338,0,0,False,-0.4658350348472595,0.004658350255340338
205.0675811767578,,"('DPDK', 1)",0.20525974035263062,0.9752902984619141,0,0,False,-0.4003748297691345,0.004003748297691345
208.96588134765625,,"('DPDK', 1)",0.20526611804962158,0.9752944707870483,0,0,False,-0.3929179608821869,0.00392917962744832
224.3419189453125,,"('DPDK', 1)",0.20529015362262726,0.9753069877624512,0,0,False,-0.36603084206581116,0.0036603084299713373
243.28746032714844,,"('DPDK', 1)",0.20531760156154633,0.9753129482269287,0,0,False,-0.33757203817367554,0.0033757202327251434
219.95462036132812,,"('DPDK', 1)",0.20528346300125122,0.9753075242042542,0,0,False,-0.37331968545913696,0.003733196761459112
172.2783966064453,,"('DPDK', 1)",0.20520080626010895,0.9752607345581055,0,0,False,-0.4764399826526642,0.004764399956911802
202.85797119140625,,"('DPDK', 1)",0.20525607466697693,0.9752912521362305,0,0,False,-0.40472862124443054,0.004047286231070757
215.56173706054688,,"('DPDK', 1)",0.20527663826942444,0.9753027558326721,0,0,False,-0.3809148073196411,0.0038091479800641537
204.27578735351562,,"('DPDK', 1)",0.20525842905044556,0.9752905368804932,0,0,False,-0.40192413330078125,0.004019241314381361
167.80154418945312,,"('DPDK', 1)",0.2051917463541031,0.9752587080001831,0,0,False,-0.48912960290908813,0.004891295917332172
