Actual_Traffic,Predicted_Traffic,OAI_Instances,Energy_Wh_OAI1x,QoS_Score_OAI1x
167.81863403320312,132.57086181640625,1,0.3838858902454376,0.9189786314964294
160.0994415283203,138.10302734375,1,0.36626043915748596,0.919345498085022
158.98829650878906,141.494384765625,1,0.363643616437912,0.9194085001945496
176.3783721923828,143.17010498046875,1,0.4034426808357239,0.9185638427734375
155.8834228515625,144.8484344482422,1,0.3562797009944916,0.9195637106895447
151.2222137451172,144.57473754882812,1,0.34486252069473267,0.9198136329650879
193.24801635742188,142.78683471679688,1,0.43932822346687317,0.9145486950874329
171.16561889648438,143.47183227539062,1,0.391643226146698,0.9187905192375183
263.7792663574219,143.55886840820312,1,0.5848300457000732,0.9119371175765991
205.65248107910156,150.52281188964844,1,0.4668690860271454,0.9107938408851624
211.1239013671875,155.69265747070312,1,0.47942185401916504,0.9106944799423218
228.69154357910156,159.8168182373047,1,0.5176352262496948,0.9111000299453735
277.73150634765625,164.11769104003906,1,0.6093001961708069,0.9123108983039856
230.9044647216797,171.79827880859375,1,0.5221505761146545,0.9111583232879639
217.4733123779297,176.38462829589844,1,0.4937428832054138,0.9108384847640991
198.65396118164062,177.62680053710938,1,0.45047375559806824,0.9129344820976257
226.23712158203125,175.189453125,1,0.5125980973243713,0.9110416173934937
233.50074768066406,173.1595916748047,1,0.5273720622062683,0.9112063646316528
198.14981079101562,171.92079162597656,1,0.4493987262248993,0.913062572479248
190.3638458251953,168.2501678466797,1,0.4334329068660736,0.9153944253921509
202.6382293701172,163.08982849121094,1,0.4598254859447479,0.9117535352706909
204.88670349121094,158.6337127685547,1,0.4650863707065582,0.9110863208770752
224.00758361816406,155.14442443847656,1,0.5079256892204285,0.9109979867935181
206.33326721191406,154.1137237548828,1,0.4684043228626251,0.9105610251426697
220.22344970703125,153.0388946533203,1,0.49979516863822937,0.9108980894088745
216.26312255859375,153.28916931152344,1,0.491047203540802,0.9108145833015442
230.04115295410156,153.81045532226562,1,0.5204153060913086,0.9111248254776001
233.7275848388672,155.57583618164062,1,0.5278295278549194,0.911220908164978
220.42495727539062,158.0542449951172,1,0.5002512335777283,0.9109179973602295
218.26634216308594,159.48703002929688,1,0.49548524618148804,0.9108709692955017
209.71397399902344,160.03489685058594,1,0.47624123096466064,0.9106602072715759
242.8209991455078,159.2353973388672,1,0.5457314252853394,0.9114142060279846
234.80870056152344,160.52932739257812,1,0.5300241708755493,0.9112388491630554
250.99388122558594,161.98045349121094,1,0.5612600445747375,0.9115909337997437
251.533203125,164.74488830566406,1,0.5622506141662598,0.9115905165672302
270.5760803222656,167.86038208007812,1,0.5968983173370361,0.9121125340461731
323.4707946777344,172.3924102783203,1,0.6817196607589722,0.9133796095848083
364.17913818359375,181.62831115722656,1,0.7380342483520508,0.9142097234725952
332.81048583984375,195.6961212158203,1,0.6952676177024841,0.9135816097259521
365.72552490234375,207.8547821044922,1,0.7400743961334229,0.9141974449157715
302.66680908203125,220.48028564453125,1,0.6501490473747253,0.9128987789154053
331.9556579589844,225.7332763671875,1,0.6940221190452576,0.913587212562561
336.0888366699219,229.1268768310547,1,0.6999006867408752,0.9136719107627869
309.2767333984375,231.02139282226562,1,0.6604148745536804,0.9130778312683105
295.2187194824219,229.197998046875,1,0.6383002996444702,0.9127337336540222
275.6679992675781,224.3330535888672,1,0.6057528257369995,0.9122485518455505
244.02870178222656,216.57713317871094,1,0.5480468273162842,0.9114343523979187
160.5314483642578,205.3515625,1,0.3672748804092407,0.9193324446678162
160.71133422851562,186.32850646972656,1,0.36768877506256104,0.919313371181488
157.07009887695312,165.34458923339844,1,0.35910308361053467,0.9195073246955872
154.24400329589844,145.65286254882812,1,0.3523274064064026,0.9196509718894958
136.81112670898438,128.0645751953125,1,0.3116036057472229,0.9206079244613647
126.43498229980469,112.455078125,1,0.2890643775463104,0.9212682843208313
98.24469757080078,99.26164245605469,1,0.2227175235748291,0.9271240234375
83.8802261352539,86.89117431640625,1,0.1891704648733139,0.9302535653114319
85.43559265136719,75.52336120605469,1,0.19307947158813477,0.929842472076416
65.63836669921875,66.09406280517578,1,0.1511140763759613,0.9351592063903809
62.17499923706055,57.69507598876953,1,0.14350101351737976,0.9358612298965454
61.91144561767578,51.15302658081055,1,0.14285209774971008,0.9358461499214172
65.12913513183594,46.53680419921875,1,0.15002799034118652,0.9353035092353821
38.7056884765625,43.8141975402832,1,0.07744943350553513,0.9328182339668274
40.42182922363281,41.00074005126953,1,0.08087226003408432,0.9332758188247681
30.927318572998047,38.78989028930664,1,0.0577789731323719,0.9278846979141235
30.075227737426758,36.71226119995117,1,0.05702527239918709,0.9272772073745728
24.107799530029297,35.06570816040039,1,0.05900733545422554,0.9225593209266663
24.730207443237305,33.719078063964844,1,0.061958689242601395,0.9231364130973816
21.124332427978516,32.92494201660156,1,0.04997851327061653,0.9207010865211487
23.100521087646484,32.533653259277344,1,0.05541231110692024,0.9215840101242065
32.19617462158203,32.73537063598633,1,0.062151748687028885,0.9287486672401428
42.09807586669922,34.10268783569336,1,0.08652319759130478,0.9335293769836426
39.222511291503906,37.13357925415039,1,0.07753639668226242,0.9330810904502869
27.164865493774414,40.821266174316406,1,0.05768640711903572,0.9251723885536194
34.475303649902344,43.79077911376953,1,0.07048975676298141,0.930245578289032
25.935060501098633,46.81943130493164,1,0.06103586032986641,0.9242063164710999
29.580711364746094,49.89113998413086,1,0.05684124305844307,0.9269354343414307
47.99835968017578,53.12533950805664,1,0.10709816962480545,0.9344441890716553
70.49388122558594,57.159122467041016,1,0.16063188016414642,0.9338476061820984
90.06549072265625,62.74028396606445,1,0.20396114885807037,0.9287272691726685
83.12713623046875,69.42562866210938,1,0.18723157048225403,0.9304466843605042
97.02323150634766,75.50828552246094,1,0.21983027458190918,0.927355170249939
80.49644470214844,82.04031372070312,1,0.1810111105442047,0.9311312437057495
97.22684478759766,87.42571258544922,1,0.2202908843755722,0.9273259043693542
92.72699737548828,92.35304260253906,1,0.20994563400745392,0.9281836748123169
101.9574966430664,96.12635803222656,1,0.23156143724918365,0.9264402985572815
119.3082275390625,99.48097229003906,1,0.2727782130241394,0.9224511384963989
88.71131134033203,103.4203872680664,1,0.20091839134693146,0.9290467500686646
69.21646881103516,105.04396057128906,1,0.15822584927082062,0.9341727495193481
83.45687866210938,103.74761962890625,1,0.18807731568813324,0.9303463101387024
78.56983184814453,101.90057373046875,1,0.17654849588871002,0.9316543936729431
88.63238525390625,99.52342987060547,1,0.20072904229164124,0.9290658235549927
75.12908935546875,97.79478454589844,1,0.16906411945819855,0.9326167702674866
75.8048324584961,95.65324401855469,1,0.1704336255788803,0.932427167892456
81.22835540771484,93.57290649414062,1,0.18271273374557495,0.9309245347976685
95.57491302490234,92.12004852294922,1,0.21644344925880432,0.9276165962219238
99.05850982666016,92.18165588378906,1,0.2247098833322525,0.9269607067108154
92.43672180175781,93.34268188476562,1,0.20928363502025604,0.9282341599464417
144.76991271972656,94.54843139648438,1,0.329182505607605,0.9201452732086182
173.03965759277344,99.3569107055664,1,0.39591801166534424,0.9187219142913818
183.64317321777344,107.73045349121094,1,0.41927996277809143,0.9174770712852478
204.8489990234375,118.00801849365234,1,0.46498581767082214,0.9111028909683228
243.32659912109375,129.7703857421875,1,0.5467134714126587,0.9114155173301697
205.1043701171875,144.01101684570312,1,0.46558982133865356,0.9109974503517151
181.0352020263672,154.85372924804688,1,0.41363760828971863,0.9181718230247498
148.88189697265625,160.5376739501953,1,0.3390166163444519,0.9199515581130981
144.54718017578125,159.96182250976562,1,0.32869404554367065,0.9201350808143616
156.44606018066406,155.5233917236328,1,0.35759982466697693,0.9195472002029419
136.0037384033203,150.1820068359375,1,0.3099214434623718,0.9206421971321106
130.83181762695312,143.24110412597656,1,0.29883161187171936,0.9209867119789124
107.83934020996094,135.77699279785156,1,0.24619226157665253,0.9254208207130432
101.242431640625,127.08393096923828,1,0.22990167140960693,0.9265729188919067
109.5398178100586,118.20716094970703,1,0.25027820467948914,0.9251325726509094
105.47917175292969,110.81401062011719,1,0.24041219055652618,0.9258344173431396
114.6247787475586,104.76828002929688,1,0.2620842456817627,0.923774003982544
111.96395111083984,100.86544036865234,1,0.25598517060279846,0.9244780540466309
126.2999267578125,98.45237731933594,1,0.28874754905700684,0.9212751388549805
119.59820556640625,98.25396728515625,1,0.2734389901161194,0.9223565459251404
153.53518676757812,98.88248443603516,1,0.350583553314209,0.9196968674659729
168.0965118408203,102.46369934082031,1,0.3845418095588684,0.9189441800117493
139.9558563232422,108.41960144042969,1,0.3183014690876007,0.9204041957855225
176.59170532226562,113.00332641601562,1,0.40390849113464355,0.9185526967048645
160.74717712402344,119.08099365234375,1,0.3677632212638855,0.9193143248558044
214.6936492919922,124.03035736083984,1,0.48754721879959106,0.9107661843299866
215.17982482910156,131.94070434570312,1,0.4886026084423065,0.9108005166053772
164.7841339111328,140.53289794921875,1,0.37707316875457764,0.9191007018089294
175.8147735595703,144.54946899414062,1,0.4021848738193512,0.918565034866333
189.42034912109375,146.4315948486328,1,0.4314844310283661,0.9156967997550964
169.7100830078125,147.78640747070312,1,0.3883005976676941,0.9188616275787354
187.6143341064453,147.01280212402344,1,0.42772185802459717,0.9162448048591614
187.94610595703125,146.5373992919922,1,0.42841893434524536,0.9161340594291687
165.27438354492188,146.16404724121094,1,0.37817102670669556,0.9190770983695984
216.0363311767578,144.06463623046875,1,0.49054306745529175,0.910798192024231
231.21888732910156,145.26698303222656,1,0.5227966904640198,0.9111679196357727
224.0286102294922,149.19711303710938,1,0.5079526305198669,0.910996675491333
276.9537658691406,153.59848022460938,1,0.6079912185668945,0.9122883677482605
299.09906005859375,162.07382202148438,1,0.6445090174674988,0.9128377437591553
290.7749938964844,173.50779724121094,1,0.6311032772064209,0.9126269817352295
319.28912353515625,184.4447784423828,1,0.6755337119102478,0.913305938243866
306.7967224121094,196.2139892578125,1,0.6565669178962708,0.9130008220672607
328.66424560546875,205.61782836914062,1,0.6892973184585571,0.9134998321533203
265.4051818847656,214.42373657226562,1,0.5877172350883484,0.9119694232940674
239.5912628173828,215.9027099609375,1,0.53945392370224,0.911343514919281
241.27301025390625,211.07203674316406,1,0.5427607297897339,0.9113786220550537
194.81544494628906,203.41604614257812,1,0.4425579011440277,0.9140470027923584
155.0421600341797,190.9591522216797,1,0.3542332649230957,0.9196422696113586
162.7118682861328,174.20079040527344,1,0.37233707308769226,0.9192216396331787
150.38388061523438,157.79583740234375,1,0.3428034782409668,0.9198856353759766
140.64842224121094,142.26699829101562,1,0.31977730989456177,0.9203668832778931
135.4528045654297,128.1126708984375,1,0.30878230929374695,0.9206727147102356
119.32405090332031,115.77909851074219,1,0.27282172441482544,0.922425389289856
83.3116683959961,104.85488891601562,1,0.1877215951681137,0.9303730130195618
80.40553283691406,93.072265625,1,0.18081973493099213,0.9311501383781433
74.48958587646484,82.16901397705078,1,0.16792264580726624,0.9328052997589111
54.76216506958008,72.73555755615234,1,0.12635086476802826,0.9352706670761108
59.2230224609375,63.75187301635742,1,0.13682736456394196,0.9356563091278076
53.61891555786133,56.53755569458008,1,0.12337256222963333,0.9351572394371033
55.065425872802734,51.124420166015625,1,0.1271255910396576,0.9352985620498657
50.95166015625,47.593013763427734,1,0.11617148667573929,0.9348692893981934
49.909725189208984,45.39277648925781,1,0.1131659522652626,0.9347221851348877
33.689598083496094,44.333396911621094,1,0.06702392548322678,0.9297435283660889
36.130592346191406,43.15458297729492,1,0.0755818709731102,0.9312630295753479
94.31413269042969,42.45675277709961,1,0.21356908977031708,0.9278721213340759
69.67963409423828,46.49223709106445,1,0.159111887216568,0.9340530633926392
40.35557174682617,51.56617736816406,1,0.08063607662916183,0.9332592487335205
47.79618835449219,54.48866271972656,1,0.1064305379986763,0.9344168901443481
29.732046127319336,56.623924255371094,1,0.0569036491215229,0.9270460605621338
27.38720703125,56.8758544921875,1,0.05708076432347298,0.9253440499305725
23.44199562072754,55.97321701049805,1,0.05630623176693916,0.9219245910644531
22.69793128967285,54.391273498535156,1,0.054338473826646805,0.921190083026886
38.34646224975586,52.73423767089844,1,0.07738583534955978,0.9325937032699585
26.634794235229492,52.758567810058594,1,0.059107113629579544,0.9247862696647644
28.0002384185791,53.12628173828125,1,0.0563042052090168,0.9258036017417908
46.256893157958984,54.512359619140625,1,0.10127299278974533,0.9341759085655212
47.45170211791992,57.41595458984375,1,0.10530779510736465,0.9343658089637756
85.04790496826172,61.126319885253906,1,0.19212418794631958,0.9299519658088684
85.52470397949219,66.80870056152344,1,0.19331224262714386,0.9298391938209534
68.78471374511719,73.03218078613281,1,0.15739236772060394,0.934295654296875
87.43982696533203,77.7741470336914,1,0.19791480898857117,0.9293650388717651
85.92961883544922,82.60968017578125,1,0.1942802518606186,0.9297340512275696
89.05438995361328,87.32147216796875,1,0.20168942213058472,0.9289721250534058
105.4351806640625,91.48009490966797,1,0.2402944415807724,0.925834059715271
79.13188934326172,95.85270690917969,1,0.17786173522472382,0.931490421295166
54.219661712646484,98.01001739501953,1,0.12494360655546188,0.9352262616157532
61.173770904541016,97.00540161132812,1,0.14105577766895294,0.9357892870903015
70.55815124511719,94.6939926147461,1,0.16075266897678375,0.9338265061378479
66.0616455078125,92.49332427978516,1,0.15200915932655334,0.9350466728210449
60.3840446472168,90.2774887084961,1,0.13931895792484283,0.9357365965843201
75.49118041992188,87.90847778320312,1,0.1697964072227478,0.9325105547904968
69.34428405761719,86.78372192382812,1,0.15846684575080872,0.9341484308242798
60.4849853515625,86.09595489501953,1,0.1395336091518402,0.9357433319091797
85.60704803466797,85.17308807373047,1,0.19352303445339203,0.9298012852668762
99.12348175048828,85.74786376953125,1,0.2248793989419937,0.9269601702690125
96.50794219970703,88.1014633178711,1,0.21859890222549438,0.9274559617042542
136.62521362304688,91.16900634765625,1,0.3112272024154663,0.920602023601532
165.25746154785156,97.05669403076172,1,0.37813669443130493,0.9190796613693237
201.201171875,105.9907455444336,1,0.4564528167247772,0.91217041015625
186.84156799316406,118.34304809570312,1,0.42610546946525574,0.9164646863937378
184.88160705566406,130.09695434570312,1,0.42195746302604675,0.91709965467453
196.5148468017578,139.9163055419922,1,0.4459204375743866,0.9135331511497498
166.40164184570312,148.24754333496094,1,0.38072267174720764,0.9190451502799988
159.748779296875,152.4270477294922,1,0.3654264807701111,0.9193757176399231
142.14773559570312,153.07278442382812,1,0.3231126368045807,0.9202762842178345
154.7196044921875,150.1149139404297,1,0.35345250368118286,0.9196261763572693
121.45088195800781,146.34510803222656,1,0.27762356400489807,0.9218696355819702
97.3636703491211,139.8341064453125,1,0.22062207758426666,0.9272915720939636
93.29705810546875,130.77536010742188,1,0.21123285591602325,0.9280734062194824
114.29834747314453,121.00414276123047,1,0.261344850063324,0.9238629341125488
100.23481750488281,113.3904037475586,1,0.2274954617023468,0.9267554879188538
122.00444030761719,106.74867248535156,1,0.27887606620788574,0.9218053221702576
131.6180877685547,103.03667449951172,1,0.3005511164665222,0.9209274649620056
116.93319702148438,102.09330749511719,1,0.26730045676231384,0.9231146574020386
118.62008666992188,101.81095886230469,1,0.2712148427963257,0.9226132035255432
135.99227905273438,102.1146011352539,1,0.30989259481430054,0.9206480383872986
147.06065368652344,103.99478149414062,1,0.33447471261024475,0.9200529456138611
138.88687133789062,107.37354278564453,1,0.3160257339477539,0.9204691052436829
133.8757781982422,110.64009094238281,1,0.3054099977016449,0.9207836985588074
152.9968719482422,113.11540985107422,1,0.3492676019668579,0.9197434186935425
156.42881774902344,116.26617431640625,1,0.3575538694858551,0.9195508360862732
169.4835662841797,119.66715240478516,1,0.3877803087234497,0.918889582157135
163.75152587890625,123.78413391113281,1,0.37472450733184814,0.9191855788230896
158.65945434570312,127.36135864257812,1,0.3628688454627991,0.9194350838661194
137.4329833984375,129.82559204101562,1,0.3129061758518219,0.9205532073974609
152.3700714111328,129.705322265625,1,0.3477132320404053,0.919761061668396
127.01263427734375,129.26483154296875,1,0.2903577983379364,0.921210765838623
152.820556640625,126.6745834350586,1,0.3488214910030365,0.9197341799736023
176.77700805664062,125.13153076171875,1,0.4043274223804474,0.9185453057289124
192.86590576171875,126.0760269165039,1,0.4385891258716583,0.9146297574043274
183.42355346679688,129.53204345703125,1,0.4188106060028076,0.9175373315811157
184.990478515625,133.2618865966797,1,0.422146201133728,0.9170510172843933
187.21275329589844,136.86399841308594,1,0.4268469512462616,0.9163336753845215
159.4888916015625,140.0955047607422,1,0.3648621439933777,0.9193881154060364
171.99127197265625,140.5156707763672,1,0.39352044463157654,0.9187530875205994
194.13833618164062,140.290283203125,1,0.44116640090942383,0.914260983467102
228.26318359375,141.33424377441406,1,0.5167297124862671,0.9111091494560242
241.51046752929688,145.56570434570312,1,0.5431994795799255,0.9113965630531311
244.6593475341797,152.08981323242188,1,0.5492533445358276,0.9114519953727722
249.58541870117188,159.36436462402344,1,0.5586080551147461,0.9115530848503113
247.23959350585938,166.57484436035156,1,0.554192066192627,0.9115105271339417
265.0201416015625,172.58627319335938,1,0.5870382189750671,0.9119719862937927
240.32337951660156,178.59603881835938,1,0.540852963924408,0.9113654494285583
158.54978942871094,181.61082458496094,1,0.3626072406768799,0.9194355607032776
155.03573608398438,175.8011474609375,1,0.35420671105384827,0.9196165204048157
144.84698486328125,165.74325561523438,1,0.32937660813331604,0.920146644115448
138.514404296875,153.5706329345703,1,0.31520286202430725,0.9204872846603394
132.9854736328125,141.08819580078125,1,0.3035098910331726,0.9208371043205261
156.1044464111328,129.4374542236328,1,0.35678890347480774,0.9195694923400879
143.25057983398438,121.33203125,1,0.3256835341453552,0.9202010631561279
110.40299224853516,114.91500854492188,1,0.2523231506347656,0.9248831868171692
97.31256103515625,107.75833892822266,1,0.2204924076795578,0.927300214767456
86.71900939941406,100.15496826171875,1,0.19619646668434143,0.9295238256454468
83.89701080322266,92.42352294921875,1,0.1892206370830536,0.930243968963623
73.62907409667969,85.38943481445312,1,0.16638340055942535,0.9330320358276367
70.73995971679688,78.83321380615234,1,0.16108517348766327,0.9337726831436157
68.29297637939453,73.12323760986328,1,0.1564578264951706,0.9344395995140076
68.8512954711914,68.54022216796875,1,0.15752539038658142,0.9342710375785828
62.69630813598633,65.33277130126953,1,0.1446887105703354,0.9359058141708374
50.40756607055664,62.96990966796875,1,0.11466947942972183,0.9347937107086182
43.28965759277344,60.50920104980469,1,0.09083982557058334,0.9337062835693359
53.27710723876953,57.935516357421875,1,0.12247096747159958,0.9351184368133545
35.42388153076172,56.518104553222656,1,0.0736919566988945,0.9308375716209412
47.456119537353516,54.70936965942383,1,0.10531309992074966,0.9343644380569458
37.72016143798828,53.98219680786133,1,0.07728620618581772,0.9322159886360168
21.843610763549805,53.3401985168457,1,0.05200605466961861,0.920611560344696
25.453271865844727,51.84916687011719,1,0.06204019859433174,0.9237834215164185
17.199329376220703,50.444007873535156,1,0.046348828822374344,0.9212493300437927
16.195720672607422,48.8812370300293,1,0.04388706758618355,0.9208359122276306
21.965463638305664,47.95590591430664,1,0.05234803631901741,0.9205697774887085
12.941641807556152,48.285911560058594,1,0.03480939939618111,0.9181896448135376
10.388400077819824,49.44717788696289,1,0.026939740404486656,0.9156204462051392
22.716663360595703,50.97636032104492,1,0.05440216138958931,0.9212117195129395
17.236968994140625,53.464942932128906,1,0.04644458368420601,0.9212648868560791
22.082717895507812,56.33961868286133,1,0.052679020911455154,0.9205663800239563
30.278791427612305,59.667049407958984,1,0.05713461712002754,0.927423894405365
40.850399017333984,63.25869369506836,1,0.08240928500890732,0.9333477020263672
46.86515426635742,67.34015655517578,1,0.10333060473203659,0.93427973985672
45.933895111083984,71.68073272705078,1,0.10017254203557968,0.9341214299201965
62.40671920776367,75.53303527832031,1,0.14404000341892242,0.9358788728713989
67.52766418457031,79.41050720214844,1,0.15496015548706055,0.934639573097229
61.40251159667969,83.43766021728516,1,0.14160704612731934,0.9358037114143372
59.77944564819336,86.69107055664062,1,0.13802412152290344,0.9356993436813354
77.64921569824219,89.04557037353516,1,0.17437221109867096,0.9319086074829102
88.1260986328125,91.37252807617188,1,0.1995464712381363,0.9291860461235046
98.4356689453125,93.88165283203125,1,0.22319982945919037,0.9270796179771423
92.40782928466797,96.63086700439453,1,0.20924054086208344,0.9282414317131042
113.16378021240234,99.0436019897461,1,0.2587521970272064,0.9241458177566528
107.78298950195312,102.66910552978516,1,0.24604517221450806,0.9254253506660461
117.49063873291016,106.30152893066406,1,0.26858341693878174,0.9229517579078674
113.30455017089844,109.74867248535156,1,0.25907671451568604,0.9241248369216919
132.88963317871094,112.3233871459961,1,0.303290456533432,0.9208411574363708
126.87689971923828,115.63434600830078,1,0.2900863289833069,0.9212255477905273
135.38723754882812,118.34500122070312,1,0.3086428642272949,0.9206928014755249
125.74337005615234,120.927001953125,1,0.2875082790851593,0.9213479161262512
119.95101928710938,122.32740020751953,1,0.27423515915870667,0.9222396016120911
132.6461944580078,122.36070251464844,1,0.30277618765830994,0.9208574295043945
141.31793212890625,122.4772720336914,1,0.32120996713638306,0.920305073261261
166.45233154296875,123.14419555664062,1,0.38085460662841797,0.9190265536308289
169.05531311035156,125.91548919677734,1,0.38678422570228577,0.918889582157135
135.51058959960938,129.61785888671875,1,0.308874249458313,0.9206865429878235
146.2149658203125,130.8356170654297,1,0.3325154185295105,0.920097291469574
133.94232177734375,131.296142578125,1,0.3055451810359955,0.9207839965820312
151.43453979492188,130.19790649414062,1,0.34538838267326355,0.9198132157325745
163.99441528320312,129.59898376464844,1,0.37526971101760864,0.9191416501998901
168.7374267578125,130.18209838867188,1,0.3860533833503723,0.9189075231552124
155.98973083496094,131.64797973632812,1,0.3565322458744049,0.9195744395256042
168.21688842773438,132.419921875,1,0.3848073482513428,0.9189330339431763
144.5638427734375,133.61013793945312,1,0.32872655987739563,0.9201713800430298
158.9334716796875,133.01715087890625,1,0.36352458596229553,0.919398844242096
181.4979248046875,132.55665588378906,1,0.4146994948387146,0.918046772480011
171.819580078125,133.83587646484375,1,0.3931245505809784,0.9187750220298767
139.85316467285156,135.11753845214844,1,0.31808632612228394,0.9204282164573669
151.79568481445312,133.77474975585938,1,0.34627851843833923,0.9197888970375061
169.1206817626953,132.0575408935547,1,0.38690856099128723,0.918910562992096
163.76625061035156,131.53890991210938,1,0.37475740909576416,0.9191758036613464
177.6939697265625,131.2523956298828,1,0.40636879205703735,0.9185123443603516
156.9007110595703,132.20916748046875,1,0.35868996381759644,0.9195168614387512
153.45547485351562,132.0933074951172,1,0.3503584861755371,0.9197098612785339
162.88783264160156,131.14306640625,1,0.37271198630332947,0.9192020297050476
161.65701293945312,130.5000457763672,1,0.3699006140232086,0.9192611575126648
152.3063507080078,129.96380615234375,1,0.3475722074508667,0.9197595119476318
135.81993103027344,128.8131866455078,1,0.30954709649086,0.920660138130188
134.02244567871094,126.17576599121094,1,0.30573806166648865,0.9207659363746643
150.1370391845703,122.89402770996094,1,0.3421850800514221,0.9198905229568481
149.37303161621094,120.80428314208984,1,0.34027642011642456,0.9199341535568237
198.96865844726562,119.5339584350586,1,0.4511381685733795,0.9128167033195496
193.4003448486328,122.69098663330078,1,0.4396709203720093,0.9144817590713501
204.50196838378906,127.5215072631836,1,0.46420595049858093,0.9112166166305542
221.4680938720703,133.68524169921875,1,0.5025240778923035,0.9109365940093994
231.17018127441406,141.2064971923828,1,0.5226729512214661,0.9111499786376953
242.7415313720703,149.35940551757812,1,0.5455920100212097,0.9114214777946472
220.7486114501953,157.78663635253906,1,0.5009450316429138,0.9109289050102234
247.89199829101562,163.4784393310547,1,0.5554125308990479,0.9115145802497864
243.67816162109375,169.15745544433594,1,0.5473939180374146,0.9114270210266113
212.86309814453125,173.6102752685547,1,0.4834028482437134,0.9107346534729004
219.16844177246094,174.18800354003906,1,0.4975098967552185,0.9108691811561584
208.15469360351562,173.08541870117188,1,0.47263702750205994,0.9106090068817139
188.9217529296875,170.08843994140625,1,0.4304617643356323,0.9158188104629517
124.26793670654297,164.76351928710938,1,0.2841408848762512,0.9215270280838013
146.38623046875,153.548583984375,1,0.33292892575263977,0.9200800061225891
141.64498901367188,142.3760986328125,1,0.32192984223365784,0.9203081727027893
131.6846160888672,131.94613647460938,1,0.30070969462394714,0.9209339022636414
118.34138488769531,122.33323669433594,1,0.27057167887687683,0.9227170944213867
91.26774597167969,112.96826171875,1,0.20667552947998047,0.9284853339195251
80.49822235107422,102.80726623535156,1,0.18101105093955994,0.9311304688453674
79.81401824951172,92.7408676147461,1,0.17945320904254913,0.9313233494758606
61.39768981933594,83.9063491821289,1,0.14160597324371338,0.9358057379722595
59.933494567871094,75.24125671386719,1,0.13835304975509644,0.9357067942619324
58.85254669189453,67.83543395996094,1,0.13599839806556702,0.9356167912483215
52.12976837158203,62.05116653442383,1,0.11940770596265793,0.9350061416625977
59.64213943481445,57.34678649902344,1,0.13772742450237274,0.9356807470321655
47.419647216796875,54.68224334716797,1,0.10519405454397202,0.9343497157096863
37.066837310791016,52.73664474487305,1,0.07717251032590866,0.9318170547485352
33.07457733154297,50.80952453613281,1,0.0648784264922142,0.9293407201766968
32.8078498840332,48.989524841308594,1,0.06426375359296799,0.9291728138923645
31.524873733520508,47.6314697265625,1,0.05919964984059334,0.9282963871955872
22.870859146118164,46.76068878173828,1,0.05480377748608589,0.9213598966598511
24.836267471313477,45.81568908691406,1,0.06204800680279732,0.9232262372970581
24.10830307006836,45.27588653564453,1,0.05900995805859566,0.922562837600708
26.85831069946289,45.26484298706055,1,0.05849360302090645,0.924950361251831
23.904787063598633,46.14279556274414,1,0.057979095727205276,0.9223613142967224
18.716005325317383,47.623775482177734,1,0.04981328919529915,0.9210193157196045
28.546646118164062,49.76633071899414,1,0.05649502947926521,0.9262060523033142
30.64091682434082,52.65660858154297,1,0.05740075185894966,0.9276890754699707
30.129127502441406,56.050724029541016,1,0.05704300478100777,0.9273326396942139
44.942718505859375,59.55646896362305,1,0.09673681110143661,0.9339658617973328
46.391639709472656,63.45820617675781,1,0.10173612087965012,0.934190571308136
38.6728401184082,67.50572204589844,1,0.07744293659925461,0.9328012466430664
53.60131072998047,71.01988220214844,1,0.12332024425268173,0.9351601600646973
55.521793365478516,74.45821380615234,1,0.1282932162284851,0.935349702835083
57.5987663269043,77.63804626464844,1,0.13322611153125763,0.9355255365371704
59.782447814941406,80.51806640625,1,0.13803263008594513,0.9356978535652161
73.25184631347656,83.03864288330078,1,0.16570419073104858,0.9331335425376892
77.79957580566406,85.71849060058594,1,0.1747271567583084,0.9318748116493225
119.01011657714844,88.38692474365234,1,0.2721032202243805,0.9224953055381775
146.0486602783203,92.63949584960938,1,0.3321162164211273,0.9200863838195801
53.18157958984375,99.71488952636719,1,0.12221262603998184,0.9351150393486023
68.69590759277344,102.40274047851562,1,0.1572234332561493,0.9343196749687195
72.03372955322266,102.46102905273438,1,0.16347774863243103,0.9334390759468079
87.44181060791016,101.1075210571289,1,0.1979198008775711,0.9293646216392517
73.64738464355469,100.07694244384766,1,0.1664232611656189,0.9330329298973083
62.24346160888672,98.40277862548828,1,0.14366276562213898,0.9358682036399841
54.83914566040039,95.7220687866211,1,0.12655262649059296,0.9352702498435974
82.00209045410156,92.2320327758789,1,0.1844591200351715,0.9307246804237366
70.26559448242188,90.49696350097656,1,0.1601952165365219,0.933904767036438
61.3083381652832,89.17694091796875,1,0.1413886696100235,0.9358060359954834
68.97578430175781,87.6541976928711,1,0.15776577591896057,0.9342445731163025
96.43427276611328,86.64328002929688,1,0.21844996511936188,0.9274662137031555
127.11753845214844,87.70720672607422,1,0.29060444235801697,0.9212148189544678
135.8424530029297,92.18212127685547,1,0.3095835745334625,0.9206568002700806
147.3507843017578,98.76850891113281,1,0.33513379096984863,0.9200312495231628
157.97714233398438,106.68557739257812,1,0.36127737164497375,0.919460654258728
140.27395629882812,115.19857025146484,1,0.31897982954978943,0.920373260974884
138.32113647460938,121.69327545166016,1,0.3147851824760437,0.9204961657524109
110.24625396728516,126.05445861816406,1,0.25196531414985657,0.9249330759048462
127.01949310302734,126.48743438720703,1,0.2903873324394226,0.9212101101875305
105.73600006103516,125.87294006347656,1,0.24105820059776306,0.9257747530937195
105.78032684326172,123.07405090332031,1,0.24117442965507507,0.9257771372795105
91.91358184814453,119.25825500488281,1,0.20811860263347626,0.928359866142273
106.34635925292969,114.21543884277344,1,0.24255765974521637,0.9256840944290161
88.0693130493164,110.06258392333984,1,0.19940197467803955,0.9292089343070984
89.97065734863281,105.49259948730469,1,0.20378045737743378,0.928746223449707
102.31085968017578,101.36466979980469,1,0.23240332305431366,0.9263889789581299
85.7713394165039,98.79008483886719,1,0.19390253722667694,0.9297550916671753
89.38508605957031,96.20659637451172,1,0.2024233192205429,0.9288969039916992
103.14523315429688,94.2035140991211,1,0.23450270295143127,0.926235556602478
104.00907135009766,93.7243423461914,1,0.23673129081726074,0.9260817766189575
88.33182525634766,94.23502349853516,1,0.20004670321941376,0.9291437268257141
88.48473358154297,94.17139434814453,1,0.20039869844913483,0.929107666015625
92.34521484375,93.82178497314453,1,0.20907683670520782,0.9282658100128174
79.33457946777344,93.61965942382812,1,0.17834362387657166,0.9314419627189636
88.38123321533203,92.5971450805664,1,0.20013856887817383,0.9291214942932129
113.81922912597656,91.87962341308594,1,0.26025325059890747,0.9239801168441772
96.38306427001953,93.22396087646484,1,0.21833620965480804,0.9274734258651733
87.46975708007812,94.3704605102539,1,0.1979755163192749,0.9293531179428101
96.38273620605469,94.69205474853516,1,0.21833620965480804,0.9274734258651733
99.59959411621094,95.12718963623047,1,0.22599473595619202,0.9268732666969299
119.86627197265625,95.80817413330078,1,0.27404674887657166,0.922282338142395
120.96101379394531,98.00299835205078,1,0.2765257954597473,0.9219654202461243
110.38349151611328,100.9046630859375,1,0.25228139758110046,0.9249125719070435
134.3607177734375,103.13182830810547,1,0.30645743012428284,0.9207644462585449
145.39498901367188,106.46220397949219,1,0.33063822984695435,0.9201209545135498
164.7183380126953,110.81697082519531,1,0.3769288957118988,0.9191210865974426
178.10353088378906,116.67469787597656,1,0.40726858377456665,0.9184916019439697
177.61996459960938,123.71397399902344,1,0.40621209144592285,0.9185022711753845
169.52114868164062,130.52883911132812,1,0.387847363948822,0.9188810586929321
208.012451171875,135.7557830810547,1,0.4723243713378906,0.9106189012527466
185.49476623535156,142.37496948242188,1,0.4232678711414337,0.9169011116027832
168.9560546875,147.09609985351562,1,0.38652750849723816,0.9189276099205017
181.21441650390625,148.85723876953125,1,0.4140489995479584,0.9181151986122131
151.6547393798828,149.6212158203125,1,0.345956951379776,0.9197841286659241
164.9420928955078,147.31832885742188,1,0.37743887305259705,0.9191071391105652
151.1704559326172,144.54522705078125,1,0.34474244713783264,0.9198335409164429
109.23762512207031,140.60813903808594,1,0.24954015016555786,0.9251831769943237
74.973388671875,133.26596069335938,1,0.16878193616867065,0.9326560497283936
153.5703582763672,122.3463363647461,1,0.350637823343277,0.9197092056274414
157.6027374267578,116.51227569580078,1,0.3603593707084656,0.9194879531860352
159.03976440429688,114.29867553710938,1,0.36377742886543274,0.9194079637527466
142.65603637695312,114.58893585205078,1,0.32430851459503174,0.9202317595481873
69.46321868896484,115.1102294921875,1,0.15869279205799103,0.9341263175010681
55.30534362792969,110.27976989746094,1,0.12775014340877533,0.9353281855583191
67.37357330322266,102.11613464355469,1,0.15465784072875977,0.9346787333488464
60.81262969970703,93.83052062988281,1,0.14022938907146454,0.9357785582542419
35.83094787597656,85.32877349853516,1,0.07478361576795578,0.9310795664787292
40.993831634521484,76.0542984008789,1,0.08289285749197006,0.9333584308624268
28.905473709106445,68.10611724853516,1,0.05662687495350838,0.9264535307884216
30.256275177001953,60.78391647338867,1,0.05712427571415901,0.9274011254310608
36.76713180541992,54.87651824951172,1,0.07712378352880478,0.9316577911376953
24.669191360473633,51.113948822021484,1,0.061828989535570145,0.9230750203132629
19.263078689575195,48.257266998291016,1,0.05099411681294441,0.9209598898887634
14.285483360290527,46.2071647644043,1,0.038796860724687576,0.9197282791137695
10.748270034790039,44.99782943725586,1,0.02811344526708126,0.9159497022628784
9.63591194152832,44.32017135620117,1,0.02436106465756893,0.9144802689552307
12.296305656433105,45.00083923339844,1,0.032770056277513504,0.9174029231071472
9.353482246398926,46.51649475097656,1,0.023339560255408287,0.9138138890266418
26.23872184753418,48.56785583496094,1,0.060191620141267776,0.9244621396064758
6.932722091674805,51.998870849609375,1,0.02184714935719967,0.9076939821243286
4.211070537567139,55.21316146850586,1,-0.011972406879067421,0.8971626162528992
7.262102127075195,58.1854248046875,1,0.02525707148015499,0.9085866212844849
19.120996475219727,60.99216079711914,1,0.05069204047322273,0.9209736585617065
19.019718170166016,64.13970947265625,1,0.05046926811337471,0.920975923538208
13.363261222839355,67.44476318359375,1,0.03609992936253548,0.9186756014823914
26.61296272277832,70.42613220214844,1,0.05916302278637886,0.9247705936431885
49.03780746459961,73.62179565429688,1,0.11042865365743637,0.9345951080322266
44.6180419921875,77.48117065429688,1,0.09559714049100876,0.9339202642440796
53.2499885559082,81.05859375,1,0.12239570170640945,0.9351287484169006
37.06343460083008,84.56612396240234,1,0.07717912644147873,0.9318197965621948
65.0533218383789,87.03596496582031,1,0.14986713230609894,0.9353266954421997
45.760738372802734,89.68447875976562,1,0.09957268089056015,0.9340940117835999
48.332481384277344,91.50166320800781,1,0.10817430168390274,0.9344839453697205
47.59851837158203,92.65984344482422,1,0.10578649491071701,0.934377908706665
45.601402282714844,93.1802749633789,1,0.09902556985616684,0.934074342250824
40.847015380859375,93.15158081054688,1,0.08239644020795822,0.9333441257476807
49.49134063720703,92.57704162597656,1,0.11186163872480392,0.9346585273742676
39.35213088989258,92.10103607177734,1,0.07755991071462631,0.9331087470054626
51.57735824584961,91.26077270507812,1,0.11790161579847336,0.9349498152732849
45.108158111572266,90.82691955566406,1,0.09731587022542953,0.9339908361434937
46.441253662109375,90.3570556640625,1,0.10191141813993454,0.9342073798179626
47.863250732421875,89.96931457519531,1,0.10666381567716599,0.9344291687011719
46.81507110595703,89.69612121582031,1,0.10316368192434311,0.9342672824859619
54.94151306152344,89.46231842041016,1,0.12681248784065247,0.9352957606315613
57.91355514526367,89.60237121582031,1,0.13392670452594757,0.9355525374412537
64.45060729980469,90.03370666503906,1,0.14857526123523712,0.935501217842102
84.734375,90.82518005371094,1,0.19134490191936493,0.930026113986969
89.4361572265625,92.57026672363281,1,0.2025539129972458,0.9288899302482605
95.0926513671875,94.8331298828125,1,0.21534158289432526,0.9277176856994629
116.45648956298828,97.34051513671875,1,0.26623207330703735,0.9232407212257385
110.5907974243164,100.78045654296875,1,0.2527659237384796,0.9248285889625549
90.291748046875,104.89874267578125,1,0.20450136065483093,0.9286741018295288
106.25155639648438,107.50480651855469,1,0.2423378825187683,0.9256892800331116
111.97953033447266,109.5031967163086,1,0.256008118391037,0.9244692325592041
157.32037353515625,111.21239471435547,1,0.35968929529190063,0.9195102453231812
90.04519653320312,115.85319519042969,1,0.20394839346408844,0.9287335872650146
111.48442840576172,116.68449401855469,1,0.25485607981681824,0.9245962500572205
84.33121490478516,116.7353286743164,1,0.19032108783721924,0.930127739906311
115.93183135986328,114.21792602539062,1,0.2650391757488251,0.9234190583229065
90.6847152709961,112.75119018554688,1,0.20538952946662903,0.9285977482795715
97.25630187988281,110.0904312133789,1,0.22035051882266998,0.9273225665092468
116.11011505126953,107.51463317871094,1,0.2654562294483185,0.9233576655387878
104.69551086425781,106.55769348144531,1,0.23843838274478912,0.9259637594223022
98.62007141113281,105.78065490722656,1,0.22361981868743896,0.9270620942115784
88.28511047363281,104.75936889648438,1,0.19992372393608093,0.9291521310806274
93.04924774169922,102.92327117919922,1,0.21069210767745972,0.9281203746795654
103.40227508544922,101.14798736572266,1,0.23517277836799622,0.9261727333068848
115.61650848388672,100.289306640625,1,0.26434892416000366,0.923496663570404
105.9831771850586,100.90879821777344,1,0.24167516827583313,0.9257269501686096
101.52835845947266,101.60408020019531,1,0.2305719405412674,0.9265152215957642
93.87445068359375,101.95252227783203,1,0.21254341304302216,0.9279539585113525
121.52259063720703,101.4823989868164,1,0.2777969539165497,0.9218764901161194
147.67044067382812,102.5730972290039,1,0.3359593451023102,0.9200092554092407
86.00104522705078,106.28286743164062,1,0.19445471465587616,0.9297006130218506
71.65619659423828,106.57965087890625,1,0.16278333961963654,0.9335352182388306
90.38323211669922,103.9436264038086,1,0.20469729602336884,0.9286550283432007
88.44154357910156,101.2110595703125,1,0.20029215514659882,0.9291107058525085
63.88871383666992,98.53855895996094,1,0.14733578264713287,0.9356659650802612
63.44495391845703,94.44927978515625,1,0.14635755121707916,0.9357894659042358
70.55473327636719,90.03765106201172,1,0.1607532501220703,0.9338381290435791
109.47449493408203,86.39934539794922,1,0.25012168288230896,0.9251570105552673
113.24919891357422,86.34868621826172,1,0.25894734263420105,0.9241405129432678
127.22810363769531,88.66474151611328,1,0.29085296392440796,0.921218991279602
119.59764862060547,93.16995239257812,1,0.2734389901161194,0.9223565459251404
124.41743469238281,97.9108657836914,1,0.284496545791626,0.9215127825737
129.22222900390625,102.63117980957031,1,0.29528898000717163,0.9210942983627319
136.25363159179688,107.13047790527344,1,0.3104538023471832,0.9206387996673584
123.0910415649414,111.4797134399414,1,0.2814181447029114,0.9216651320457458
122.58746337890625,114.2383041381836,1,0.2802368700504303,0.9217280745506287
172.04931640625,115.71453094482422,1,0.3936552405357361,0.9187644124031067
144.73619079589844,119.9020004272461,1,0.32911521196365356,0.9201565980911255
123.53145599365234,123.00495147705078,1,0.2824348509311676,0.9216147065162659
105.49957275390625,123.5816879272461,1,0.24046027660369873,0.9258153438568115
90.68089294433594,121.28353118896484,1,0.20537663996219635,0.9285977482795715
116.90152740478516,116.49111938476562,1,0.2672334611415863,0.9231225848197937
121.2823486328125,112.7093505859375,1,0.27724549174308777,0.9219100475311279
114.4949722290039,110.17102813720703,1,0.2618027329444885,0.9238083958625793
107.93610382080078,108.11204528808594,1,0.24641700088977814,0.9254064559936523
81.53327941894531,106.10746765136719,1,0.18339818716049194,0.9308502674102783
53.96904373168945,102.45796203613281,1,0.12429340928792953,0.9351967573165894
40.683311462402344,96.35174560546875,1,0.08181744068861008,0.9333142638206482
36.385738372802734,88.64399719238281,1,0.07626133412122726,0.9314273595809937
41.040794372558594,80.58252716064453,1,0.08305751532316208,0.9333788752555847
28.11579132080078,73.24388885498047,1,0.05634893849492073,0.9258833527565002
32.80276107788086,66.13811492919922,1,0.06423633545637131,0.929157555103302
42.37998962402344,60.584815979003906,1,0.08749856799840927,0.9335669875144958
30.068639755249023,57.58211898803711,1,0.05701099708676338,0.9272817373275757
34.8932991027832,55.81542205810547,1,0.07227655500173569,0.9305105805397034
30.37815284729004,55.232852935791016,1,0.057212818413972855,0.9274987578392029
26.9478816986084,55.28561782836914,1,0.05825744941830635,0.9250084161758423
19.314794540405273,56.1313591003418,1,0.051106590777635574,0.920922040939331
17.492660522460938,57.10314178466797,1,0.0470421202480793,0.9212052226066589
13.144339561462402,58.31510543823242,1,0.03543092682957649,0.9184078574180603
9.837475776672363,59.53681182861328,1,0.025052567943930626,0.914879560470581
11.811033248901367,60.63067626953125,1,0.031356800347566605,0.9167730212211609
14.140249252319336,62.04219436645508,1,0.03837202861905098,0.9195544123649597
20.584943771362305,63.787681579589844,1,0.05022795870900154,0.920760452747345
25.257081985473633,66.08309936523438,1,0.06233539059758186,0.9236025810241699
19.582651138305664,68.80004119873047,1,0.05166866257786751,0.920910656452179
10.032613754272461,71.41499328613281,1,0.025743922218680382,0.9152761101722717
8.222972869873047,73.4228286743164,1,0.02164422534406185,0.9111522436141968
17.399887084960938,74.95831298828125,1,0.04681726172566414,0.9212161302566528
12.973848342895508,76.60124206542969,1,0.03490697219967842,0.9182142615318298
9.375703811645508,78.05411529541016,1,0.023423543199896812,0.9138625860214233
35.44527053833008,79.285888671875,1,0.07376705855131149,0.9308497309684753
25.29745101928711,81.27955627441406,1,0.06227501109242439,0.9236423373222351
21.58346176147461,83.20484924316406,1,0.05128436163067818,0.9206380844116211
35.37828826904297,84.84285736083984,1,0.07358025759458542,0.930809736251831
51.72565460205078,86.67607116699219,1,0.1182912066578865,0.9349711537361145
26.135417938232422,89.03663635253906,1,0.060476262122392654,0.9243671894073486
27.398414611816406,90.47120666503906,1,0.05705009773373604,0.9253499507904053
40.39064407348633,91.27430725097656,1,0.08075486868619919,0.9332695603370667
36.455772399902344,92.08795166015625,1,0.07644783705472946,0.9314533472061157
35.99109649658203,92.64802551269531,1,0.07521944493055344,0.9311764240264893
59.46209716796875,92.96533203125,1,0.1373414844274521,0.9356643557548523
70.74176788330078,93.93887329101562,1,0.16108550131320953,0.9337719082832336
48.23581314086914,95.574462890625,1,0.1078689768910408,0.9344674944877625
61.56719970703125,96.54568481445312,1,0.1420145183801651,0.935814619064331
56.768802642822266,97.47644805908203,1,0.13134759664535522,0.9354677796363831
53.10567855834961,97.91447448730469,1,0.12201764434576035,0.935097336769104
54.90949630737305,97.75556182861328,1,0.12673109769821167,0.9352909326553345
57.9325065612793,97.26209259033203,1,0.1339636743068695,0.9355571269989014
63.59574890136719,96.686279296875,1,0.1466914862394333,0.9357589483261108
73.30752563476562,96.27082824707031,1,0.16581885516643524,0.9331266283988953
74.53402709960938,96.33956146240234,1,0.1680132895708084,0.9328009486198425
95.47765350341797,96.60716247558594,1,0.21621853113174438,0.9276514649391174
80.32561492919922,97.93238067626953,1,0.180649533867836,0.9311632513999939
71.02964782714844,98.80533599853516,1,0.16162964701652527,0.9336923360824585
84.25395965576172,98.7319564819336,1,0.19010619819164276,0.9301461577415466
82.6358871459961,99.01580047607422,1,0.18600405752658844,0.930568277835846
68.08830261230469,99.2313003540039,1,0.15604163706302643,0.9344848394393921
63.583465576171875,98.418701171875,1,0.14665822684764862,0.9357536435127258
65.72673797607422,96.70935821533203,1,0.151310533285141,0.9351430535316467
68.68428039550781,94.74283599853516,1,0.15721574425697327,0.9343136548995972
74.85857391357422,92.9756088256836,1,0.1685844212770462,0.9326883554458618
73.0252685546875,91.85122680664062,1,0.16529276967048645,0.9331789016723633
67.18517303466797,91.06493377685547,1,0.15428782999515533,0.9347375631332397
76.14306640625,90.19957733154297,1,0.1710779219865799,0.9323285818099976
67.21638488769531,89.89783477783203,1,0.15434576570987701,0.9347192049026489
78.08684539794922,89.36937713623047,1,0.17541207373142242,0.931782603263855
91.41594696044922,89.41382598876953,1,0.20701640844345093,0.9284539222717285
75.60118103027344,90.56370544433594,1,0.1700136363506317,0.9324888586997986
114.28624725341797,91.37089538574219,1,0.2613266110420227,0.9238684177398682
95.76021575927734,94.434326171875,1,0.21686141192913055,0.9276070594787598
86.28790283203125,97.15955352783203,1,0.19515696167945862,0.9296344518661499
105.0763931274414,98.690673828125,1,0.23942452669143677,0.9258825778961182
102.55403137207031,100.63970947265625,1,0.23302245140075684,0.926356852054596
93.1305923461914,102.39449310302734,1,0.21085987985134125,0.9281066060066223
100.24506378173828,103.11805725097656,1,0.22752338647842407,0.9267486929893494
85.17623901367188,103.6390151977539,1,0.1924525797367096,0.9299062490463257
100.05581665039062,102.8454818725586,1,0.22708678245544434,0.9267959594726562
85.38433074951172,102.42931365966797,1,0.19296595454216003,0.9298596382141113
66.05128479003906,101.16310119628906,1,0.15199103951454163,0.9350507259368896
79.30760192871094,98.18231964111328,1,0.17826537787914276,0.9314479827880859
94.19449615478516,95.4801254272461,1,0.21328330039978027,0.9278972148895264
105.30479431152344,94.22818756103516,1,0.2399788349866867,0.9258490204811096
103.84104919433594,94.72782897949219,1,0.23630113899707794,0.926105260848999
121.9599838256836,96.07402038574219,1,0.27879008650779724,0.9218031167984009
106.13031005859375,99.05150604248047,1,0.24203833937644958,0.9257178902626038
117.3101806640625,101.49017333984375,1,0.2681730389595032,0.9230048060417175
123.70511627197266,104.1547622680664,1,0.2828413248062134,0.9215778112411499
129.87014770507812,107.05453491210938,1,0.29673078656196594,0.9210298657417297
152.97195434570312,110.18383026123047,1,0.3491664528846741,0.9197267293930054
142.0511932373047,114.73875427246094,1,0.3229188621044159,0.9202722311019897
141.904541015625,118.72289276123047,1,0.32253628969192505,0.9202805757522583
127.13544464111328,121.90315246582031,1,0.2906552851200104,0.9212112426757812
133.55258178710938,123.08934020996094,1,0.30470535159111023,0.9208040833473206
149.67422485351562,123.43810272216797,1,0.34101784229278564,0.9198924899101257
127.82191467285156,124.36198425292969,1,0.29218921065330505,0.9211697578430176
84.92028045654297,123.80778503417969,1,0.19184352457523346,0.9299623966217041
119.11225891113281,119.28173828125,1,0.27232229709625244,0.9224931597709656
124.1944351196289,115.56900024414062,1,0.2839730679988861,0.9215250611305237
123.92302703857422,112.96107482910156,1,0.2833425998687744,0.9215627908706665
114.48821258544922,111.25082397460938,1,0.2617916762828827,0.9238077998161316
72.96353912353516,109.55104064941406,1,0.16517937183380127,0.9332137107849121
80.2190170288086,105.03456115722656,1,0.18036743998527527,0.9312036633491516
83.9251480102539,100.0225601196289,1,0.189285546541214,0.9302350878715515
67.22142028808594,95.48663330078125,1,0.1543528139591217,0.934709906578064
57.047813415527344,90.56736755371094,1,0.13197651505470276,0.9354774355888367
81.2591781616211,85.31739807128906,1,0.18277369439601898,0.9309322834014893
74.91910552978516,82.16778564453125,1,0.1686837524175644,0.9326767325401306
61.99679183959961,80.15731048583984,1,0.14306892454624176,0.9358509182929993
61.182533264160156,78.16876983642578,1,0.1410820186138153,0.9357925057411194
78.4859390258789,76.43090057373047,1,0.17634789645671844,0.9316896796226501
64.77690124511719,76.33447265625,1,0.14925995469093323,0.9354041814804077
64.61161041259766,76.2753677368164,1,0.14891460537910461,0.935459315776825
58.90651321411133,76.31684875488281,1,0.13612371683120728,0.9356326460838318
50.532466888427734,76.0302963256836,1,0.1150156781077385,0.9348005056381226
36.06108474731445,75.07671356201172,1,0.07540007680654526,0.931227445602417
28.28193473815918,72.88264465332031,1,0.05640404298901558,0.926003634929657
37.2625617980957,69.74005126953125,1,0.07720934599637985,0.9319364428520203
25.034923553466797,67.33970642089844,1,0.06223170831799507,0.9234001040458679
16.853811264038086,64.87638092041016,1,0.04551251605153084,0.9211602807044983
13.872422218322754,62.54967498779297,1,0.03760289028286934,0.9192536473274231
25.748430252075195,61.03142166137695,1,0.06155787780880928,0.924053430557251
26.43918800354004,61.02463912963867,1,0.05964537337422371,0.9246122241020203
18.541234970092773,62.02678298950195,1,0.04941936209797859,0.921054482460022
18.111234664916992,63.22136688232422,1,0.048459310084581375,0.9211194515228271
19.301753997802734,64.71369934082031,1,0.051078248769044876,0.9209508895874023
17.09098243713379,66.42752838134766,1,0.046085257083177567,0.9212659001350403
17.438549041748047,68.25988006591797,1,0.04691000655293465,0.9212141633033752
17.81934356689453,70.1405029296875,1,0.047796059399843216,0.9211581945419312
14.653749465942383,72.00586700439453,1,0.03982030227780342,0.920051097869873
18.598833084106445,73.67683410644531,1,0.04955397918820381,0.9210550785064697
34.029117584228516,75.39016723632812,1,0.06852816790342331,0.92995685338974
36.14567565917969,77.59843444824219,1,0.07561426609754562,0.9312679171562195
29.066770553588867,80.02874755859375,1,0.05668439343571663,0.9265863299369812
48.52564239501953,82.1369400024414,1,0.10881791263818741,0.9345248937606812
47.36531448364258,84.6011962890625,1,0.10500774532556534,0.9343537092208862
66.56968688964844,86.96542358398438,1,0.15302984416484833,0.9348911643028259
57.76344680786133,89.70027160644531,1,0.13359767198562622,0.9355466365814209
53.194026947021484,92.10174560546875,1,0.12225490063428879,0.935107409954071
76.66604614257812,93.84931945800781,1,0.1721431463956833,0.9321929812431335
77.43791961669922,95.88139343261719,1,0.17388129234313965,0.9319486618041992
85.89106750488281,97.74983978271484,1,0.19421111047267914,0.9297327995300293
59.75531768798828,99.57335662841797,1,0.13797809183597565,0.9356937408447266
59.0105094909668,99.82481384277344,1,0.13636386394500732,0.9356308579444885
115.2499008178711,99.07743072509766,1,0.26351478695869446,0.9235944151878357
72.15628814697266,100.37007141113281,1,0.16371136903762817,0.933404803276062
62.841156005859375,100.41218566894531,1,0.14502093195915222,0.9359104037284851
120.23009490966797,99.48951721191406,1,0.274880588054657,0.9221829175949097
96.88182067871094,101.14739990234375,1,0.2194831371307373,0.9273843765258789
113.7001724243164,102.83911895751953,1,0.259985089302063,0.9240165948867798
91.2836685180664,105.50186157226562,1,0.20671623945236206,0.9284650683403015
106.44925689697266,106.61418151855469,1,0.24281515181064606,0.925671398639679
101.33781433105469,107.80982208251953,1,0.2301168292760849,0.9265545606613159
107.43669128417969,108.43008422851562,1,0.24524271488189697,0.9254969954490662
110.77095031738281,109.06388854980469,1,0.2531912922859192,0.9247913956642151
122.43891906738281,109.73785400390625,1,0.27989643812179565,0.9217470288276672
102.668212890625,111.1253662109375,1,0.233303502202034,0.92632657289505
124.14738464355469,111.26740264892578,1,0.2838517427444458,0.9215461015701294
97.26557922363281,112.19351959228516,1,0.22038491070270538,0.9273149371147156
175.80557250976562,111.40985870361328,1,0.40213993191719055,0.9185649156570435
117.58977508544922,115.42172241210938,1,0.2688312530517578,0.9229340553283691
135.2639923095703,117.30785369873047,1,0.308333158493042,0.9206992983818054
150.59739685058594,119.19722747802734,1,0.34331175684928894,0.9198546409606934
120.69854736328125,121.83171844482422,1,0.27595022320747375,0.9220281839370728
109.38629150390625,122.30156707763672,1,0.24991022050380707,0.9251545071601868
138.29971313476562,120.63294219970703,1,0.314756840467453,0.9204970598220825
114.35638427734375,119.99766540527344,1,0.26149600744247437,0.9238377809524536
141.8462677001953,118.13233184814453,1,0.32242074608802795,0.9202989339828491
116.8662338256836,117.81539154052734,1,0.2671484351158142,0.9231061935424805
140.93630981445312,116.46595764160156,1,0.32039594650268555,0.920350968837738
110.49284362792969,116.4870376586914,1,0.25251808762550354,0.9248778820037842
145.0293731689453,114.94522857666016,1,0.32979220151901245,0.9201287031173706
131.78839111328125,115.25727081298828,1,0.30091965198516846,0.9209074378013611
127.61009979248047,115.52603912353516,1,0.2917073667049408,0.9211925864219666
147.58560180664062,115.4406509399414,1,0.33573466539382935,0.9200387597084045
140.54840087890625,116.6121826171875,1,0.3195511996746063,0.9203611612319946
139.7394256591797,117.79682159423828,1,0.3178425431251526,0.9204285144805908
174.7187957763672,118.7741470336914,1,0.3997177183628082,0.9186335802078247
147.28651428222656,122.13287353515625,1,0.33501607179641724,0.920046865940094
132.7748260498047,124.29541778564453,1,0.3030552268028259,0.9208458662033081
162.74534606933594,124.49889373779297,1,0.3724236488342285,0.9192062616348267
176.2069549560547,125.76557922363281,1,0.4030335247516632,0.9185730814933777
205.0675811767578,128.42233276367188,1,0.46549510955810547,0.9110021591186523
208.96588134765625,133.7403106689453,1,0.4745263159275055,0.9106231331825256
224.3419189453125,140.18910217285156,1,0.5086346864700317,0.9110062122344971
243.28746032714844,147.7401580810547,1,0.5466346144676208,0.9114209413528442
219.95462036132812,156.46031188964844,1,0.4991970956325531,0.9108935594558716
172.2783966064453,162.80030822753906,1,0.3941887319087982,0.9187542796134949
202.85797119140625,163.20895385742188,1,0.46033939719200134,0.9117224216461182
215.56173706054688,162.6748504638672,1,0.4894867539405823,0.910792350769043
204.27578735351562,162.44432067871094,1,0.46367931365966797,0.9113145470619202
167.80154418945312,161.36463928222656,1,0.3838609755039215,0.9189863204956055
87.68987274169922,156.95831298828125,1,0.19851656258106232,0.9292973279953003
