step,actual_traffic_mbps,predicted_traffic_mbps,upf_config,power_w,energy_wh,qos,sec,qos_violation
0,174.1346,136.1597,DPDK,0.820818,0.205204,0.975259,0.0047137,0
1,169.1899,139.4973,DPDK,0.820779,0.205195,0.975256,0.00485123,0
2,155.0941,142.101,DPDK,0.820653,0.205163,0.975243,0.00529133,0
3,156.9,142.8528,DPDK,0.82067,0.205168,0.975249,0.00523053,0
4,170.8652,142.462,DPDK,0.820792,0.205198,0.975257,0.00480374,0
5,143.4113,142.38,DPDK,0.820534,0.205134,0.975215,0.00572154,0
6,148.1124,140.2431,DPDK,0.820585,0.205146,0.975237,0.00554028,0
7,171.9625,137.5244,DPDK,0.820801,0.2052,0.975259,0.00477314,0
8,181.1067,136.4782,DPDK,0.820871,0.205218,0.975268,0.00453253,0
9,160.5096,137.0856,DPDK,0.820703,0.205176,0.975249,0.00511311,0
10,167.8029,136.92,DPDK,0.820767,0.205192,0.975259,0.00489126,0
11,188.3569,136.8737,DPDK,0.820924,0.205231,0.975273,0.00435834,0
12,181.0237,138.3947,DPDK,0.82087,0.205218,0.975266,0.0045346,0
13,183.3621,139.9448,DPDK,0.820888,0.205222,0.975269,0.00447687,0
14,184.8817,141.4973,DPDK,0.820899,0.205225,0.975269,0.00444013,0
15,193.5861,142.904,DPDK,0.820961,0.20524,0.975282,0.00424081,0
16,189.1825,144.6799,DPDK,0.82093,0.205232,0.975276,0.00433935,0
17,191.0788,146.0334,DPDK,0.820943,0.205236,0.975276,0.00429636,0
18,183.858,147.0747,DPDK,0.820891,0.205223,0.975271,0.00446481,0
19,201.921,147.182,DPDK,0.821018,0.205255,0.97529,0.00406604,0
20,207.4583,148.1311,DPDK,0.821055,0.205264,0.975292,0.00395769,0
21,196.9836,149.7642,DPDK,0.820985,0.205246,0.975283,0.00416778,0
22,195.9092,150.6958,DPDK,0.820977,0.205244,0.975284,0.0041906,0
23,200.8338,151.0213,DPDK,0.821011,0.205253,0.975286,0.00408801,0
24,201.1487,151.2885,DPDK,0.821013,0.205253,0.975289,0.00408162,0
25,198.7017,151.4369,DPDK,0.820996,0.205249,0.975286,0.0041318,0
26,213.8288,151.2584,DPDK,0.821096,0.205274,0.975304,0.00383997,0
27,226.5056,152.0892,DPDK,0.821174,0.205293,0.975312,0.0036254,0
28,221.5277,154.3292,DPDK,0.821144,0.205286,0.975304,0.00370673,0
29,198.6782,156.6044,DPDK,0.820996,0.205249,0.975286,0.00413229,0
30,200.2032,156.7636,DPDK,0.821006,0.205252,0.975288,0.00410086,0
31,196.9173,155.8643,DPDK,0.820984,0.205246,0.975284,0.00416918,0
32,194.3996,154.1306,DPDK,0.820967,0.205242,0.975278,0.00422309,0
33,188.0832,151.8678,DPDK,0.820922,0.20523,0.975277,0.00436467,0
34,190.1319,149.0622,DPDK,0.820937,0.205234,0.975278,0.00431772,0
35,188.3669,146.3794,DPDK,0.820924,0.205231,0.975273,0.00435811,0
36,187.5207,143.9549,DPDK,0.820918,0.205229,0.975275,0.00437775,0
37,194.2436,141.8531,DPDK,0.820966,0.205241,0.975281,0.00422647,0
38,206.0753,140.7313,DPDK,0.821046,0.205261,0.975294,0.0039842,0
39,172.4381,141.2226,DPDK,0.820804,0.205201,0.975261,0.00476,0
40,176.4129,139.8403,DPDK,0.820835,0.205209,0.975261,0.00465292,0
41,202.9047,137.9966,DPDK,0.821025,0.205256,0.97529,0.00404636,0
42,189.9872,138.1988,DPDK,0.820936,0.205234,0.975278,0.004321,0
43,192.8106,138.4111,DPDK,0.820956,0.205239,0.97528,0.00425784,0
44,178.0412,138.8974,DPDK,0.820848,0.205212,0.975266,0.00461044,0
45,181.9374,138.3113,DPDK,0.820877,0.205219,0.975269,0.00451186,0
46,170.9235,137.5348,DPDK,0.820793,0.205198,0.975257,0.0048021,0
47,176.1114,135.8548,DPDK,0.820833,0.205208,0.975264,0.00466087,0
48,163.2879,134.2978,DPDK,0.820728,0.205182,0.975251,0.00502626,0
49,136.538,131.9714,DPDK,0.820455,0.205114,0.975157,0.00600898,0
50,121.6379,127.4415,DPDK,0.820233,0.205058,0.97502,0.00674323,0
51,110.1131,120.9837,DPDK,0.820025,0.205006,0.974994,0.00744711,0
52,101.6607,113.1764,DPDK,0.819858,0.204965,0.974926,0.00806466,0
53,91.3719,104.6795,DPDK,0.819656,0.204914,0.974816,0.00897055,0
54,78.7891,96.4121,DPDK,0.819522,0.20488,0.974654,0.01040146,0
55,122.9474,88.1906,OAI-1x,1.124286,0.281072,0.921683,0.00914445,0
56,64.556,84.4625,OAI-1x,0.595175,0.148794,0.935472,0.00921951,0
57,55.9939,79.2877,OAI-1x,0.517988,0.129497,0.935381,0.00925081,0
58,42.9538,73.4492,OAI-1x,0.358397,0.089599,0.933653,0.00834379,0
59,45.8177,66.8669,OAI-1x,0.399091,0.099773,0.934117,0.0087104,0
60,37.1916,61.0022,OAI-1x,0.308767,0.077192,0.931894,0.00830204,0
61,32.0118,55.5798,OAI-1x,0.245445,0.061361,0.928624,0.00766732,0
62,38.7552,50.8839,OAI-1x,0.309852,0.077463,0.932859,0.0079951,0
63,27.2935,47.8799,OAI-1x,0.229339,0.057335,0.925278,0.0084027,0
64,25.1009,45.5757,OAI-1x,0.249147,0.062287,0.923472,0.00992584,0
65,20.3969,43.8867,OAI-1x,0.203015,0.050754,0.920774,0.00995325,0
66,18.2498,42.6123,OAI-1x,0.195096,0.048774,0.9211,0.01069031,0
67,21.277,41.7924,OAI-1x,0.201666,0.050417,0.920667,0.00947812,0
68,20.9883,42.1759,OAI-1x,0.19839,0.049598,0.920715,0.00945242,0
69,17.5191,43.2992,OAI-1x,0.188408,0.047102,0.921208,0.01075441,0
70,18.1529,45.3127,OAI-1x,0.194214,0.048554,0.921114,0.0106988,0
71,20.4949,47.8146,OAI-1x,0.201877,0.050469,0.920771,0.0098501,0
72,20.9021,50.8146,OAI-1x,0.197451,0.049363,0.92072,0.00944645,0
73,20.8128,54.1976,OAI-1x,0.198439,0.04961,0.920721,0.00953451,0
74,28.0136,57.6896,OAI-1x,0.225223,0.056306,0.92582,0.00803977,0
75,55.6088,61.3817,OAI-1x,0.51406,0.128515,0.935359,0.00924422,0
76,71.6458,66.0884,OAI-1x,0.651099,0.162775,0.933539,0.00908776,0
77,105.2021,71.8281,OAI-1x,0.95885,0.239713,0.92586,0.00911436,0
78,133.9254,78.8044,OAI-1x,1.222093,0.305523,0.920789,0.00912517,0
79,137.0649,87.3311,OAI-1x,1.248528,0.312132,0.920577,0.00910903,0
80,124.8973,96.5702,DPDK,0.820289,0.205072,0.975056,0.00656771,0
81,133.3556,106.1424,DPDK,0.820414,0.205104,0.975132,0.00615208,0
82,128.5099,114.3526,DPDK,0.82035,0.205088,0.975089,0.00638356,0
83,167.5113,120.2518,DPDK,0.820764,0.205191,0.975256,0.00489975,0
84,159.7867,127.0633,DPDK,0.820696,0.205174,0.975251,0.0051362,0
85,121.4516,132.7749,DPDK,0.820229,0.205057,0.975017,0.00675355,0
86,105.9405,134.23,DPDK,0.819944,0.204986,0.974968,0.00773967,0
87,124.8052,131.8915,DPDK,0.820288,0.205072,0.975055,0.00657254,0
88,117.0624,128.9349,DPDK,0.820152,0.205038,0.974996,0.00700611,0
89,106.369,125.3778,DPDK,0.819953,0.204988,0.974973,0.00770857,0
90,106.8269,120.9588,DPDK,0.819962,0.20499,0.974978,0.00767561,0
91,111.8515,116.5251,DPDK,0.820057,0.205014,0.974996,0.00733166,0
92,116.1159,112.8906,DPDK,0.820135,0.205034,0.974996,0.00706307,0
93,108.5559,110.3687,DPDK,0.819995,0.204999,0.974995,0.00755367,0
94,124.0964,108.1893,DPDK,0.820275,0.205069,0.975045,0.00660999,0
95,117.6789,107.5755,DPDK,0.820163,0.205041,0.974999,0.0069695,0
96,136.9277,107.409,DPDK,0.82046,0.205115,0.975163,0.00599192,0
97,148.811,108.9216,DPDK,0.820592,0.205148,0.97524,0.00551432,0
98,147.7875,112.0598,DPDK,0.820581,0.205145,0.975236,0.00555244,0
99,161.1739,115.6865,DPDK,0.820709,0.205177,0.97525,0.00509207,0
100,181.2155,120.1588,DPDK,0.820872,0.205218,0.97527,0.00452981,0
101,168.6992,126.0571,DPDK,0.820775,0.205194,0.975254,0.00486531,0
102,164.7582,131.0801,DPDK,0.820741,0.205185,0.975256,0.00498149,0
103,161.0826,134.6909,DPDK,0.820708,0.205177,0.975251,0.00509495,0
104,147.1553,136.7121,DPDK,0.820575,0.205144,0.975239,0.00557625,0
105,145.3807,136.4621,DPDK,0.820556,0.205139,0.975231,0.00564419,0
106,147.3772,134.7953,DPDK,0.820577,0.205144,0.975239,0.00556787,0
107,162.003,132.568,DPDK,0.820716,0.205179,0.975251,0.00506605,0
108,140.8648,131.3185,DPDK,0.820506,0.205127,0.975194,0.00582478,0
109,121.1671,129.0768,DPDK,0.820224,0.205056,0.975017,0.00676936,0
110,133.983,125.0803,DPDK,0.820422,0.205106,0.975138,0.00612333,0
111,145.6321,121.4977,DPDK,0.820558,0.20514,0.975232,0.00563446,0
112,163.6269,119.3564,DPDK,0.820731,0.205183,0.975252,0.00501587,0
113,157.1475,119.6118,DPDK,0.820672,0.205168,0.97525,0.00522231,0
114,159.4329,120.6873,DPDK,0.820693,0.205173,0.975252,0.00514758,0
115,166.5311,122.3111,DPDK,0.820756,0.205189,0.975256,0.00492855,0
116,171.6695,124.5941,DPDK,0.820798,0.2052,0.97526,0.00478127,0
117,192.5944,127.3437,DPDK,0.820954,0.205239,0.975279,0.00426261,0
118,202.501,131.6409,DPDK,0.821022,0.205255,0.97529,0.00405441,0
119,205.9639,137.0319,DPDK,0.821045,0.205261,0.975293,0.00398635,0
120,202.4733,142.6648,DPDK,0.821022,0.205255,0.97529,0.00405496,0
121,195.68,147.4532,DPDK,0.820976,0.205244,0.975281,0.0041955,0
122,200.4611,150.6011,DPDK,0.821008,0.205252,0.97529,0.0040956,0
123,198.6111,152.7961,DPDK,0.820996,0.205249,0.975284,0.00413368,0
124,200.2719,153.9137,DPDK,0.821007,0.205252,0.97529,0.00409946,0
125,174.3458,154.3709,DPDK,0.820819,0.205205,0.975258,0.004708,0
126,171.1905,152.2626,DPDK,0.820795,0.205199,0.975256,0.00479463,0
127,159.2528,148.7142,DPDK,0.820692,0.205173,0.975249,0.00515339,0
128,184.7967,143.756,DPDK,0.820898,0.205225,0.975273,0.00444217,0
129,196.5394,140.5792,DPDK,0.820982,0.205245,0.975285,0.00417719,0
130,192.8724,139.5735,DPDK,0.820956,0.205239,0.97528,0.00425647,0
131,193.4458,139.6081,DPDK,0.82096,0.20524,0.975278,0.00424388,0
132,183.9069,140.2868,DPDK,0.820892,0.205223,0.975272,0.00446363,0
133,171.7326,140.4846,DPDK,0.820799,0.2052,0.975257,0.00477952,0
134,175.6339,139.4294,DPDK,0.820829,0.205207,0.975264,0.00467352,0
135,183.8749,138.1056,DPDK,0.820891,0.205223,0.975272,0.0044644,0
136,194.975,137.3976,DPDK,0.820971,0.205243,0.975279,0.00421065,0
137,210.2696,137.9498,DPDK,0.821073,0.205268,0.975301,0.00390486,0
138,201.8292,140.3432,DPDK,0.821017,0.205254,0.975287,0.00406788,0
139,214.6113,142.8091,DPDK,0.821101,0.205275,0.975301,0.00382599,0
140,193.2995,146.0482,DPDK,0.820959,0.20524,0.975281,0.00424708,0
141,200.341,147.608,DPDK,0.821007,0.205252,0.975289,0.00409805,0
142,176.0663,148.6203,DPDK,0.820833,0.205208,0.975264,0.00466207,0
143,149.6133,147.1835,DPDK,0.820601,0.20515,0.975241,0.00548481,0
144,130.2357,142.4938,DPDK,0.820374,0.205093,0.975102,0.00629915,0
145,118.8733,135.0352,DPDK,0.820184,0.205046,0.974995,0.00689965,0
146,112.0201,126.0566,DPDK,0.82006,0.205015,0.974998,0.00732065,0
147,101.297,116.5736,DPDK,0.819851,0.204963,0.974924,0.00809354,0
148,92.9228,106.6929,DPDK,0.819681,0.20492,0.974834,0.00882109,0
149,82.7139,97.4622,DPDK,0.819566,0.204891,0.974715,0.00990844,0
150,71.3328,88.9191,OAI-1x,0.648769,0.162192,0.933616,0.00909496,0
151,64.7207,80.9682,OAI-1x,0.596605,0.149151,0.935407,0.00921814,0
152,50.71,73.7546,OAI-1x,0.462025,0.115506,0.934826,0.00911111,0
153,60.832,66.8497,OAI-1x,0.561095,0.140274,0.935762,0.00922368,0
154,50.3905,61.8856,OAI-1x,0.458454,0.114614,0.934791,0.00909804,0
155,36.2484,57.8517,OAI-1x,0.303555,0.075889,0.931331,0.00837429,0
156,29.9669,53.913,OAI-1x,0.227926,0.056982,0.927211,0.00760595,0
157,27.7518,50.1997,OAI-1x,0.224868,0.056217,0.925621,0.00810284,0
158,26.5677,47.1206,OAI-1x,0.237158,0.059289,0.924719,0.00892653,0
159,26.1104,44.8394,OAI-1x,0.242184,0.060546,0.924359,0.00927539,0
160,25.2476,43.3775,OAI-1x,0.249391,0.062348,0.923599,0.00987781,0
161,25.9751,42.6787,OAI-1x,0.243693,0.060923,0.92424,0.00938181,0
162,24.8654,42.8099,OAI-1x,0.248302,0.062076,0.923245,0.00998588,0
163,25.318,43.8497,OAI-1x,0.248986,0.062247,0.923664,0.00983437,0
164,25.9946,45.421,OAI-1x,0.243488,0.060872,0.924264,0.00936688,0
165,24.5965,47.8607,OAI-1x,0.245863,0.061466,0.923007,0.00999586,0
166,24.5353,50.9181,OAI-1x,0.244629,0.061157,0.922952,0.00997052,0
167,17.4348,54.0711,OAI-1x,0.1876,0.0469,0.921212,0.01076009,0
168,27.9723,56.9159,OAI-1x,0.225186,0.056297,0.925793,0.00805033,0
169,30.1828,60.0217,OAI-1x,0.228288,0.057072,0.927362,0.0075635,0
170,48.1467,63.167,OAI-1x,0.430332,0.107583,0.934455,0.00893793,0
171,50.1817,67.0579,OAI-1x,0.45607,0.114018,0.934756,0.00908837,0
172,70.1027,71.1871,OAI-1x,0.639598,0.159899,0.93395,0.00912372,0
173,88.5354,75.7401,OAI-1x,0.802004,0.200501,0.929087,0.00905857,0
174,125.4135,81.0395,OAI-1x,1.146999,0.28675,0.921366,0.00914574,0
175,115.9385,87.9818,OAI-1x,1.060198,0.265049,0.923413,0.00914448,0
176,132.1219,94.5885,DPDK,0.820398,0.2051,0.975119,0.00620941,0
177,154.9087,103.1798,DPDK,0.820652,0.205163,0.975249,0.00529765,0
178,183.3662,112.8252,DPDK,0.820888,0.205222,0.97527,0.00447677,0
179,153.5326,123.6819,DPDK,0.820639,0.20516,0.975244,0.00534504,0
180,150.0945,131.9366,DPDK,0.820606,0.205151,0.975238,0.00546726,0
181,138.5827,137.2732,DPDK,0.82048,0.20512,0.97518,0.00592051,0
182,117.4207,139.2607,DPDK,0.820158,0.20504,0.974996,0.00698479,0
183,109.4596,137.4044,DPDK,0.820012,0.205003,0.974996,0.00749146,0
184,122.2857,132.9374,DPDK,0.820244,0.205061,0.975029,0.0067076,0
185,120.5058,128.4396,DPDK,0.820213,0.205053,0.975006,0.00680642,0
186,122.748,124.0882,DPDK,0.820252,0.205063,0.975033,0.00668241,0
187,119.8609,120.409,DPDK,0.820201,0.20505,0.975001,0.00684294,0
188,121.7882,117.2557,DPDK,0.820235,0.205059,0.975022,0.00673493,0
189,127.4531,114.8724,DPDK,0.820333,0.205083,0.975081,0.00643635,0
190,140.3041,113.5566,DPDK,0.8205,0.205125,0.975192,0.00584801,0
191,128.8112,113.9199,DPDK,0.820355,0.205089,0.975092,0.00636866,0
192,127.7868,114.2985,DPDK,0.820338,0.205085,0.975081,0.00641959,0
193,152.4733,114.5701,DPDK,0.820629,0.205157,0.975245,0.00538211,0
194,153.6431,116.5353,DPDK,0.82064,0.20516,0.975242,0.00534121,0
195,167.2579,119.2764,DPDK,0.820762,0.205191,0.975258,0.00490716,0
196,155.9624,123.1428,DPDK,0.820661,0.205165,0.975246,0.00526192,0
197,171.8373,126.2969,DPDK,0.8208,0.2052,0.975257,0.00477661,0
198,173.6721,129.8786,DPDK,0.820814,0.205204,0.975257,0.00472623,0
199,171.3326,133.3265,DPDK,0.820796,0.205199,0.975257,0.00479066,0
200,150.7769,136.0991,DPDK,0.820613,0.205153,0.975241,0.00544256,0
201,153.3872,136.4949,DPDK,0.820637,0.205159,0.975244,0.0053501,0
202,141.7034,135.6964,DPDK,0.820516,0.205129,0.975203,0.00579037,0
203,126.5011,133.3134,DPDK,0.820316,0.205079,0.97507,0.00648466,0
204,139.2418,129.135,DPDK,0.820488,0.205122,0.975181,0.00589254,0
205,139.2457,125.35,DPDK,0.820488,0.205122,0.975181,0.00589238,0
206,123.4665,122.1509,DPDK,0.820265,0.205066,0.975041,0.00664362,0
207,139.7926,118.4539,DPDK,0.820494,0.205124,0.975187,0.00586937,0
208,135.1352,116.1292,DPDK,0.820437,0.205109,0.975147,0.00607123,0
209,146.9391,114.468,DPDK,0.820572,0.205143,0.975239,0.00558444,0
210,153.9989,114.2809,DPDK,0.820643,0.205161,0.975246,0.00532889,0
211,152.3141,115.4801,DPDK,0.820627,0.205157,0.975244,0.00538773,0
212,171.964,117.1986,DPDK,0.820801,0.2052,0.975259,0.0047731,0
213,200.9314,120.5395,DPDK,0.821011,0.205253,0.975286,0.00408603,0
214,212.9693,126.5968,DPDK,0.82109,0.205273,0.975301,0.00385544,0
215,178.9789,134.4418,DPDK,0.820855,0.205214,0.975262,0.00458632,0
216,200.6131,139.6828,DPDK,0.821009,0.205252,0.975285,0.0040925,0
217,198.4043,144.6011,DPDK,0.820994,0.205249,0.975285,0.00413799,0
218,216.9965,148.4341,DPDK,0.821116,0.205279,0.975304,0.003784,0
219,199.5061,152.6292,DPDK,0.821002,0.20525,0.975287,0.00411517,0
220,198.0701,154.9952,DPDK,0.820992,0.205248,0.975285,0.00414496,0
221,184.109,155.9376,DPDK,0.820893,0.205223,0.97527,0.00445873,0
222,193.7043,154.7541,DPDK,0.820962,0.20524,0.975281,0.00423822,0
223,199.5821,153.2424,DPDK,0.821002,0.205251,0.975288,0.00411361,0
224,185.8992,152.0891,DPDK,0.820906,0.205227,0.975272,0.00441587,0
225,219.1199,150.0916,DPDK,0.821129,0.205282,0.975307,0.00374739,0
226,224.9012,150.5186,DPDK,0.821164,0.205291,0.97531,0.00365122,0
227,185.9196,152.5668,DPDK,0.820906,0.205227,0.975273,0.00441538,0
228,202.367,152.1392,DPDK,0.821021,0.205255,0.97529,0.00405709,0
229,195.3137,151.7635,DPDK,0.820973,0.205243,0.975281,0.00420336,0
230,167.8568,150.7794,DPDK,0.820767,0.205192,0.975258,0.00488969,0
231,167.5901,147.3333,DPDK,0.820765,0.205191,0.975256,0.00489746,0
232,189.3454,142.9462,DPDK,0.820931,0.205233,0.975275,0.00433563,0
233,214.1782,140.2218,DPDK,0.821098,0.205274,0.975298,0.00383371,0
234,199.6051,140.6369,DPDK,0.821002,0.205251,0.975288,0.00411313,0
235,191.3143,141.5694,DPDK,0.820945,0.205236,0.975277,0.00429108,0
236,191.8641,142.0766,DPDK,0.820949,0.205237,0.975276,0.0042788,0
237,208.4244,142.369,DPDK,0.821061,0.205265,0.975295,0.00393937,0
238,235.4617,143.8058,DPDK,0.821226,0.205307,0.97532,0.00348773,0
239,208.0643,147.8294,DPDK,0.821059,0.205265,0.975295,0.00394618,0
240,161.7142,150.5582,DPDK,0.820714,0.205178,0.975252,0.00507509,0
241,132.7746,148.5646,DPDK,0.820407,0.205102,0.975125,0.00617895,0
242,120.6435,141.967,DPDK,0.820215,0.205054,0.975009,0.00679867,0
243,106.9157,132.6957,DPDK,0.819963,0.204991,0.974979,0.00766925,0
244,94.1524,121.7809,DPDK,0.819702,0.204926,0.974848,0.00870613,0
245,88.2152,109.7508,DPDK,0.819624,0.204906,0.97478,0.00929119,0
246,90.9751,98.3497,DPDK,0.819652,0.204913,0.974812,0.00900964,0
247,85.5884,88.9046,OAI-1x,0.773863,0.193466,0.9298,0.00904169,0
248,74.5383,81.3287,OAI-1x,0.672034,0.168008,0.932802,0.00901595,0
249,71.5663,74.8118,OAI-1x,0.650503,0.162626,0.933571,0.00908952,0
250,53.8757,69.6979,OAI-1x,0.496185,0.124046,0.935176,0.00920982,0
251,47.9835,64.7255,OAI-1x,0.42822,0.107055,0.934442,0.00892432,0
252,39.4967,60.0288,OAI-1x,0.311226,0.077807,0.933131,0.00787982,0
253,37.9281,55.5228,OAI-1x,0.309288,0.077322,0.932332,0.00815457,0
254,34.8235,51.7217,OAI-1x,0.28801,0.072002,0.930459,0.00827057,0
255,29.8585,48.7022,OAI-1x,0.227749,0.056937,0.927139,0.0076276,0
256,26.4553,46.395,OAI-1x,0.238378,0.059594,0.924633,0.00901059,0
257,27.5034,44.6114,OAI-1x,0.22707,0.056767,0.925422,0.00825607,0
258,24.7379,43.5782,OAI-1x,0.24786,0.061965,0.923147,0.01001946,0
259,25.5078,43.1003,OAI-1x,0.247846,0.061961,0.923823,0.00971647,0
260,27.8367,43.2914,OAI-1x,0.22503,0.056258,0.925682,0.00808395,0
261,20.6039,44.5343,OAI-1x,0.200688,0.050172,0.920763,0.00974028,0
262,19.7042,45.9128,OAI-1x,0.207706,0.051927,0.920871,0.01054121,0
263,16.4113,47.9457,OAI-1x,0.177717,0.044429,0.920937,0.01082895,0
264,17.6223,50.3779,OAI-1x,0.189361,0.04734,0.921163,0.01074553,0
265,21.0827,52.9789,OAI-1x,0.199443,0.049861,0.920712,0.00946004,0
266,25.4861,55.8619,OAI-1x,0.247995,0.061999,0.923815,0.00973062,0
267,34.5085,59.1906,OAI-1x,0.282569,0.070642,0.930266,0.0081884,0
268,33.3807,62.8428,OAI-1x,0.263275,0.065819,0.929532,0.00788703,0
269,30.3159,66.4668,OAI-1x,0.228697,0.057174,0.927451,0.00754381,0
270,39.9727,69.7496,OAI-1x,0.316938,0.079235,0.933199,0.00792887,0
271,44.3362,73.0185,OAI-1x,0.378377,0.094594,0.933863,0.00853427,0
272,47.0731,76.0297,OAI-1x,0.416165,0.104041,0.934294,0.00884081,0
273,57.4603,78.8169,OAI-1x,0.531656,0.132914,0.93552,0.00925258,0
274,58.2847,81.7386,OAI-1x,0.539001,0.13475,0.935583,0.00924773,0
275,75.0437,84.5305,OAI-1x,0.675616,0.168904,0.932647,0.00900298,0
276,84.0606,87.6149,OAI-1x,0.758486,0.189622,0.930193,0.00902309,0
277,98.5785,90.8746,DPDK,0.819794,0.204949,0.974893,0.00831616,0
278,97.2756,94.5085,DPDK,0.819767,0.204942,0.974883,0.00842726,0
279,121.5702,97.8378,DPDK,0.820231,0.205058,0.975019,0.00674698,0
280,120.7628,102.3025,DPDK,0.820217,0.205054,0.97501,0.00679197,0
281,133.362,107.7991,DPDK,0.820414,0.205104,0.975132,0.00615178,0
282,123.4002,113.454,DPDK,0.820263,0.205066,0.975039,0.00664718,0
283,144.2491,117.6161,DPDK,0.820543,0.205136,0.975225,0.00568838,0
284,131.8283,122.0987,DPDK,0.820395,0.205099,0.975119,0.0062232,0
285,139.1064,125.1382,DPDK,0.820487,0.205122,0.97518,0.00589827,0
286,135.1579,127.3933,DPDK,0.820437,0.205109,0.975147,0.00607022,0
287,151.7132,128.5216,DPDK,0.820622,0.205155,0.975243,0.00540903,0
288,137.599,129.9764,DPDK,0.820468,0.205117,0.975168,0.00596275,0
289,121.9695,130.2707,DPDK,0.820238,0.20506,0.975027,0.00672495,0
290,126.3172,128.7625,DPDK,0.820313,0.205078,0.97507,0.00649408,0
291,117.2787,126.5886,DPDK,0.820156,0.205039,0.974998,0.00699322,0
292,133.5507,123.5039,DPDK,0.820417,0.205104,0.975135,0.00614311,0
293,139.8424,121.3809,DPDK,0.820495,0.205124,0.975187,0.00586728,0
294,125.1855,120.4196,DPDK,0.820294,0.205074,0.975059,0.00655263,0
295,137.2994,119.092,DPDK,0.820464,0.205116,0.975164,0.00597573,0
296,149.9544,118.5833,DPDK,0.820604,0.205151,0.975243,0.00547236,0
297,153.6725,119.4763,DPDK,0.82064,0.20516,0.975244,0.00534019,0
298,158.3018,121.2861,DPDK,0.820683,0.205171,0.975248,0.00518429,0
299,150.2161,123.7267,DPDK,0.820607,0.205152,0.975239,0.00546284,0
300,149.4522,125.5883,DPDK,0.820599,0.20515,0.975242,0.00549071,0
301,156.8905,126.8151,DPDK,0.82067,0.205167,0.975248,0.00523085,0
302,174.3454,128.0638,DPDK,0.820819,0.205205,0.975258,0.00470801,0
303,154.2049,130.4236,DPDK,0.820645,0.205161,0.975245,0.00532178,0
304,160.1286,131.5225,DPDK,0.820699,0.205175,0.975253,0.00512525,0
305,148.0958,132.2362,DPDK,0.820585,0.205146,0.975238,0.0055409,0
306,158.2947,131.6509,DPDK,0.820683,0.205171,0.975248,0.00518453,0
307,147.059,131.1525,DPDK,0.820574,0.205143,0.97524,0.00557989,0
308,151.2081,129.8047,DPDK,0.820617,0.205154,0.975242,0.00542707,0
309,149.9736,128.4473,DPDK,0.820604,0.205151,0.975243,0.00547166,0
310,168.9773,127.0916,DPDK,0.820777,0.205194,0.975256,0.00485732,0
311,162.5332,127.3099,DPDK,0.820721,0.20518,0.975252,0.00504956,0
312,172.6097,127.8367,DPDK,0.820806,0.205201,0.975261,0.00475527,0
313,168.6164,129.2572,DPDK,0.820774,0.205193,0.975256,0.0048677,0
314,178.2775,130.6809,DPDK,0.82085,0.205212,0.975264,0.00460434,0
315,174.3491,132.6647,DPDK,0.820819,0.205205,0.975259,0.00470791,0
316,184.837,134.3867,DPDK,0.820898,0.205225,0.975274,0.0044412,0
317,163.5169,136.5576,DPDK,0.82073,0.205182,0.975251,0.00501924,0
318,166.3658,136.9973,DPDK,0.820755,0.205189,0.975253,0.00493343,0
319,158.6138,136.6431,DPDK,0.820686,0.205171,0.975248,0.00517411,0
320,141.4379,135.2249,DPDK,0.820513,0.205128,0.9752,0.00580122,0
321,146.2587,132.0123,DPDK,0.820565,0.205141,0.975236,0.00561037,0
322,160.1953,128.5358,DPDK,0.8207,0.205175,0.975247,0.00512312,0
323,159.0184,126.3391,DPDK,0.820689,0.205172,0.975248,0.00516097,0
324,163.3575,124.9857,DPDK,0.820728,0.205182,0.975252,0.00502412,0
325,152.9571,124.6009,DPDK,0.820633,0.205158,0.975242,0.00536512,0
326,132.8106,124.0304,DPDK,0.820407,0.205102,0.975127,0.00617727,0
327,146.611,121.8998,DPDK,0.820569,0.205142,0.975236,0.00559691,0
328,162.1945,120.2294,DPDK,0.820718,0.205179,0.975252,0.00506008,0
329,171.3846,120.1452,DPDK,0.820796,0.205199,0.975257,0.0047892,0
330,155.3166,121.6644,DPDK,0.820655,0.205164,0.975245,0.00528376,0
331,171.6414,122.6987,DPDK,0.820798,0.2052,0.975259,0.00478205,0
332,146.1794,124.6517,DPDK,0.820564,0.205141,0.975237,0.0056134,0
333,138.3763,124.9032,DPDK,0.820478,0.205119,0.975176,0.00592932,0
334,138.9268,123.622,DPDK,0.820484,0.205121,0.975177,0.00590587,0
335,144.2732,121.6494,DPDK,0.820544,0.205136,0.975225,0.00568743,0
336,131.2676,119.9081,DPDK,0.820387,0.205097,0.975112,0.00624973,0
337,123.5518,117.4998,DPDK,0.820266,0.205067,0.975041,0.00663905,0
338,108.9018,114.4547,DPDK,0.820002,0.205,0.974995,0.00752973,0
339,98.4545,110.3203,DPDK,0.819792,0.204948,0.974893,0.00832661,0
340,86.7062,105.3207,DPDK,0.819608,0.204902,0.974763,0.0094527,0
341,42.9577,99.579,DPDK,0.818985,0.204746,0.971598,0.01906491,0
342,44.1422,90.0917,OAI-1x,0.375607,0.093902,0.933836,0.00850904,0
343,41.6243,80.27,OAI-1x,0.339931,0.084983,0.933468,0.00816665,0
344,33.7776,71.2731,OAI-1x,0.269642,0.06741,0.929798,0.00798285,0
345,36.153,63.0062,OAI-1x,0.302611,0.075653,0.93128,0.00837029,0
346,28.2389,56.4453,OAI-1x,0.225527,0.056382,0.925974,0.00798639,0
347,27.8245,51.1949,OAI-1x,0.224977,0.056244,0.92568,0.00808556,0
348,20.2607,47.3393,OAI-1x,0.204499,0.051125,0.920813,0.0100934,0
349,22.6202,44.5271,OAI-1x,0.216542,0.054135,0.92112,0.00957292,0
350,25.7468,43.0093,OAI-1x,0.246258,0.061565,0.924044,0.00956464,0
351,29.8041,43.0641,OAI-1x,0.227712,0.056928,0.927095,0.00764028,0
352,27.0932,44.2714,OAI-1x,0.231461,0.057865,0.925115,0.00854313,0
353,22.2771,46.3879,OAI-1x,0.212829,0.053207,0.920773,0.0095537,0
354,20.4847,48.8326,OAI-1x,0.202007,0.050502,0.920763,0.00986133,0
355,19.6376,51.7556,OAI-1x,0.207165,0.051791,0.920906,0.01054936,0
356,18.4081,54.661,OAI-1x,0.19654,0.049135,0.92107,0.01067683,0
357,13.5375,57.4626,OAI-1x,0.146478,0.036619,0.918892,0.01082013,0
358,27.3927,59.9434,OAI-1x,0.228234,0.057059,0.925351,0.00833195,0
359,45.5929,62.7839,OAI-1x,0.395971,0.098993,0.934072,0.00868492,0
360,15.2725,66.5598,OAI-1x,0.165992,0.041498,0.920359,0.01086867,0
361,25.7839,69.334,OAI-1x,0.245831,0.061458,0.924063,0.00953427,0
362,27.9921,71.8834,OAI-1x,0.225212,0.056303,0.925801,0.00804557,0
363,33.1108,74.1408,OAI-1x,0.259888,0.064972,0.929362,0.00784902,0
364,45.9997,76.321,OAI-1x,0.40157,0.100392,0.934142,0.00872983,0
365,63.106,78.7928,OAI-1x,0.58244,0.14561,0.935887,0.00922956,0
366,73.5074,81.8815,OAI-1x,0.664679,0.16617,0.933056,0.00904235,0
367,95.819,85.5749,OAI-1x,0.868041,0.21701,0.927573,0.00905917,0
368,103.0928,90.2833,OAI-1x,0.937479,0.23437,0.926247,0.00909354,0
369,101.6911,95.1601,DPDK,0.819859,0.204965,0.974925,0.00806225,0
370,105.9631,99.4968,DPDK,0.819945,0.204986,0.97497,0.00773802,0
371,104.3291,103.3338,DPDK,0.819912,0.204978,0.974953,0.0078589,0
372,113.0193,107.2282,DPDK,0.820079,0.20502,0.974997,0.00725609,0
373,92.1115,110.9372,DPDK,0.819667,0.204917,0.974822,0.00889865,0
374,90.548,112.1792,DPDK,0.819648,0.204912,0.974806,0.00905208,0
375,89.4304,111.6757,DPDK,0.819637,0.204909,0.974794,0.00916508,0
376,86.2721,110.1673,DPDK,0.819604,0.204901,0.974759,0.00950022,0
377,77.5299,107.9566,DPDK,0.819507,0.204877,0.974604,0.01057021,0
378,77.3365,104.8517,DPDK,0.819505,0.204876,0.974593,0.01059662,0
379,90.7594,101.5229,DPDK,0.81965,0.204913,0.974811,0.00903102,0
380,79.5103,99.3107,DPDK,0.81953,0.204882,0.974671,0.01030722,0
381,86.5436,97.1652,DPDK,0.819607,0.204902,0.974759,0.00947044,0
382,85.4551,95.7709,DPDK,0.819595,0.204899,0.974747,0.00959094,0
383,87.2289,94.8476,DPDK,0.819614,0.204903,0.974767,0.00939613,0
384,80.0725,94.416,DPDK,0.819536,0.204884,0.974677,0.01023493,0
385,86.7195,93.7925,DPDK,0.819609,0.204902,0.974764,0.00945126,0
386,89.4805,93.5793,DPDK,0.819637,0.204909,0.974794,0.00915995,0
387,113.203,93.7943,DPDK,0.820082,0.205021,0.974998,0.00724435,0
388,95.6264,95.8863,DPDK,0.819731,0.204933,0.974861,0.00857223,0
389,117.8739,97.561,DPDK,0.820166,0.205042,0.974996,0.006958,0
390,105.3808,100.3907,DPDK,0.819933,0.204983,0.974964,0.00778067,0
391,104.06,102.6254,DPDK,0.819907,0.204977,0.974952,0.00787917,0
392,81.361,104.1458,DPDK,0.819551,0.204888,0.974697,0.01007302,0
393,94.1019,103.4246,DPDK,0.819701,0.204925,0.974844,0.00871079,0
394,84.763,102.4096,DPDK,0.819588,0.204897,0.974736,0.00966917,0
395,105.2512,100.6368,DPDK,0.819931,0.204983,0.974963,0.00779023,0
396,96.8204,100.0453,DPDK,0.819757,0.204939,0.974876,0.00846678,0
397,81.3296,99.5564,DPDK,0.81955,0.204888,0.974693,0.0100769,0
398,81.648,98.1048,DPDK,0.819554,0.204888,0.974699,0.01003764,0
399,85.4407,96.2744,DPDK,0.819595,0.204899,0.974747,0.00959256,0
400,87.3466,94.6795,DPDK,0.819615,0.204904,0.974768,0.00938348,0
401,98.9302,93.5241,DPDK,0.819802,0.20495,0.974898,0.00828667,0
402,99.1122,93.5613,DPDK,0.819806,0.204951,0.974902,0.00827149,0
403,90.8101,94.296,DPDK,0.819651,0.204913,0.974811,0.00902599,0
404,101.1169,94.7742,DPDK,0.819847,0.204962,0.97492,0.00810791,0
405,107.3137,95.794,DPDK,0.819971,0.204993,0.974985,0.00764088,0
406,113.3135,97.433,DPDK,0.820084,0.205021,0.974997,0.0072373,0
407,109.6673,99.6657,DPDK,0.820016,0.205004,0.974997,0.00747731,0
408,116.7907,101.73,DPDK,0.820147,0.205037,0.974998,0.00702237,0
409,130.1758,103.9632,DPDK,0.820373,0.205093,0.975103,0.00630204,0
410,136.5338,106.9834,DPDK,0.820455,0.205114,0.975157,0.00600917,0
411,132.4029,110.5579,DPDK,0.820402,0.205101,0.975123,0.00619626,0
412,115.9121,113.7055,DPDK,0.820131,0.205033,0.974998,0.00707546,0
413,95.206,115.0201,DPDK,0.819722,0.20493,0.97486,0.00860999,0
414,105.1773,113.5944,DPDK,0.819929,0.204982,0.974963,0.00779568,0
415,111.2819,111.4671,DPDK,0.820047,0.205012,0.974998,0.00736909,0
416,90.2755,109.5534,DPDK,0.819645,0.204911,0.974802,0.00907938,0
417,91.0615,106.4144,DPDK,0.819653,0.204913,0.974811,0.0090011,0
418,99.2677,103.008,DPDK,0.819809,0.204952,0.974903,0.00825857,0
419,106.4789,100.4006,DPDK,0.819955,0.204989,0.974974,0.00770063,0
420,98.8357,99.0384,DPDK,0.8198,0.20495,0.974899,0.00829457,0
421,92.5448,97.9901,DPDK,0.819675,0.204919,0.974828,0.00885705,0
422,106.7661,96.8322,DPDK,0.81996,0.20499,0.974978,0.00767997,0
423,119.2612,96.7631,DPDK,0.820191,0.205048,0.974997,0.00687726,0
424,121.7347,98.2096,DPDK,0.820234,0.205059,0.975021,0.00673788,0
425,102.5741,100.5578,DPDK,0.819877,0.204969,0.974935,0.00799302,0
426,112.5718,101.7892,DPDK,0.820071,0.205018,0.974998,0.00728486,0
427,121.9793,102.9839,DPDK,0.820239,0.20506,0.975026,0.00672441,0
428,103.3127,104.6749,DPDK,0.819892,0.204973,0.974942,0.00793602,0
429,124.3182,105.079,DPDK,0.820279,0.20507,0.975049,0.00659822,0
430,92.1928,106.2426,DPDK,0.819669,0.204917,0.974827,0.00889081,0
431,96.1821,105.3372,DPDK,0.819743,0.204936,0.97487,0.00852283,0
432,78.2607,103.6737,DPDK,0.819516,0.204879,0.974633,0.0104716,0
433,123.5572,100.4403,DPDK,0.820266,0.205067,0.975042,0.00663876,0
434,131.826,99.9367,DPDK,0.820395,0.205099,0.975119,0.00622332,0
435,125.2054,101.605,DPDK,0.820294,0.205074,0.97506,0.00655159,0
436,109.8,103.8824,DPDK,0.820019,0.205005,0.974999,0.00746829,0
437,58.824,105.1643,DPDK,0.819259,0.204815,0.973662,0.01392729,0
438,45.6241,102.0687,DPDK,0.819031,0.204758,0.971944,0.01795171,0
439,43.4581,95.942,DPDK,0.818992,0.204748,0.971663,0.01884558,0
440,43.1343,88.6412,OAI-1x,0.361069,0.090267,0.933686,0.00837082,0
441,34.1701,81.4389,OAI-1x,0.276622,0.069155,0.930052,0.00809543,0
442,27.1876,74.3582,OAI-1x,0.230451,0.057613,0.925199,0.00847635,0
443,24.6668,67.5663,OAI-1x,0.247253,0.061813,0.923081,0.01002374,0
444,26.6574,61.6647,OAI-1x,0.236206,0.059051,0.924782,0.00886078,0
445,17.4435,57.7457,OAI-1x,0.187688,0.046922,0.921221,0.01075978,0
446,11.5483,54.6041,OAI-1x,0.122364,0.030591,0.916516,0.01059587,0
447,11.1563,52.7058,OAI-1x,0.117573,0.029393,0.916233,0.01053871,0
448,14.8639,52.1553,OAI-1x,0.161601,0.0404,0.920158,0.01087204,0
449,12.6371,52.9568,OAI-1x,0.135385,0.033846,0.917806,0.0107133,0
450,11.1831,54.6013,OAI-1x,0.117914,0.029479,0.916251,0.01054392,0
451,9.6671,56.7066,OAI-1x,0.097936,0.024484,0.914542,0.01013081,0
452,5.7613,59.1146,OAI-1x,0.03373,0.008432,0.903763,0.00585454,0
453,6.2881,61.4808,OAI-1x,0.059006,0.014752,0.905634,0.0093837,0
454,8.99,63.8461,OAI-1x,0.088048,0.022012,0.913027,0.00979397,0
455,7.7988,66.3338,OAI-1x,0.098526,0.024632,0.910031,0.01263352,0
456,7.07,68.8309,OAI-1x,0.093135,0.023284,0.908073,0.01317329,0
457,9.6391,71.232,OAI-1x,0.097504,0.024376,0.914485,0.01011541,0
458,17.2042,73.6187,OAI-1x,0.185457,0.046364,0.921249,0.01077973,0
459,27.55,76.1742,OAI-1x,0.22664,0.05666,0.925468,0.0082265,0
460,38.4913,79.024,OAI-1x,0.309669,0.077417,0.932691,0.00804517,0
461,40.4867,82.0986,OAI-1x,0.324454,0.081113,0.933274,0.00801383,0
462,65.0507,85.1587,OAI-1x,0.599467,0.149867,0.935328,0.00921538,0
463,68.8999,88.8602,OAI-1x,0.630483,0.157621,0.934268,0.00915072,0
464,78.233,92.5845,DPDK,0.819515,0.204879,0.974634,0.01047531,0
465,76.2247,96.3189,DPDK,0.819492,0.204873,0.974545,0.010751,0
466,86.8141,99.6129,DPDK,0.81961,0.204902,0.974763,0.00944097,0
467,66.6329,102.5069,DPDK,0.819371,0.204843,0.974117,0.01229679,0
468,64.3675,103.6919,DPDK,0.81934,0.204835,0.974014,0.01272908,0
469,66.0678,103.5335,DPDK,0.819363,0.204841,0.974091,0.01240185,0
470,71.2206,102.545,DPDK,0.819431,0.204858,0.974319,0.01150553,0
471,64.2444,101.3546,DPDK,0.819338,0.204834,0.974009,0.01275346,0
472,58.4183,99.7402,DPDK,0.819252,0.204813,0.973618,0.01402389,0
473,56.8421,97.6888,DPDK,0.819228,0.204807,0.973431,0.01441234,0
474,71.8555,95.4524,DPDK,0.819439,0.20486,0.974346,0.01140397,0
475,71.0877,94.0169,DPDK,0.819429,0.204857,0.974312,0.01152701,0
476,70.7582,93.0683,DPDK,0.819425,0.204856,0.974296,0.01158063,0
477,71.4948,92.4257,DPDK,0.819434,0.204859,0.97433,0.01146146,0
478,57.0306,91.9934,DPDK,0.819231,0.204808,0.973453,0.01436476,0
479,69.6265,90.977,DPDK,0.81941,0.204853,0.974243,0.01176865,0
480,71.2708,90.4013,DPDK,0.819431,0.204858,0.974323,0.01149744,0
481,68.6211,90.2044,OAI-1x,0.628369,0.157092,0.93435,0.00915708,0
482,72.918,90.0311,OAI-1x,0.660389,0.165097,0.933214,0.00905659,0
483,85.6223,90.119,OAI-1x,0.774194,0.193549,0.929797,0.00904196,0
484,105.3023,91.0768,OAI-1x,0.959871,0.239968,0.925849,0.00911539,0
485,106.9434,93.5646,DPDK,0.819964,0.204991,0.974978,0.00766727,0
486,101.2211,97.0632,DPDK,0.819849,0.204962,0.97492,0.00809959,0
487,87.5464,100.3243,DPDK,0.819617,0.204904,0.974773,0.00936209,0
488,124.822,102.0012,DPDK,0.820288,0.205072,0.975055,0.00657166,0
489,74.1457,105.1866,DPDK,0.819467,0.204867,0.974453,0.01105212,0
490,83.193,105.2027,DPDK,0.819571,0.204893,0.97472,0.00985144,0
491,68.5204,104.0052,DPDK,0.819396,0.204849,0.974194,0.01195842,0
492,74.1182,101.14,DPDK,0.819467,0.204867,0.974452,0.01105621,0
493,74.7919,97.9998,DPDK,0.819475,0.204869,0.974484,0.01095673,0
494,90.9749,95.0445,DPDK,0.819652,0.204913,0.974812,0.00900966,0
495,104.3811,93.6381,DPDK,0.819913,0.204978,0.974952,0.007855,0
496,102.6311,94.2018,DPDK,0.819878,0.20497,0.974936,0.00798859,0
497,79.2019,95.707,DPDK,0.819526,0.204882,0.974666,0.0103473,0
498,75.469,95.941,DPDK,0.819483,0.204871,0.974509,0.01085854,0
499,81.6087,95.1401,DPDK,0.819553,0.204888,0.974698,0.01004247,0
500,91.6313,94.2417,DPDK,0.81966,0.204915,0.974818,0.00894519,0
501,100.5813,94.0524,DPDK,0.819836,0.204959,0.974913,0.00815098,0
502,113.3788,94.9162,DPDK,0.820085,0.205021,0.974999,0.00723315,0
503,118.5323,97.1809,DPDK,0.820178,0.205045,0.974997,0.00691945,0
504,134.4887,100.362,DPDK,0.820429,0.205107,0.97514,0.00610036,0
505,113.6492,104.8451,DPDK,0.82009,0.205023,0.974995,0.00721598,0
506,111.3274,108.0183,DPDK,0.820047,0.205012,0.974997,0.00736609,0
507,116.1952,109.9399,DPDK,0.820137,0.205034,0.974995,0.00705827,0
508,114.5,111.2211,DPDK,0.820106,0.205026,0.974996,0.0071625,0
509,94.9136,111.7997,DPDK,0.819716,0.204929,0.974854,0.00863645,0
510,97.3107,110.4382,DPDK,0.819767,0.204942,0.974881,0.00842423,0
511,113.4442,108.2863,DPDK,0.820087,0.205022,0.974999,0.00722899,0
512,116.5163,107.0403,DPDK,0.820142,0.205036,0.974996,0.00703887,0
513,109.941,106.6106,DPDK,0.820021,0.205005,0.974998,0.00745874,0
514,94.2356,106.2113,DPDK,0.819704,0.204926,0.974849,0.00869845,0
515,112.7133,104.7445,DPDK,0.820073,0.205018,0.974995,0.00727574,0
516,109.0592,104.156,DPDK,0.820005,0.205001,0.974997,0.00751889,0
517,97.0182,103.8192,DPDK,0.819761,0.20494,0.974877,0.00844956,0
518,94.1083,102.8048,DPDK,0.819702,0.204925,0.974848,0.00871019,0
519,97.431,101.3001,DPDK,0.81977,0.204943,0.974882,0.00841386,0
520,97.3101,99.9217,DPDK,0.819767,0.204942,0.97488,0.00842428,0
521,93.8952,98.7251,DPDK,0.819698,0.204924,0.974844,0.00872992,0
522,87.126,97.5469,DPDK,0.819613,0.204903,0.974767,0.00940721,0
523,83.9301,96.0221,DPDK,0.819579,0.204895,0.974729,0.00976502,0
524,103.6823,94.2611,DPDK,0.819899,0.204975,0.974947,0.00790781,0
525,94.6625,93.9643,DPDK,0.819712,0.204928,0.974854,0.00865931,0
526,101.5533,93.8935,DPDK,0.819856,0.204964,0.974925,0.00807316,0
527,89.6885,94.4905,DPDK,0.819639,0.20491,0.974796,0.00913874,0
528,82.7028,94.5664,DPDK,0.819565,0.204891,0.974713,0.00990977,0
529,97.0891,93.8581,DPDK,0.819763,0.204941,0.974882,0.0084434,0
530,101.989,93.8091,DPDK,0.819865,0.204966,0.97493,0.00803876,0
531,101.6957,94.4801,DPDK,0.819859,0.204965,0.974928,0.00806189,0
532,90.4259,95.4865,DPDK,0.819647,0.204912,0.974806,0.00906429,0
533,39.8612,95.79,DPDK,0.81897,0.204743,0.971128,0.02054557,0
534,35.6587,92.1003,DPDK,0.818956,0.204739,0.970207,0.02296652,0
535,36.4141,86.3195,OAI-1x,0.305361,0.07634,0.93144,0.00838578,0
536,43.1904,80.0221,OAI-1x,0.361889,0.090472,0.933678,0.00837894,0
537,27.8717,74.5962,OAI-1x,0.225019,0.056255,0.925705,0.0080734,0
538,27.3393,69.1518,OAI-1x,0.228874,0.057219,0.925307,0.00837162,0
539,22.6983,64.8041,OAI-1x,0.217364,0.054341,0.921192,0.0095762,0
540,24.3723,61.2128,OAI-1x,0.241381,0.060345,0.9228,0.0099039,0
541,15.9262,58.8417,OAI-1x,0.172845,0.043211,0.920712,0.01085289,0
542,22.988,57.7056,OAI-1x,0.220473,0.055118,0.921475,0.00959081,0
543,17.2183,58.0519,OAI-1x,0.185547,0.046387,0.921265,0.01077614,0
544,14.8315,59.0162,OAI-1x,0.161262,0.040316,0.920133,0.01087297,0
545,14.8072,60.2954,OAI-1x,0.16097,0.040242,0.920126,0.01087106,0
546,16.883,61.9225,OAI-1x,0.182356,0.045589,0.921189,0.01080116,0
547,11.9666,63.8927,OAI-1x,0.127234,0.031808,0.916957,0.01063241,0
548,12.4692,65.9285,OAI-1x,0.133257,0.033314,0.917605,0.01068693,0
549,20.5022,67.9586,OAI-1x,0.201845,0.050461,0.920767,0.00984501,0
550,17.629,70.3024,OAI-1x,0.189445,0.047361,0.921171,0.01074625,0
551,23.2676,72.6324,OAI-1x,0.223399,0.05585,0.921752,0.00960127,0
552,16.0927,75.0069,OAI-1x,0.174514,0.043628,0.920773,0.01084429,0
553,10.45,77.0206,OAI-1x,0.108548,0.027137,0.915683,0.01038738,0
554,12.7187,78.4963,OAI-1x,0.136425,0.034106,0.917913,0.01072634,0
555,15.743,79.7505,OAI-1x,0.170947,0.042737,0.920618,0.01085864,0
556,23.2178,80.9761,OAI-1x,0.222871,0.055718,0.921698,0.00959915,0
557,18.8045,82.417,OAI-1x,0.200008,0.050002,0.921009,0.01063617,0
558,17.5825,83.747,OAI-1x,0.188988,0.047247,0.921206,0.01074865,0
559,27.5739,84.9051,OAI-1x,0.226383,0.056596,0.925486,0.00821007,0
560,31.8989,86.2582,OAI-1x,0.24341,0.060852,0.928551,0.00763065,0
561,32.5405,87.7859,OAI-1x,0.254446,0.063612,0.928981,0.00781936,0
562,35.213,89.2792,OAI-1x,0.292518,0.07313,0.930713,0.00830711,0
563,45.0812,90.7008,DPDK,0.81902,0.204755,0.971874,0.01816768,0
564,55.0797,92.2574,DPDK,0.8192,0.2048,0.973212,0.01487299,0
565,49.7072,94.0526,DPDK,0.819108,0.204777,0.972441,0.01647865,0
566,60.0117,95.5041,DPDK,0.819277,0.204819,0.973768,0.01365195,0
567,68.2168,96.9371,DPDK,0.819392,0.204848,0.974184,0.01201159,0
568,72.0016,98.5646,DPDK,0.81944,0.20486,0.974355,0.01138086,0
569,79.2587,100.1858,DPDK,0.819527,0.204882,0.974667,0.01033991,0
570,80.2084,101.7212,DPDK,0.819538,0.204884,0.974682,0.0102176,0
571,90.772,102.9103,DPDK,0.81965,0.204913,0.974811,0.00902977,0
572,84.2639,104.0542,DPDK,0.819582,0.204896,0.974732,0.00972637,0
573,100.466,104.6228,DPDK,0.819834,0.204958,0.974915,0.00816031,0
574,91.8599,105.4517,DPDK,0.819663,0.204916,0.974822,0.00892297,0
575,93.8066,106.2684,DPDK,0.819696,0.204924,0.974843,0.00873815,0
576,88.2093,106.8269,DPDK,0.819624,0.204906,0.974779,0.00929182,0
577,91.454,106.9388,DPDK,0.819657,0.204914,0.974816,0.00896251,0
578,86.9242,106.5993,DPDK,0.819611,0.204903,0.974764,0.00942902,0
579,88.2488,105.6289,DPDK,0.819625,0.204906,0.974779,0.00928765,0
580,90.1043,104.5008,DPDK,0.819644,0.204911,0.974799,0.0090966,0
581,80.4969,103.4099,DPDK,0.819541,0.204885,0.974683,0.01018103,0
582,84.1555,101.7422,DPDK,0.819581,0.204895,0.974731,0.00973889,0
583,89.5911,100.1622,DPDK,0.819638,0.20491,0.974795,0.00914866,0
584,82.3453,99.1026,DPDK,0.819561,0.20489,0.974709,0.00995274,0
585,81.1604,97.9022,DPDK,0.819548,0.204887,0.974693,0.01009789,0
586,99.4772,96.6557,DPDK,0.819813,0.204953,0.974902,0.00824121,0
587,100.5975,96.749,DPDK,0.819837,0.204959,0.974914,0.00814967,0
588,95.3385,97.6627,DPDK,0.819725,0.204931,0.97486,0.00859805,0
589,94.062,98.5518,DPDK,0.819701,0.204925,0.974844,0.00871447,0
590,87.6368,99.2089,DPDK,0.819618,0.204905,0.974774,0.00935245,0
591,83.0453,99.1685,DPDK,0.819569,0.204892,0.974716,0.00986894,0
592,106.605,98.3809,DPDK,0.819957,0.204989,0.974973,0.00769155,0
593,92.7362,98.8775,DPDK,0.819678,0.204919,0.974833,0.00883881,0
594,99.1164,99.029,DPDK,0.819806,0.204951,0.974898,0.00827114,0
595,100.984,99.4194,DPDK,0.819845,0.204961,0.97492,0.00811856,0
596,96.1899,99.9955,DPDK,0.819743,0.204936,0.97487,0.00852213,0
597,98.2022,100.2538,DPDK,0.819786,0.204947,0.974891,0.00834794,0
598,77.9808,100.434,DPDK,0.819512,0.204878,0.974622,0.01050915,0
599,88.1663,99.0991,DPDK,0.819624,0.204906,0.97478,0.00929634,0
600,97.1672,97.751,DPDK,0.819764,0.204941,0.974881,0.00843663,0
601,89.9352,97.1387,DPDK,0.819642,0.20491,0.9748,0.00911369,0
602,94.6387,96.4985,DPDK,0.819711,0.204928,0.974849,0.00866148,0
603,88.4109,96.2394,DPDK,0.819626,0.204907,0.97478,0.00927064,0
604,113.298,95.7864,DPDK,0.820084,0.205021,0.974999,0.00723829,0
605,94.9589,97.0286,DPDK,0.819717,0.204929,0.974856,0.00863233,0
606,99.1005,97.7898,DPDK,0.819805,0.204951,0.974903,0.00827246,0
607,105.7817,98.5008,DPDK,0.819941,0.204985,0.974968,0.00775126,0
608,75.4216,99.5531,DPDK,0.819482,0.204871,0.97451,0.01086535,0
609,83.47,98.5043,DPDK,0.819574,0.204893,0.97472,0.00981878,0
610,100.9541,96.9646,DPDK,0.819844,0.204961,0.974918,0.00812095,0
611,111.4254,96.5123,DPDK,0.820049,0.205012,0.974998,0.00735963,0
612,93.0221,97.4524,DPDK,0.819682,0.204921,0.974834,0.00881169,0
613,107.3649,97.7896,DPDK,0.819972,0.204993,0.974983,0.00763725,0
614,99.0139,98.7929,DPDK,0.819804,0.204951,0.974897,0.00827969,0
615,108.845,99.4371,DPDK,0.820001,0.205,0.974995,0.00753366,0
616,115.2783,100.5047,DPDK,0.82012,0.20503,0.974995,0.00711426,0
617,123.7992,102.142,DPDK,0.82027,0.205068,0.975046,0.00662581,0
618,137.6632,104.5246,DPDK,0.820469,0.205117,0.97517,0.00595997,0
619,120.2627,108.0491,DPDK,0.820208,0.205052,0.975006,0.00682014,0
620,116.6658,110.5501,DPDK,0.820145,0.205036,0.974996,0.00702986,0
621,114.7485,111.9049,DPDK,0.82011,0.205028,0.974998,0.00714703,0
622,111.0673,112.2773,DPDK,0.820043,0.205011,0.974996,0.0073833,0
623,107.3608,111.7198,DPDK,0.819972,0.204993,0.974984,0.00763753,0
624,102.8435,110.4039,DPDK,0.819882,0.204971,0.974941,0.00797214,0
625,113.8208,108.4305,DPDK,0.820094,0.205023,0.974998,0.00720513,0
626,115.1504,107.093,DPDK,0.820118,0.205029,0.974994,0.00712214,0
627,109.4289,106.3278,DPDK,0.820012,0.205003,0.974995,0.00749356,0
628,101.4577,105.5447,DPDK,0.819854,0.204964,0.974926,0.00808075,0
629,59.9743,104.2771,DPDK,0.819276,0.204819,0.973766,0.01366045,0
630,47.6565,99.889,DPDK,0.81907,0.204767,0.972195,0.01718696,0
631,42.3055,93.4271,DPDK,0.818977,0.204744,0.971508,0.01935866,0
632,42.0431,86.1197,OAI-1x,0.345368,0.086342,0.933521,0.00821461,0
633,44.5394,79.1296,OAI-1x,0.381275,0.095319,0.933908,0.0085604,0
634,33.1935,73.123,OAI-1x,0.260609,0.065152,0.929415,0.00785121,0
635,24.8378,67.5562,OAI-1x,0.248207,0.062052,0.923227,0.00999311,0
636,20.7174,62.4627,OAI-1x,0.19945,0.049862,0.92076,0.00962718,0
637,27.6668,58.5049,OAI-1x,0.225409,0.056352,0.925548,0.00814726,0
638,28.4641,55.9581,OAI-1x,0.225869,0.056467,0.926142,0.00793521,0
639,19.507,54.9652,OAI-1x,0.206056,0.051514,0.920916,0.01056315,0
640,19.0129,55.0426,OAI-1x,0.201837,0.050459,0.920969,0.01061577,0
641,11.4336,56.0436,OAI-1x,0.120936,0.030234,0.916452,0.01057724,0
642,13.7669,57.2249,OAI-1x,0.149199,0.0373,0.919148,0.01083752,0
643,11.1705,58.6893,OAI-1x,0.117795,0.029449,0.916238,0.01054519,0
644,9.4167,60.3496,OAI-1x,0.094354,0.023588,0.913952,0.01001979,0
645,8.786,62.1624,OAI-1x,0.084873,0.021218,0.912506,0.00965997,0
646,7.9419,64.1282,OAI-1x,0.094477,0.023619,0.910452,0.01189615,0
647,8.2076,66.1172,OAI-1x,0.087018,0.021754,0.911118,0.01060212,0
648,16.22,68.1519,OAI-1x,0.175802,0.04395,0.920861,0.01083858,0
649,7.299,70.5683,OAI-1x,0.102597,0.025649,0.908704,0.01405628,0
650,9.1887,72.7794,OAI-1x,0.090966,0.022742,0.913458,0.00989983,0
651,9.9125,74.8539,OAI-1x,0.10137,0.025343,0.915059,0.01022646,0
652,13.0156,76.7881,OAI-1x,0.140165,0.035041,0.91828,0.01076902,0
653,10.6153,78.7289,OAI-1x,0.110747,0.027687,0.915828,0.01043272,0
654,11.7171,80.4315,OAI-1x,0.124351,0.031088,0.916648,0.01061278,0
655,16.2375,82.0108,OAI-1x,0.175959,0.04399,0.92087,0.01083652,0
656,23.262,83.6121,OAI-1x,0.223318,0.05583,0.921737,0.00960013,0
657,19.8038,85.3773,OAI-1x,0.208551,0.052138,0.920871,0.01053083,0
658,27.4943,86.977,OAI-1x,0.227214,0.056804,0.925427,0.00826405,0
659,38.6828,88.6147,OAI-1x,0.309797,0.077449,0.932806,0.00800865,0
660,43.1543,90.5102,DPDK,0.818988,0.204747,0.971623,0.01897813,0
661,48.6093,92.5377,DPDK,0.819088,0.204772,0.972309,0.01685045,0
662,54.1013,94.5738,DPDK,0.819184,0.204796,0.973079,0.01514166,0
663,59.9292,96.4958,DPDK,0.819275,0.204819,0.97376,0.01367072,0
664,74.4451,98.2691,DPDK,0.819471,0.204868,0.974465,0.01100771,0
665,77.4284,100.3571,DPDK,0.819506,0.204876,0.974597,0.01058405,0
666,73.3023,102.4439,DPDK,0.819457,0.204864,0.974413,0.01117915,0
667,87.2389,103.9247,DPDK,0.819614,0.204903,0.974767,0.00939505,0
668,81.4815,105.2818,DPDK,0.819552,0.204888,0.974698,0.01005814,0
669,91.1049,105.9462,DPDK,0.819654,0.204913,0.974811,0.00899681,0
670,76.2396,106.3846,DPDK,0.819492,0.204873,0.974547,0.0107489,0
671,77.7239,105.9006,DPDK,0.819509,0.204877,0.974611,0.01054385,0
672,82.5753,104.815,DPDK,0.819564,0.204891,0.97471,0.00992505,0
673,83.7293,103.9379,DPDK,0.819577,0.204894,0.974724,0.00978841,0
674,90.3412,103.0251,DPDK,0.819646,0.204911,0.974807,0.00907279,0
675,95.6075,102.6057,DPDK,0.819731,0.204933,0.974864,0.00857391,0
676,83.3953,102.6778,DPDK,0.819573,0.204893,0.974721,0.00982756,0
677,71.3973,102.2897,DPDK,0.819433,0.204858,0.974328,0.01147709,0
678,77.2762,100.6945,DPDK,0.819504,0.204876,0.974591,0.01060487,0
679,74.2575,98.9726,DPDK,0.819468,0.204867,0.974458,0.01103549,0
680,71.4514,97.0612,DPDK,0.819434,0.204858,0.974331,0.01146841,0
681,86.8313,95.0043,DPDK,0.81961,0.204902,0.974762,0.0094391,0
682,83.3314,94.1273,DPDK,0.819572,0.204893,0.974719,0.00983509,0
683,89.5328,93.7547,DPDK,0.819638,0.204909,0.974796,0.00915461,0
684,90.2486,94.1164,DPDK,0.819645,0.204911,0.9748,0.00908208,0
685,81.8593,94.8751,DPDK,0.819556,0.204889,0.974702,0.01001177,0
686,100.8672,95.1796,DPDK,0.819842,0.204961,0.97492,0.00812794,0
687,92.8237,96.4719,DPDK,0.819679,0.20492,0.974833,0.00883049,0
688,85.5133,97.5893,DPDK,0.819596,0.204899,0.974748,0.00958442,0
689,94.6635,97.967,DPDK,0.819712,0.204928,0.974854,0.00865921,0
690,97.7251,98.4797,DPDK,0.819776,0.204944,0.974886,0.0083886,0
691,92.7503,99.1748,DPDK,0.819678,0.204919,0.974834,0.00883747,0
692,97.0867,99.5174,DPDK,0.819763,0.204941,0.974878,0.00844361,0
693,89.7193,99.9096,DPDK,0.81964,0.20491,0.974796,0.0091356,0
694,93.2219,99.715,DPDK,0.819686,0.204921,0.974837,0.00879284,0
695,88.4462,99.4383,DPDK,0.819627,0.204907,0.974782,0.00926695,0
696,91.1263,98.7706,DPDK,0.819654,0.204913,0.974812,0.0089947,0
697,86.8072,98.1212,DPDK,0.819609,0.204902,0.974763,0.00944172,0
698,88.3644,97.229,DPDK,0.819626,0.204906,0.974779,0.00927552,0
699,87.7045,96.4003,DPDK,0.819619,0.204905,0.974774,0.00934523,0
700,94.0149,95.6415,DPDK,0.8197,0.204925,0.974844,0.00871883,0
701,89.6995,95.4329,DPDK,0.819639,0.20491,0.974795,0.00913761,0
702,97.1727,95.2549,DPDK,0.819764,0.204941,0.974882,0.00843616,0
703,90.7136,95.6323,DPDK,0.81965,0.204912,0.974807,0.00903558,0
704,87.7696,95.8264,DPDK,0.81962,0.204905,0.974774,0.00933831,0
705,89.7638,95.6795,DPDK,0.81964,0.20491,0.974795,0.00913107,0
706,92.5444,95.4845,DPDK,0.819675,0.204919,0.974828,0.00885709,0
707,94.9875,95.474,DPDK,0.819718,0.204929,0.974855,0.00862975,0
708,98.5957,95.7242,DPDK,0.819795,0.204949,0.974896,0.00831471,0
709,93.4845,96.3565,DPDK,0.81969,0.204922,0.974839,0.00876819,0
710,93.7909,96.7712,DPDK,0.819696,0.204924,0.974843,0.00873961,0
711,92.0821,97.0274,DPDK,0.819667,0.204917,0.974823,0.00890148,0
712,88.1669,97.0377,DPDK,0.819624,0.204906,0.97478,0.00929627,0
713,94.5386,96.6134,DPDK,0.81971,0.204927,0.974849,0.00867064,0
714,101.4508,96.4419,DPDK,0.819854,0.204964,0.974924,0.0080813,0
715,83.9648,96.9002,DPDK,0.819579,0.204895,0.974727,0.00976098,0
716,87.6429,96.4319,DPDK,0.819618,0.204905,0.974774,0.00935179,0
717,85.8676,95.7495,DPDK,0.8196,0.2049,0.974752,0.00954492,0
718,98.1648,94.8855,DPDK,0.819786,0.204946,0.974893,0.00835111,0
719,87.9394,94.8732,DPDK,0.819621,0.204905,0.974774,0.0093203,0
720,72.52,94.6255,DPDK,0.819447,0.204862,0.974377,0.0112996,0
