step,actual_traffic_mbps,predicted_traffic_mbps,upf_config,power_w,energy_wh,qos,sec,qos_violation,type_switch,scale_event,cooldown_blocked
0,160.6438,,DPDK,0.820704,0.205176,0.975248,0.00510884,0,0,0,0
1,175.6878,,DPDK,0.82083,0.205207,0.975262,0.00467209,0,0,0,0
2,167.8186,,DPDK,0.820767,0.205192,0.975259,0.0048908,0,0,0,0
3,160.0994,,DPDK,0.820699,0.205175,0.975249,0.00512618,0,0,0,0
4,158.9883,,DPDK,0.820689,0.205172,0.975248,0.00516195,0,0,0,0
5,176.3784,,DPDK,0.820835,0.205209,0.97526,0.00465383,0,0,0,0
6,155.8834,,DPDK,0.820661,0.205165,0.975246,0.00526458,0,0,0,0
7,151.2222,,DPDK,0.820617,0.205154,0.975243,0.00542656,0,0,0,0
8,193.248,,DPDK,0.820959,0.20524,0.97528,0.00424821,0,0,0,0
9,171.1656,,DPDK,0.820794,0.205199,0.975257,0.00479532,0,0,0,0
10,263.7793,,DPDK,0.82138,0.205345,0.975208,0.00311389,0,0,0,0
11,205.6525,,DPDK,0.821043,0.205261,0.975294,0.00399238,0,0,0,0
12,211.1239,,DPDK,0.821078,0.20527,0.975295,0.00388908,0,0,0,0
13,228.6915,,DPDK,0.821187,0.205297,0.975312,0.0035908,0,0,0,0
14,277.7315,,DPDK,0.821446,0.205361,0.975126,0.0029577,0,0,0,0
15,230.9045,,DPDK,0.8212,0.2053,0.975315,0.00355645,0,0,0,0
16,217.4733,,DPDK,0.821118,0.20528,0.975301,0.00377572,0,0,0,0
17,198.654,,DPDK,0.820996,0.205249,0.975286,0.00413279,0,0,0,0
18,226.2371,,DPDK,0.821172,0.205293,0.97531,0.0036297,0,0,0,0
19,233.5007,,DPDK,0.821215,0.205304,0.975318,0.00351697,0,0,0,0
20,198.1498,,DPDK,0.820993,0.205248,0.975284,0.00414329,0,0,0,0
21,190.3638,,DPDK,0.820938,0.205235,0.975279,0.00431247,0,0,0,0
22,202.6382,,DPDK,0.821023,0.205256,0.975291,0.00405167,0,0,0,0
23,204.8867,,DPDK,0.821038,0.205259,0.975292,0.00400728,0,0,0,0
24,224.0076,,DPDK,0.821159,0.20529,0.975307,0.00366576,0,0,0,0
25,206.3333,,DPDK,0.821047,0.205262,0.975295,0.00397923,0,0,0,0
26,220.2234,,DPDK,0.821136,0.205284,0.975308,0.00372865,0,0,0,0
27,216.2631,,DPDK,0.821111,0.205278,0.975302,0.00379681,0,0,0,0
28,230.0412,,DPDK,0.821195,0.205299,0.975315,0.00356977,0,0,0,0
29,233.7276,,DPDK,0.821216,0.205304,0.975318,0.00351356,0,0,0,0
30,220.425,,DPDK,0.821137,0.205284,0.975308,0.00372524,0,0,0,0
31,218.2663,,DPDK,0.821123,0.205281,0.975304,0.00376202,0,0,0,0
32,209.714,,DPDK,0.821069,0.205267,0.975296,0.00391519,0,0,0,0
33,242.821,,DPDK,0.821268,0.205317,0.975318,0.00338219,0,0,0,0
34,234.8087,,DPDK,0.821222,0.205306,0.97532,0.00349741,0,0,0,0
35,250.9939,,DPDK,0.821313,0.205328,0.975271,0.00327224,0,0,0,0
36,251.5332,,DPDK,0.821316,0.205329,0.975272,0.00326524,0,0,0,0
37,270.5761,,DPDK,0.821414,0.205353,0.975172,0.0030358,0,0,0,0
38,323.4708,,DPDK,0.821631,0.205408,0.974801,0.00254005,0,0,0,0
39,364.1791,,DPDK,0.821776,0.205444,0.974484,0.00225651,0,0,0,0
40,332.8105,,DPDK,0.821666,0.205416,0.974741,0.00246887,0,0,0,0
41,365.7255,,DPDK,0.821781,0.205445,0.974467,0.00224699,0,0,0,0
42,302.6668,,DPDK,0.82155,0.205388,0.974946,0.00271437,0,0,0,0
43,331.9557,,DPDK,0.821663,0.205416,0.974748,0.00247522,0,0,0,0
44,336.0888,,DPDK,0.821678,0.205419,0.97472,0.00244482,0,0,0,0
45,309.2767,,DPDK,0.821577,0.205394,0.974896,0.00265645,0,0,0,0
46,295.2187,,DPDK,0.82152,0.20538,0.974999,0.00278275,0,0,0,0
47,275.668,,DPDK,0.821437,0.205359,0.975145,0.0029798,0,0,0,0
48,244.0287,,DPDK,0.821275,0.205319,0.975312,0.00336548,0,0,0,0
49,160.5314,,DPDK,0.820703,0.205176,0.975249,0.00511241,0,0,0,0
50,160.7113,,DPDK,0.820705,0.205176,0.975251,0.0051067,0,0,0,0
51,157.0701,,DPDK,0.820672,0.205168,0.975249,0.00522487,0,0,0,0
52,154.244,,DPDK,0.820645,0.205161,0.975244,0.00532044,0,0,0,0
53,136.8111,,DPDK,0.820458,0.205115,0.975161,0.00599701,0,0,0,0
54,126.435,,DPDK,0.820315,0.205079,0.975068,0.00648804,0,0,0,0
55,98.2447,,DPDK,0.819787,0.204947,0.974892,0.00834434,0,0,0,0
56,83.8802,,DPDK,0.819578,0.204895,0.974727,0.00977082,0,0,0,0
57,85.4356,,1xOAI,0.772318,0.193079,0.929842,0.00903977,0,1,0,0
58,65.6384,,1xOAI,0.604456,0.151114,0.935159,0.00920889,0,0,0,1
59,62.175,,1xOAI,0.574004,0.143501,0.935861,0.00923207,0,0,0,1
60,61.9114,,1xOAI,0.571408,0.142852,0.935846,0.00922945,0,0,0,1
61,65.1291,,2xOAI,0.509318,0.12733,0.928995,0.00782013,0,0,1,0
62,38.7057,,2xOAI,0.409508,0.102377,0.920909,0.01058004,0,0,0,0
63,40.4218,,2xOAI,0.410024,0.102506,0.920813,0.01014362,0,0,0,0
64,30.9273,,2xOAI,0.33607,0.084018,0.920488,0.01086645,0,0,0,0
65,30.0752,,2xOAI,0.326977,0.081744,0.920244,0.01087198,0,0,0,0
66,24.1078,,2xOAI,0.256631,0.064158,0.917088,0.01064515,0,0,0,0
67,24.7302,,2xOAI,0.263773,0.065943,0.917488,0.01066601,0,0,0,0
68,21.1243,,2xOAI,0.220002,0.055001,0.915773,0.01041464,0,0,0,0
69,23.1005,,2xOAI,0.244778,0.061195,0.916515,0.01059622,0,0,0,0
70,32.1962,,2xOAI,0.3492,0.0873,0.920773,0.01084602,0,0,0,0
71,42.0981,,2xOAI,0.398105,0.099526,0.920711,0.00945661,0,0,0,0
72,39.2225,,2xOAI,0.413851,0.103463,0.920913,0.01055136,0,0,0,0
73,27.1649,,2xOAI,0.294023,0.073506,0.918954,0.01082363,0,0,0,0
74,34.4753,,2xOAI,0.371532,0.092883,0.921269,0.01077676,0,0,0,0
75,25.9351,,2xOAI,0.279106,0.069776,0.918215,0.01076171,0,0,0,0
76,29.5807,,2xOAI,0.321486,0.080372,0.92011,0.0108681,0,0,0,0
77,47.9984,,2xOAI,0.467667,0.116917,0.922454,0.00974339,0,0,0,0
78,70.4939,,2xOAI,0.585742,0.146435,0.930727,0.00830912,0,0,0,0
79,90.0655,,2xOAI,0.776415,0.194104,0.933991,0.00862056,0,0,0,0
80,83.1271,,2xOAI,0.678241,0.16956,0.933439,0.00815908,0,0,0,0
81,97.0232,,2xOAI,0.870012,0.217503,0.934523,0.00896705,0,0,0,0
82,80.4964,,2xOAI,0.641932,0.160483,0.933246,0.00797466,0,0,0,0
83,97.2268,,2xOAI,0.87259,0.218147,0.934522,0.00897478,0,0,0,0
84,92.727,,2xOAI,0.813036,0.203259,0.934198,0.00876806,0,0,0,0
85,101.9575,,2xOAI,0.930061,0.232515,0.93487,0.00912205,0,0,0,0
86,119.3082,,2xOAI,1.102103,0.275526,0.935685,0.00923745,0,0,0,0
87,88.7113,,2xOAI,0.757306,0.189327,0.933878,0.00853675,0,0,0,0
88,69.2165,,2xOAI,0.568579,0.142145,0.930326,0.0082145,0,0,0,0
89,83.4569,,2xOAI,0.68249,0.170623,0.933473,0.00817776,0,0,0,0
90,78.5698,,2xOAI,0.62037,0.155093,0.933102,0.00789578,0,0,0,0
91,88.6324,,2xOAI,0.756184,0.189046,0.933864,0.00853169,0,0,0,0
92,75.1291,,2xOAI,0.618168,0.154542,0.932116,0.00822808,0,0,0,0
93,75.8048,,2xOAI,0.618549,0.154637,0.932325,0.00815976,0,0,0,0
94,81.2284,,DPDK,0.819549,0.204887,0.974694,0.01008945,0,1,0,0
95,95.5749,,DPDK,0.81973,0.204933,0.974863,0.00857683,0,0,0,1
96,99.0585,,DPDK,0.819804,0.204951,0.974898,0.00827596,0,0,0,0
97,92.4367,,DPDK,0.819673,0.204918,0.974826,0.00886739,0,0,0,0
98,144.7699,,DPDK,0.820549,0.205137,0.975228,0.00566795,0,0,0,0
99,173.0397,,DPDK,0.820809,0.205202,0.975261,0.00474347,0,0,0,0
100,183.6432,,DPDK,0.82089,0.205222,0.97527,0.00447003,0,0,0,0
101,204.849,,DPDK,0.821038,0.205259,0.975294,0.00400801,0,0,0,0
102,243.3266,,DPDK,0.821271,0.205318,0.975313,0.00337518,0,0,0,0
103,205.1044,,DPDK,0.821039,0.20526,0.975292,0.00400303,0,0,0,0
104,181.0352,,DPDK,0.82087,0.205218,0.975267,0.00453431,0,0,0,0
105,148.8819,,DPDK,0.820593,0.205148,0.975239,0.0055117,0,0,0,0
106,144.5472,,DPDK,0.820547,0.205137,0.975228,0.00567667,0,0,0,0
107,156.4461,,DPDK,0.820666,0.205166,0.975245,0.00524568,0,0,0,0
108,136.0037,,DPDK,0.820448,0.205112,0.975158,0.00603254,0,0,0,0
109,130.8318,,DPDK,0.820382,0.205095,0.975111,0.00627051,0,0,0,0
110,107.8393,,DPDK,0.819981,0.204995,0.974989,0.00760373,0,0,0,0
111,101.2424,,DPDK,0.81985,0.204962,0.974925,0.00809789,0,0,0,0
112,109.5398,,DPDK,0.820014,0.205003,0.974996,0.00748599,0,0,0,0
113,105.4792,,DPDK,0.819935,0.204984,0.974964,0.00777343,0,0,0,0
114,114.6248,,DPDK,0.820108,0.205027,0.974997,0.00715472,0,0,0,0
115,111.964,,DPDK,0.820059,0.205015,0.974996,0.00732432,0,0,0,0
116,126.2999,,DPDK,0.820313,0.205078,0.975066,0.00649496,0,0,0,0
117,119.5982,,DPDK,0.820197,0.205049,0.974996,0.00685793,0,0,0,0
118,153.5352,,DPDK,0.820639,0.20516,0.975244,0.00534496,0,0,0,0
119,168.0965,,DPDK,0.820769,0.205192,0.975255,0.00488273,0,0,0,0
120,139.9559,,DPDK,0.820496,0.205124,0.975189,0.00586253,0,0,0,0
121,176.5917,,DPDK,0.820837,0.205209,0.975262,0.00464822,0,0,0,0
122,160.7472,,DPDK,0.820705,0.205176,0.97525,0.00510556,0,0,0,0
123,214.6936,,DPDK,0.821101,0.205275,0.975301,0.00382452,0,0,0,0
124,215.1798,,DPDK,0.821104,0.205276,0.975301,0.0038159,0,0,0,0
125,164.7841,,DPDK,0.820741,0.205185,0.975255,0.0049807,0,0,0,0
126,175.8148,,DPDK,0.820831,0.205208,0.975258,0.00466872,0,0,0,0
127,189.4203,,DPDK,0.820932,0.205233,0.975276,0.00433391,0,0,0,0
128,169.7101,,DPDK,0.820783,0.205196,0.975257,0.00483638,0,0,0,0
129,187.6143,,DPDK,0.820919,0.20523,0.975278,0.00437556,0,0,0,0
130,187.9461,,DPDK,0.820921,0.20523,0.975276,0.00436785,0,0,0,0
131,165.2744,,DPDK,0.820745,0.205186,0.975252,0.00496595,0,0,0,0
132,216.0363,,DPDK,0.82111,0.205277,0.975303,0.00380079,0,0,0,0
133,231.2189,,DPDK,0.821202,0.2053,0.975317,0.00355162,0,0,0,0
134,224.0286,,DPDK,0.821159,0.20529,0.97531,0.00366542,0,0,0,0
135,276.9538,,DPDK,0.821442,0.205361,0.975135,0.00296599,0,0,0,0
136,299.0991,,DPDK,0.821536,0.205384,0.974973,0.0027467,0,0,0,0
137,290.775,,DPDK,0.821502,0.205375,0.975031,0.00282521,0,0,0,0
138,319.2891,,DPDK,0.821615,0.205404,0.97483,0.00257326,0,0,0,0
139,306.7967,,DPDK,0.821567,0.205392,0.974916,0.00267789,0,0,0,0
140,328.6642,,DPDK,0.821651,0.205413,0.974769,0.00249997,0,0,0,0
141,265.4052,,DPDK,0.821388,0.205347,0.975201,0.00309485,0,0,0,0
142,239.5913,,DPDK,0.82125,0.205312,0.975322,0.00342771,0,0,0,0
143,241.273,,DPDK,0.821259,0.205315,0.975323,0.00340386,0,0,0,0
144,194.8154,,DPDK,0.82097,0.205242,0.97528,0.00421409,0,0,0,0
145,155.0422,,DPDK,0.820653,0.205163,0.975243,0.00529309,0,0,0,0
146,162.7119,,DPDK,0.820723,0.205181,0.975251,0.00504402,0,0,0,0
147,150.3839,,DPDK,0.820609,0.205152,0.975239,0.00545676,0,0,0,0
148,140.6484,,DPDK,0.820504,0.205126,0.975194,0.00583372,0,0,0,0
149,135.4528,,DPDK,0.820441,0.20511,0.975152,0.00605702,0,0,0,0
150,119.3241,,DPDK,0.820192,0.205048,0.974997,0.00687365,0,0,0,0
151,83.3117,,DPDK,0.819572,0.204893,0.97472,0.00983742,0,0,0,0
152,80.4055,,DPDK,0.81954,0.204885,0.974681,0.01019258,0,0,0,0
153,74.4896,,DPDK,0.819471,0.204868,0.97447,0.01100115,0,0,0,0
154,54.7622,,DPDK,0.819194,0.204799,0.973171,0.01495913,0,0,0,0
155,59.223,,1xOAI,0.54731,0.136827,0.935656,0.0092415,0,1,0,0
156,53.6189,,1xOAI,0.49349,0.123373,0.935157,0.00920366,0,0,0,1
157,55.0654,,1xOAI,0.508502,0.127126,0.935299,0.00923451,0,0,0,1
158,50.9517,,1xOAI,0.464686,0.116171,0.934869,0.00912013,0,0,0,1
159,49.9097,,2xOAI,0.497234,0.124309,0.923336,0.00996267,0,0,1,0
160,33.6896,,2xOAI,0.363927,0.090982,0.921166,0.01080234,0,0,0,0
161,36.1306,,2xOAI,0.386868,0.096717,0.921125,0.0107075,0,0,0,0
162,94.3141,,2xOAI,0.834507,0.208627,0.934319,0.00884816,0,0,0,0
163,69.6796,,2xOAI,0.576575,0.144144,0.930467,0.00827465,0,0,0,0
164,40.3556,,2xOAI,0.410866,0.102716,0.920821,0.01018114,0,0,0,0
165,47.7962,,2xOAI,0.4635,0.115875,0.922363,0.00969743,0,0,0,0
166,29.732,,2xOAI,0.323272,0.080818,0.920156,0.01087284,0,0,0,0
167,27.3872,,2xOAI,0.296614,0.074154,0.919061,0.0108304,0,0,0,0
168,23.442,,2xOAI,0.248632,0.062158,0.916659,0.01060625,0,0,0,0
169,22.6979,,2xOAI,0.239916,0.059979,0.916382,0.01056993,0,0,0,0
170,38.3465,,2xOAI,0.406403,0.101601,0.920958,0.0105982,0,0,0,0
171,26.6348,,2xOAI,0.28771,0.071927,0.918638,0.01080202,0,0,0,0
172,28.0002,,2xOAI,0.303875,0.075969,0.919419,0.0108526,0,0,0,0
173,46.2569,,2xOAI,0.443913,0.110978,0.921611,0.00959669,0,0,0,0
174,47.4517,,2xOAI,0.456476,0.114119,0.922183,0.0096198,0,0,0,0
175,85.0479,,2xOAI,0.704168,0.176042,0.933589,0.00827967,0,0,0,0
176,85.5247,,2xOAI,0.711276,0.177819,0.933633,0.00831661,0,0,0,0
177,68.7847,,2xOAI,0.561074,0.140269,0.930181,0.00815696,0,0,0,0
178,87.4398,,2xOAI,0.739108,0.184777,0.933786,0.00845276,0,0,0,0
179,85.9296,,2xOAI,0.717204,0.179301,0.933654,0.00834641,0,0,0,0
180,89.0544,,2xOAI,0.762146,0.190537,0.933906,0.00855821,0,0,0,0
181,105.4352,,2xOAI,0.967911,0.241978,0.935058,0.00918015,0,0,0,0
182,79.1319,,2xOAI,0.623569,0.155892,0.933146,0.00788012,0,0,0,0
183,54.2197,,2xOAI,0.462584,0.115646,0.925146,0.00853167,0,0,0,0
184,61.1738,,2xOAI,0.458899,0.114725,0.927639,0.00750156,0,0,0,0
185,70.5582,,2xOAI,0.586594,0.146649,0.930748,0.00831363,0,0,0,0
186,66.0616,,2xOAI,0.518188,0.129547,0.929312,0.00784401,0,0,0,0
187,60.384,,2xOAI,0.456659,0.114165,0.927366,0.00756257,0,0,0,0
188,75.4912,,2xOAI,0.618395,0.154599,0.932227,0.00819162,0,0,0,0
189,69.3443,,2xOAI,0.570809,0.142702,0.930371,0.00823152,0,0,0,0
190,60.485,,DPDK,0.819284,0.204821,0.973811,0.01354524,0,1,0,0
191,85.607,,DPDK,0.819597,0.204899,0.974747,0.00957394,0,0,0,0
192,99.1235,,DPDK,0.819806,0.204951,0.974898,0.00827055,0,0,0,0
193,96.5079,,DPDK,0.81975,0.204938,0.974871,0.00849412,0,0,0,0
194,136.6252,,DPDK,0.820456,0.205114,0.975158,0.00600516,0,0,0,0
195,165.2575,,DPDK,0.820745,0.205186,0.975257,0.00496646,0,0,0,0
196,201.2012,,DPDK,0.821013,0.205253,0.975288,0.00408056,0,0,0,0
197,186.8416,,DPDK,0.820913,0.205228,0.975274,0.00439363,0,0,0,0
198,184.8816,,DPDK,0.820899,0.205225,0.975269,0.00444013,0,0,0,0
199,196.5148,,DPDK,0.820981,0.205245,0.975284,0.00417771,0,0,0,0
200,166.4016,,DPDK,0.820755,0.205189,0.975255,0.00493237,0,0,0,0
201,159.7488,,DPDK,0.820696,0.205174,0.975252,0.00513742,0,0,0,0
202,142.1477,,DPDK,0.82052,0.20513,0.975206,0.00577231,0,0,0,0
203,154.7196,,DPDK,0.82065,0.205162,0.975248,0.00530411,0,0,0,0
204,121.4509,,DPDK,0.820229,0.205057,0.975017,0.00675359,0,0,0,0
205,97.3637,,DPDK,0.819769,0.204942,0.974881,0.00841966,0,0,0,0
206,93.2971,,DPDK,0.819687,0.204922,0.974838,0.00878577,0,0,0,0
207,114.2983,,DPDK,0.820102,0.205026,0.974995,0.0071751,0,0,0,0
208,100.2348,,DPDK,0.819829,0.204957,0.974914,0.00817908,0,0,0,0
209,122.0044,,DPDK,0.820239,0.20506,0.975027,0.00672303,0,0,0,0
210,131.6181,,DPDK,0.820392,0.205098,0.97512,0.00623312,0,0,0,0
211,116.9332,,DPDK,0.82015,0.205037,0.974996,0.00701383,0,0,0,0
212,118.6201,,DPDK,0.82018,0.205045,0.974995,0.00691434,0,0,0,0
213,135.9923,,DPDK,0.820448,0.205112,0.975157,0.00603305,0,0,0,0
214,147.0607,,DPDK,0.820574,0.205143,0.97524,0.00557983,0,0,0,0
215,138.8869,,DPDK,0.820484,0.205121,0.975177,0.00590757,0,0,0,0
216,133.8758,,DPDK,0.820421,0.205105,0.975138,0.00612823,0,0,0,0
217,152.9969,,DPDK,0.820634,0.205158,0.975242,0.00536373,0,0,0,0
218,156.4288,,DPDK,0.820666,0.205166,0.975246,0.00524626,0,0,0,0
219,169.4836,,DPDK,0.820781,0.205195,0.975257,0.00484284,0,0,0,0
220,163.7515,,DPDK,0.820732,0.205183,0.975252,0.00501206,0,0,0,0
221,158.6595,,DPDK,0.820686,0.205172,0.975248,0.00517263,0,0,0,0
222,137.433,,DPDK,0.820466,0.205116,0.975168,0.00596993,0,0,0,0
223,152.3701,,DPDK,0.820628,0.205157,0.97524,0.00538575,0,0,0,0
224,127.0126,,DPDK,0.820325,0.205081,0.975075,0.00645861,0,0,0,0
225,152.8206,,DPDK,0.820632,0.205158,0.975242,0.00536991,0,0,0,0
226,176.777,,DPDK,0.820838,0.20521,0.975261,0.00464335,0,0,0,0
227,192.8659,,DPDK,0.820956,0.205239,0.97528,0.00425661,0,0,0,0
228,183.4236,,DPDK,0.820888,0.205222,0.975269,0.00447537,0,0,0,0
229,184.9905,,DPDK,0.8209,0.205225,0.975271,0.00443752,0,0,0,0
230,187.2128,,DPDK,0.820916,0.205229,0.975276,0.00438493,0,0,0,0
231,159.4889,,DPDK,0.820694,0.205173,0.97525,0.00514577,0,0,0,0
232,171.9913,,DPDK,0.820801,0.2052,0.97526,0.00477234,0,0,0,0
233,194.1383,,DPDK,0.820965,0.205241,0.975278,0.00422876,0,0,0,0
234,228.2632,,DPDK,0.821184,0.205296,0.975311,0.00359753,0,0,0,0
235,241.5105,,DPDK,0.821261,0.205315,0.975326,0.00340052,0,0,0,0
236,244.6593,,DPDK,0.821278,0.20532,0.975309,0.00335682,0,0,0,0
237,249.5854,,DPDK,0.821305,0.205326,0.975279,0.00329068,0,0,0,0
238,247.2396,,DPDK,0.821292,0.205323,0.975295,0.00332185,0,0,0,0
239,265.0201,,DPDK,0.821386,0.205347,0.9752,0.00309934,0,0,0,0
240,240.3234,,DPDK,0.821254,0.205313,0.975323,0.00341729,0,0,0,0
241,158.5498,,DPDK,0.820685,0.205171,0.975247,0.0051762,0,0,0,0
242,155.0357,,DPDK,0.820653,0.205163,0.975247,0.00529331,0,0,0,0
243,144.847,,DPDK,0.82055,0.205137,0.975231,0.00566494,0,0,0,0
244,138.5144,,DPDK,0.820479,0.20512,0.975174,0.00592342,0,0,0,0
245,132.9855,,DPDK,0.82041,0.205102,0.975128,0.00616917,0,0,0,0
246,156.1044,,DPDK,0.820663,0.205166,0.975245,0.00525714,0,0,0,0
247,143.2506,,DPDK,0.820533,0.205133,0.975214,0.00572795,0,0,0,0
248,110.403,,DPDK,0.82003,0.205008,0.974996,0.00742761,0,0,0,0
249,97.3126,,DPDK,0.819768,0.204942,0.974881,0.00842407,0,0,0,0
250,86.719,,DPDK,0.819609,0.204902,0.974764,0.00945131,0,0,0,0
251,83.897,,DPDK,0.819578,0.204895,0.974726,0.00976886,0,0,0,0
252,73.6291,,1xOAI,0.665534,0.166383,0.933032,0.00903901,0,1,0,0
253,70.74,,1xOAI,0.644341,0.161085,0.933773,0.00910858,0,0,0,1
254,68.293,,1xOAI,0.625831,0.156458,0.93444,0.00916392,0,0,0,1
255,68.8513,,1xOAI,0.630102,0.157525,0.934271,0.00915163,0,0,0,1
256,62.6963,,2xOAI,0.469266,0.117317,0.928177,0.00748475,0,0,1,0
257,50.4076,,2xOAI,0.499061,0.124765,0.92356,0.00990051,0,0,0,0
258,43.2897,,2xOAI,0.41166,0.102915,0.92062,0.00950943,0,0,0,0
259,53.2771,,2xOAI,0.472808,0.118202,0.924781,0.0088745,0,0,0,0
260,35.4239,,2xOAI,0.38038,0.095095,0.921162,0.01073796,0,0,0,0
261,47.4561,,2xOAI,0.456547,0.114137,0.92219,0.0096204,0,0,0,0
262,37.7202,,2xOAI,0.401029,0.100257,0.921009,0.0106317,0,0,0,0
263,21.8436,,2xOAI,0.229349,0.057337,0.916056,0.01049961,0,0,0,0
264,25.4533,,2xOAI,0.273,0.06825,0.917922,0.01072552,0,0,0,0
265,17.1993,,2xOAI,0.164148,0.041037,0.912085,0.00954385,0,0,0,0
266,16.1957,,2xOAI,0.180199,0.04505,0.910819,0.01112631,0,0,0,0
267,21.9655,,2xOAI,0.230789,0.057697,0.91611,0.01050691,0,0,0,0
268,12.9416,,2xOAI,0.13445,0.033613,0.906216,0.01038896,0,0,0,0
269,10.3884,,2xOAI,0.009707,0.002427,0.901529,0.00093441,0,0,0,0
270,22.7167,,2xOAI,0.240079,0.06002,0.916392,0.01056842,0,0,0,0
271,17.237,,2xOAI,0.16455,0.041138,0.912138,0.00954635,0,0,0,0
272,22.0827,,2xOAI,0.23227,0.058067,0.916156,0.01051817,0,0,0,0
273,30.2788,,2xOAI,0.329161,0.08229,0.920312,0.01087102,0,0,0,0
274,40.8504,,2xOAI,0.405352,0.101338,0.920788,0.00992284,0,0,0,0
275,46.8652,,2xOAI,0.450261,0.112565,0.921915,0.00960758,0,0,0,0
276,45.9339,,2xOAI,0.440392,0.110098,0.921456,0.00958751,0,0,0,0
277,62.4067,,2xOAI,0.466862,0.116716,0.928071,0.00748096,0,0,0,0
278,67.5277,,2xOAI,0.538805,0.134701,0.929784,0.00797902,0,0,0,0
279,61.4025,,2xOAI,0.459474,0.114869,0.927716,0.00748299,0,0,0,0
280,59.7794,,2xOAI,0.455615,0.113904,0.927163,0.0076216,0,0,0,0
281,77.6492,,2xOAI,0.619729,0.154932,0.932897,0.00798114,0,0,0,0
282,88.1261,,2xOAI,0.748926,0.187232,0.933834,0.00849835,0,0,0,0
283,98.4357,,2xOAI,0.888058,0.222014,0.934622,0.00902171,0,0,0,0
284,92.4078,,2xOAI,0.808767,0.202192,0.934174,0.00875214,0,0,0,0
285,113.1638,,2xOAI,1.04739,0.261847,0.935445,0.00925552,0,0,0,0
286,107.783,,DPDK,0.81998,0.204995,0.974988,0.00760769,0,1,0,0
287,117.4906,,DPDK,0.82016,0.20504,0.974997,0.00698064,0,0,0,0
288,113.3046,,DPDK,0.820084,0.205021,0.974999,0.00723787,0,0,0,0
289,132.8896,,DPDK,0.820408,0.205102,0.975128,0.00617361,0,0,0,0
290,126.8769,,DPDK,0.820323,0.205081,0.975075,0.0064655,0,0,0,0
291,135.3872,,DPDK,0.82044,0.20511,0.975149,0.00605995,0,0,0,0
292,125.7434,,DPDK,0.820304,0.205076,0.975065,0.00652363,0,0,0,0
293,119.951,,DPDK,0.820203,0.205051,0.975001,0.00683781,0,0,0,0
294,132.6462,,DPDK,0.820405,0.205101,0.975125,0.00618491,0,0,0,0
295,141.3179,,DPDK,0.820511,0.205128,0.975199,0.00580614,0,0,0,0
296,166.4523,,DPDK,0.820755,0.205189,0.975256,0.00493087,0,0,0,0
297,169.0553,,DPDK,0.820778,0.205194,0.975257,0.00485508,0,0,0,0
298,135.5106,,DPDK,0.820442,0.20511,0.975151,0.00605445,0,0,0,0
299,146.215,,DPDK,0.820565,0.205141,0.975236,0.00561204,0,0,0,0
300,133.9423,,DPDK,0.820422,0.205105,0.975138,0.00612519,0,0,0,0
301,151.4345,,DPDK,0.820619,0.205155,0.975242,0.00541897,0,0,0,0
302,163.9944,,DPDK,0.820734,0.205183,0.975252,0.00500464,0,0,0,0
303,168.7374,,DPDK,0.820775,0.205194,0.975255,0.00486421,0,0,0,0
304,155.9897,,DPDK,0.820662,0.205165,0.975246,0.005261,0,0,0,0
305,168.2169,,DPDK,0.820771,0.205193,0.975255,0.00487924,0,0,0,0
306,144.5638,,DPDK,0.820547,0.205137,0.975227,0.00567602,0,0,0,0
307,158.9335,,DPDK,0.820689,0.205172,0.975247,0.00516372,0,0,0,0
308,181.4979,,DPDK,0.820874,0.205218,0.97527,0.00452277,0,0,0,0
309,171.8196,,DPDK,0.8208,0.2052,0.975257,0.0047771,0,0,0,0
310,139.8532,,DPDK,0.820495,0.205124,0.975186,0.00586683,0,0,0,0
311,151.7957,,DPDK,0.820622,0.205156,0.975243,0.0054061,0,0,0,0
312,169.1207,,DPDK,0.820778,0.205195,0.975256,0.00485321,0,0,0,0
313,163.7663,,DPDK,0.820732,0.205183,0.975252,0.00501161,0,0,0,0
314,177.694,,DPDK,0.820845,0.205211,0.975263,0.00461943,0,0,0,0
315,156.9007,,DPDK,0.82067,0.205168,0.975249,0.00523051,0,0,0,0
316,153.4555,,DPDK,0.820638,0.20516,0.975243,0.00534773,0,0,0,0
317,162.8878,,DPDK,0.820724,0.205181,0.97525,0.00503858,0,0,0,0
318,161.657,,DPDK,0.820713,0.205178,0.975252,0.00507688,0,0,0,0
319,152.3064,,DPDK,0.820627,0.205157,0.975244,0.005388,0,0,0,0
320,135.8199,,DPDK,0.820446,0.205111,0.975154,0.00604069,0,0,0,0
321,134.0224,,DPDK,0.820423,0.205106,0.97514,0.00612153,0,0,0,0
322,150.137,,DPDK,0.820606,0.205152,0.975239,0.00546571,0,0,0,0
323,149.373,,DPDK,0.820598,0.20515,0.97524,0.00549362,0,0,0,0
324,198.9687,,DPDK,0.820998,0.20525,0.975286,0.00412627,0,0,0,0
325,193.4003,,DPDK,0.82096,0.20524,0.975283,0.00424487,0,0,0,0
326,204.502,,DPDK,0.821035,0.205259,0.97529,0.0040148,0,0,0,0
327,221.4681,,DPDK,0.821143,0.205286,0.975306,0.00370773,0,0,0,0
328,231.1702,,DPDK,0.821201,0.2053,0.975316,0.00355237,0,0,0,0
329,242.7415,,DPDK,0.821267,0.205317,0.975318,0.0033833,0,0,0,0
330,220.7486,,DPDK,0.821139,0.205285,0.975304,0.00371979,0,0,0,0
331,247.892,,DPDK,0.821296,0.205324,0.97529,0.00331312,0,0,0,0
332,243.6782,,DPDK,0.821273,0.205318,0.975312,0.00337032,0,0,0,0
333,212.8631,,DPDK,0.82109,0.205272,0.975299,0.00385736,0,0,0,0
334,219.1684,,DPDK,0.821129,0.205282,0.975306,0.00374657,0,0,0,0
335,208.1547,,DPDK,0.821059,0.205265,0.975293,0.00394447,0,0,0,0
336,188.9218,,DPDK,0.820928,0.205232,0.975276,0.00434533,0,0,0,0
337,124.2679,,DPDK,0.820278,0.20507,0.975047,0.00660089,0,0,0,0
338,146.3862,,DPDK,0.820566,0.205142,0.975238,0.00560549,0,0,0,0
339,141.645,,DPDK,0.820515,0.205129,0.975203,0.00579276,0,0,0,0
340,131.6846,,DPDK,0.820393,0.205098,0.975118,0.00622998,0,0,0,0
341,118.3414,,DPDK,0.820175,0.205044,0.974997,0.00693058,0,0,0,0
342,91.2677,,DPDK,0.819655,0.204914,0.974817,0.00898078,0,0,0,0
343,80.4982,,DPDK,0.819541,0.204885,0.974683,0.01018086,0,0,0,0
344,79.814,,1xOAI,0.717813,0.179453,0.931323,0.00899357,0,1,0,0
345,61.3977,,1xOAI,0.566424,0.141606,0.935806,0.00922549,0,0,0,0
346,59.9335,,1xOAI,0.553412,0.138353,0.935707,0.00923377,0,0,0,0
347,58.8525,,1xOAI,0.543994,0.135998,0.935617,0.00924333,0,0,0,1
348,52.1298,,2xOAI,0.485358,0.121339,0.924327,0.00931057,0,0,1,0
349,59.6421,,2xOAI,0.455509,0.113877,0.927122,0.00763736,0,0,0,0
350,47.4196,,2xOAI,0.45598,0.113995,0.922173,0.00961584,0,0,0,0
351,37.0668,,2xOAI,0.395301,0.098825,0.921062,0.01066456,0,0,0,0
352,33.0746,,2xOAI,0.357932,0.089483,0.921025,0.01082197,0,0,0,0
353,32.8078,,2xOAI,0.355303,0.088826,0.920948,0.01082981,0,0,0,0
354,31.5249,,2xOAI,0.342226,0.085556,0.920637,0.01085574,0,0,0,0
355,22.8709,,2xOAI,0.241961,0.06049,0.916453,0.01057947,0,0,0,0
356,24.8363,,2xOAI,0.265158,0.06629,0.917528,0.01067626,0,0,0,0
357,24.1083,,2xOAI,0.256671,0.064168,0.917088,0.0106466,0,0,0,0
358,26.8583,,2xOAI,0.290421,0.072605,0.918762,0.0108131,0,0,0,0
359,23.9048,,2xOAI,0.254183,0.063546,0.916943,0.01063312,0,0,0,0
360,18.716,,2xOAI,0.186948,0.046737,0.913817,0.00998865,0,0,0,0
361,28.5466,,2xOAI,0.309986,0.077497,0.919716,0.01085894,0,0,0,0
362,30.6409,,2xOAI,0.33304,0.08326,0.920395,0.01086914,0,0,0,0
363,30.1291,,2xOAI,0.327604,0.081901,0.920264,0.01087333,0,0,0,0
364,44.9427,,2xOAI,0.429867,0.107467,0.920954,0.00956476,0,0,0,0
365,46.3916,,2xOAI,0.445277,0.111319,0.92168,0.00959822,0,0,0,0
366,38.6728,,2xOAI,0.409229,0.102307,0.92092,0.01058181,0,0,0,0
367,53.6013,,2xOAI,0.469342,0.117335,0.924902,0.00875616,0,0,0,0
368,55.5218,,2xOAI,0.449819,0.112455,0.925638,0.00810166,0,0,0,0
369,57.5988,,2xOAI,0.452635,0.113159,0.9264,0.00785841,0,0,0,0
370,59.7824,,2xOAI,0.45561,0.113903,0.927156,0.00762114,0,0,0,0
371,73.2518,,2xOAI,0.615106,0.153777,0.93156,0.00839714,0,0,0,0
372,77.7996,,2xOAI,0.619796,0.154949,0.932943,0.00796657,0,0,0,0
373,119.0101,,2xOAI,1.09945,0.274862,0.935669,0.00923829,0,0,0,0
374,146.0487,,2xOAI,1.32234,0.330585,0.933179,0.00905411,0,0,0,0
375,53.1816,,2xOAI,0.473829,0.118457,0.924736,0.00890964,0,0,0,0
376,68.6959,,2xOAI,0.559452,0.139863,0.930157,0.00814389,0,0,0,0
377,72.0337,,2xOAI,0.602253,0.150563,0.931195,0.00836071,0,0,0,0
378,87.4418,,2xOAI,0.739129,0.184782,0.933786,0.0084528,0,0,0,0
379,73.6474,,DPDK,0.819461,0.204865,0.974429,0.01112681,0,1,0,0
380,62.2435,,DPDK,0.819309,0.204827,0.973912,0.01316298,0,0,0,1
381,54.8391,,DPDK,0.819196,0.204799,0.973182,0.01493816,0,0,0,0
382,82.0021,,DPDK,0.819558,0.204889,0.974705,0.00999435,0,0,0,0
383,70.2656,,DPDK,0.819418,0.204855,0.974274,0.01166173,0,0,0,0
384,61.3083,,DPDK,0.819296,0.204824,0.973869,0.01336353,0,0,0,0
385,68.9758,,DPDK,0.819402,0.20485,0.974211,0.01187956,0,0,0,0
386,96.4343,,DPDK,0.819749,0.204937,0.974871,0.00850059,0,0,0,0
387,127.1175,,DPDK,0.820327,0.205082,0.975079,0.00645329,0,0,0,0
388,135.8425,,DPDK,0.820446,0.205111,0.975154,0.00603969,0,0,0,0
389,147.3508,,DPDK,0.820577,0.205144,0.97524,0.00556887,0,0,0,0
390,157.9771,,DPDK,0.82068,0.20517,0.975245,0.00519493,0,0,0,0
391,140.274,,DPDK,0.8205,0.205125,0.975191,0.00584927,0,0,0,0
392,138.3211,,DPDK,0.820477,0.205119,0.975175,0.00593168,0,0,0,0
393,110.2463,,DPDK,0.820027,0.205007,0.974996,0.00743814,0,0,0,0
394,127.0195,,DPDK,0.820325,0.205081,0.975075,0.00645826,0,0,0,0
395,105.736,,DPDK,0.81994,0.204985,0.974968,0.0077546,0,0,0,0
396,105.7803,,DPDK,0.819941,0.204985,0.974968,0.00775136,0,0,0,0
397,91.9136,,DPDK,0.819664,0.204916,0.974822,0.00891777,0,0,0,0
398,106.3464,,DPDK,0.819952,0.204988,0.974972,0.0077102,0,0,0,0
399,88.0693,,DPDK,0.819623,0.204906,0.974779,0.00930656,0,0,0,0
400,89.9707,,DPDK,0.819642,0.204911,0.9748,0.00911011,0,0,0,0
401,102.3109,,DPDK,0.819872,0.204968,0.974933,0.00801354,0,0,0,0
402,85.7713,,DPDK,0.819598,0.2049,0.974751,0.00955562,0,0,0,0
403,89.3851,,DPDK,0.819636,0.204909,0.974793,0.00916972,0,0,0,0
404,103.1452,,DPDK,0.819889,0.204972,0.974942,0.00794888,0,0,0,0
405,104.0091,,DPDK,0.819906,0.204976,0.974952,0.00788302,0,0,0,0
406,88.3318,,DPDK,0.819625,0.204906,0.974779,0.00927894,0,0,0,0
407,88.4847,,DPDK,0.819627,0.204907,0.974784,0.00926292,0,0,0,0
408,92.3452,,DPDK,0.819671,0.204918,0.974827,0.00887616,0,0,0,0
409,79.3346,,DPDK,0.819528,0.204882,0.974672,0.01033002,0,0,0,0
410,88.3812,,DPDK,0.819626,0.204906,0.974784,0.00927376,0,0,0,0
411,113.8192,,DPDK,0.820094,0.205023,0.974998,0.00720523,0,0,0,0
412,96.3831,,DPDK,0.819748,0.204937,0.97487,0.0085051,0,0,0,0
413,87.4698,,DPDK,0.819616,0.204904,0.974774,0.00937028,0,0,0,0
414,96.3827,,DPDK,0.819748,0.204937,0.97487,0.00850513,0,0,0,0
415,99.5996,,DPDK,0.819816,0.204954,0.974905,0.00823112,0,0,0,0
416,119.8663,,DPDK,0.820201,0.20505,0.975001,0.00684264,0,0,0,0
417,120.961,,DPDK,0.820221,0.205055,0.975011,0.00678087,0,0,0,0
418,110.3835,,DPDK,0.82003,0.205007,0.974998,0.00742892,0,0,0,0
419,134.3607,,DPDK,0.820427,0.205107,0.975139,0.00610615,0,0,0,0
420,145.395,,DPDK,0.820556,0.205139,0.975235,0.00564363,0,0,0,0
421,164.7183,,DPDK,0.82074,0.205185,0.975255,0.00498269,0,0,0,0
422,178.1035,,DPDK,0.820848,0.205212,0.975266,0.00460883,0,0,0,0
423,177.62,,DPDK,0.820845,0.205211,0.975264,0.00462135,0,0,0,0
424,169.5211,,DPDK,0.820781,0.205195,0.975258,0.00484176,0,0,0,0
425,208.0125,,DPDK,0.821058,0.205265,0.975295,0.00394716,0,0,0,0
426,185.4948,,DPDK,0.820903,0.205226,0.975271,0.00442548,0,0,0,0
427,168.9561,,DPDK,0.820777,0.205194,0.975256,0.00485793,0,0,0,0
428,181.2144,,DPDK,0.820872,0.205218,0.97527,0.00452984,0,0,0,0
429,151.6547,,DPDK,0.820621,0.205155,0.975243,0.00541111,0,0,0,0
430,164.9421,,DPDK,0.820742,0.205186,0.975253,0.00497594,0,0,0,0
431,151.1705,,DPDK,0.820616,0.205154,0.975242,0.00542842,0,0,0,0
432,109.2376,,DPDK,0.820008,0.205002,0.974998,0.00750664,0,0,0,0
433,74.9734,,DPDK,0.819477,0.204869,0.974491,0.01093024,0,0,0,0
434,153.5704,,DPDK,0.820639,0.20516,0.975244,0.00534373,0,0,0,0
435,157.6027,,DPDK,0.820677,0.205169,0.975245,0.00520725,0,0,0,0
436,159.0398,,DPDK,0.82069,0.205172,0.975248,0.00516028,0,0,0,0
437,142.656,,DPDK,0.820526,0.205132,0.975211,0.00575178,0,0,0,0
438,69.4632,,DPDK,0.819408,0.204852,0.974236,0.01179629,0,0,0,0
439,55.3053,,DPDK,0.819203,0.204801,0.973242,0.01481237,0,0,0,0
440,67.3736,,DPDK,0.819381,0.204845,0.97415,0.01216175,0,0,0,0
441,60.8126,,DPDK,0.819288,0.204822,0.973839,0.01347234,0,0,0,0
442,35.8309,,1xOAI,0.299134,0.074784,0.93108,0.00834849,0,1,0,0
443,40.9938,,1xOAI,0.331571,0.082893,0.933358,0.00808833,0,0,0,1
444,28.9055,,1xOAI,0.226508,0.056627,0.926454,0.00783615,0,0,0,1
445,30.2563,,1xOAI,0.228497,0.057124,0.927401,0.00755206,0,0,0,1
446,36.7671,,2xOAI,0.392638,0.098159,0.921068,0.01067904,0,0,1,0
447,24.6692,,2xOAI,0.262999,0.06575,0.917445,0.01066102,0,0,0,0
448,19.2631,,2xOAI,0.194737,0.048684,0.914455,0.01010935,0,0,0,0
449,14.2855,,2xOAI,0.192356,0.048089,0.908288,0.01346515,0,0,0,0
450,10.7483,,2xOAI,0.027823,0.006956,0.902265,0.00258862,0,0,0,0
451,9.6359,,2xOAI,-0.02864,-0.00716,0.899968,-0.00297219,1,0,0,0
452,12.2963,,2xOAI,0.104779,0.026195,0.905147,0.00852114,0,0,0,0
453,9.3535,,2xOAI,-0.043606,-0.010902,0.899359,-0.00466201,1,0,0,0
454,26.2387,,2xOAI,0.282831,0.070708,0.918385,0.01077916,0,0,0,0
455,6.9327,,2xOAI,-0.094326,-0.023581,0.891557,-0.01360585,1,0,0,0
456,4.2111,,2xOAI,-0.048539,-0.012135,0.876874,-0.01152662,1,0,0,0
457,7.2621,,2xOAI,-0.098428,-0.024607,0.892838,-0.01355372,1,0,0,0
458,19.121,,2xOAI,0.192755,0.048189,0.91429,0.0100808,0,0,0,0
459,19.0197,,2xOAI,0.191202,0.0478,0.914171,0.01005283,0,0,0,0
460,13.3633,,2xOAI,0.153243,0.038311,0.90694,0.01146747,0,0,0,0
461,26.613,,2xOAI,0.287426,0.071856,0.918623,0.01080021,0,0,0,0
462,49.0378,,2xOAI,0.488579,0.122145,0.922941,0.00996332,0,0,0,0
463,44.618,,2xOAI,0.426354,0.106588,0.920814,0.00955564,0,0,0,0
464,53.25,,2xOAI,0.473123,0.118281,0.924762,0.00888493,0,0,0,0
465,37.0634,,2xOAI,0.395267,0.098817,0.921064,0.01066461,0,0,0,0
466,65.0533,,2xOAI,0.508543,0.127136,0.928977,0.00781733,0,0,0,0
467,45.7607,,2xOAI,0.438655,0.109664,0.921362,0.00958584,0,0,0,0
468,48.3325,,2xOAI,0.474494,0.118623,0.922607,0.00981729,0,0,0,0
469,47.5985,,2xOAI,0.459482,0.114871,0.922255,0.00965329,0,0,0,0
470,45.6014,,2xOAI,0.43691,0.109228,0.921293,0.00958107,0,0,0,0
471,40.847,,2xOAI,0.405396,0.101349,0.920781,0.00992475,0,0,0,0
472,49.4913,,2xOAI,0.495768,0.123942,0.923141,0.01001727,0,0,0,0
473,39.3521,,2xOAI,0.414945,0.103736,0.920872,0.01054441,0,0,0,0
474,51.5774,,2xOAI,0.49153,0.122883,0.924081,0.00952996,0,0,0,0
475,45.1082,,2xOAI,0.431646,0.107911,0.921045,0.00956913,0,0,0,0
476,46.4413,,2xOAI,0.445782,0.111446,0.921705,0.00959884,0,0,0,0
477,47.8633,,DPDK,0.819074,0.204768,0.97222,0.01711279,0,1,0,0
478,46.8151,,DPDK,0.819054,0.204763,0.972091,0.01749552,0,0,0,0
479,54.9415,,DPDK,0.819197,0.204799,0.973196,0.01491035,0,0,0,0
480,57.9136,,DPDK,0.819245,0.204811,0.97356,0.01414599,0,0,0,0
481,64.4506,,DPDK,0.819341,0.204835,0.974018,0.01271269,0,0,0,0
482,84.7344,,DPDK,0.819587,0.204897,0.974736,0.00967243,0,0,0,0
483,89.4362,,DPDK,0.819637,0.204909,0.974794,0.00916449,0,0,0,0
484,95.0927,,DPDK,0.81972,0.20493,0.974859,0.00862022,0,0,0,0
485,116.4565,,DPDK,0.820141,0.205035,0.974996,0.00704247,0,0,0,0
486,110.5908,,DPDK,0.820034,0.205008,0.974998,0.00741503,0,0,0,0
487,90.2917,,DPDK,0.819645,0.204911,0.974806,0.00907774,0,0,0,0
488,106.2516,,DPDK,0.81995,0.204988,0.974973,0.00771707,0,0,0,0
489,111.9795,,DPDK,0.82006,0.205015,0.974996,0.0073233,0,0,0,0
490,157.3204,,DPDK,0.820674,0.205168,0.975249,0.00521658,0,0,0,0
491,90.0452,,DPDK,0.819643,0.204911,0.974801,0.00910257,0,0,0,0
492,111.4844,,DPDK,0.82005,0.205013,0.974997,0.00735574,0,0,0,0
493,84.3312,,DPDK,0.819583,0.204896,0.974731,0.00971862,0,0,0,0
494,115.9318,,DPDK,0.820132,0.205033,0.975,0.00707426,0,0,0,0
495,90.6847,,DPDK,0.819649,0.204912,0.974806,0.00903845,0,0,0,0
496,97.2563,,DPDK,0.819766,0.204942,0.974882,0.00842893,0,0,0,0
497,116.1101,,DPDK,0.820135,0.205034,0.974997,0.00706342,0,0,0,0
498,104.6955,,DPDK,0.81992,0.20498,0.974958,0.00783147,0,0,0,0
499,98.6201,,DPDK,0.819795,0.204949,0.974893,0.00831266,0,0,0,0
500,88.2851,,DPDK,0.819625,0.204906,0.97478,0.00928384,0,0,0,0
501,93.0492,,DPDK,0.819683,0.204921,0.974834,0.00880913,0,0,0,0
502,103.4023,,DPDK,0.819894,0.204973,0.974946,0.00792917,0,0,0,0
503,115.6165,,DPDK,0.820126,0.205032,0.974996,0.0070935,0,0,0,0
504,105.9832,,DPDK,0.819945,0.204986,0.974969,0.00773656,0,0,0,0
505,101.5284,,DPDK,0.819856,0.204964,0.974925,0.00807514,0,0,0,0
506,93.8745,,DPDK,0.819697,0.204924,0.974845,0.00873185,0,0,0,0
507,121.5226,,DPDK,0.820231,0.205058,0.975019,0.00674961,0,0,0,0
508,147.6704,,DPDK,0.82058,0.205145,0.975237,0.00555683,0,0,0,0
509,86.001,,DPDK,0.819601,0.2049,0.974754,0.00953013,0,0,0,0
510,71.6562,,DPDK,0.819436,0.204859,0.974338,0.01143566,0,0,0,0
511,90.3832,,DPDK,0.819646,0.204912,0.974805,0.00906857,0,0,0,0
512,88.4415,,DPDK,0.819627,0.204907,0.974784,0.00926744,0,0,0,0
513,63.8887,,DPDK,0.819333,0.204833,0.973993,0.01282438,0,0,0,0
514,63.445,,DPDK,0.819327,0.204832,0.973969,0.01291398,0,0,0,0
515,70.5547,,DPDK,0.819422,0.204856,0.974288,0.01161399,0,0,0,0
516,109.4745,,DPDK,0.820013,0.205003,0.974994,0.00749044,0,0,0,0
517,113.2492,,DPDK,0.820083,0.205021,0.974998,0.0072414,0,0,0,0
518,127.2281,,DPDK,0.820329,0.205082,0.975078,0.0064477,0,0,0,0
519,119.5976,,DPDK,0.820197,0.205049,0.974996,0.00685797,0,0,0,0
520,124.4174,,DPDK,0.820281,0.20507,0.97505,0.00659297,0,0,0,0
521,129.2222,,DPDK,0.82036,0.20509,0.975095,0.00634845,0,0,0,0
522,136.2536,,DPDK,0.820451,0.205113,0.975156,0.0060215,0,0,0,0
523,123.091,,DPDK,0.820258,0.205065,0.975037,0.00666383,0,0,0,0
524,122.5875,,DPDK,0.820249,0.205062,0.975031,0.00669114,0,0,0,0
525,172.0493,,DPDK,0.820801,0.2052,0.975259,0.00477073,0,0,0,0
526,144.7362,,DPDK,0.820549,0.205137,0.975228,0.00566927,0,0,0,0
527,123.5315,,DPDK,0.820266,0.205066,0.975041,0.00664014,0,0,0,0
528,105.4996,,DPDK,0.819936,0.204984,0.974965,0.00777193,0,0,0,0
529,90.6809,,DPDK,0.819649,0.204912,0.974808,0.00903883,0,0,0,0
530,116.9015,,DPDK,0.820149,0.205037,0.974996,0.00701573,0,0,0,0
531,121.2823,,DPDK,0.820226,0.205057,0.975019,0.00676295,0,0,0,0
532,114.495,,DPDK,0.820106,0.205026,0.974995,0.00716281,0,0,0,0
533,107.9361,,DPDK,0.819983,0.204996,0.974988,0.00759693,0,0,0,0
534,81.5333,,DPDK,0.819553,0.204888,0.974697,0.01005176,0,0,0,0
535,53.969,,1xOAI,0.497174,0.124293,0.935197,0.0092122,0,1,0,0
536,40.6833,,1xOAI,0.32727,0.081817,0.933314,0.00804433,0,0,0,1
537,36.3857,,1xOAI,0.305045,0.076261,0.931427,0.00838365,0,0,0,1
538,41.0408,,1xOAI,0.33223,0.083058,0.933379,0.00809512,0,0,0,1
539,28.1158,,2xOAI,0.305224,0.076306,0.919474,0.01085595,0,0,1,0
540,32.8028,,2xOAI,0.355265,0.088816,0.920929,0.01083035,0,0,0,0
541,42.38,,2xOAI,0.401335,0.100334,0.920674,0.00946992,0,0,0,0
542,30.0686,,2xOAI,0.326918,0.08173,0.920244,0.0108724,0,0,0,0
543,34.8933,,2xOAI,0.375453,0.093863,0.92122,0.01076003,0,0,0,0
544,30.3782,,2xOAI,0.330253,0.082563,0.920344,0.0108714,0,0,0,0
545,26.9479,,2xOAI,0.291451,0.072863,0.918817,0.01081534,0,0,0,0
546,19.3148,,2xOAI,0.195409,0.048852,0.914512,0.01011705,0,0,0,0
547,17.4927,,2xOAI,0.168663,0.042166,0.912417,0.0096419,0,0,0,0
548,13.1443,,2xOAI,0.143484,0.035871,0.906589,0.01091604,0,0,0,0
549,9.8375,,2xOAI,-0.018056,-0.004514,0.900427,-0.00183542,0,0,0,0
550,11.811,,2xOAI,0.081616,0.020404,0.904295,0.00691016,0,0,0,0
551,14.1402,,2xOAI,0.18627,0.046567,0.908073,0.01317302,0,0,0,0
552,20.5849,,2xOAI,0.213045,0.053261,0.915569,0.01034954,0,0,0,0
553,25.2571,,2xOAI,0.270613,0.067653,0.917791,0.01071436,0,0,0,0
554,19.5827,,2xOAI,0.199322,0.04983,0.91477,0.0101785,0,0,0,0
555,10.0326,,2xOAI,-0.008054,-0.002014,0.900799,-0.00080278,0,0,0,0
556,8.223,,2xOAI,-0.107687,-0.026922,0.896448,-0.0130959,1,0,0,0
557,17.3999,,2xOAI,0.167033,0.041758,0.912298,0.00959964,0,0,0,0
558,12.9738,,2xOAI,0.135964,0.033991,0.906293,0.01047988,0,0,0,0
559,9.3757,,2xOAI,-0.042349,-0.010587,0.899421,-0.00451687,1,0,0,0
560,35.4453,,2xOAI,0.380541,0.095135,0.921172,0.01073601,0,0,0,0
561,25.2975,,2xOAI,0.271128,0.067782,0.917807,0.01071762,0,0,0,0
562,21.5835,,2xOAI,0.225939,0.056485,0.915949,0.01046817,0,0,0,0
563,35.3783,,2xOAI,0.379956,0.094989,0.921163,0.0107398,0,0,0,0
564,51.7257,,2xOAI,0.489954,0.122489,0.924156,0.00947217,0,0,0,0
565,26.1354,,2xOAI,0.281562,0.07039,0.918345,0.01077318,0,0,0,0
566,27.3984,,2xOAI,0.296806,0.074201,0.919065,0.01083295,0,0,0,0
567,40.3906,,2xOAI,0.410452,0.102613,0.920818,0.01016205,0,0,0,0
568,36.4558,,2xOAI,0.38978,0.097445,0.921103,0.01069185,0,0,0,0
569,35.9911,,2xOAI,0.385549,0.096387,0.921122,0.01071234,0,0,0,0
570,59.4621,,2xOAI,0.455294,0.113824,0.927053,0.00765688,0,0,0,0
571,70.7418,,2xOAI,0.588389,0.147097,0.9308,0.00831742,0,0,0,0
572,48.2358,,2xOAI,0.47249,0.118122,0.922572,0.00979542,0,0,0,0
573,61.5672,,DPDK,0.8193,0.204825,0.973881,0.0133074,0,1,0,0
574,56.7688,,DPDK,0.819227,0.204807,0.973419,0.01443093,0,0,0,0
575,53.1057,,DPDK,0.819167,0.204792,0.972938,0.01542522,0,0,0,0
576,54.9095,,DPDK,0.819197,0.204799,0.973189,0.01491904,0,0,0,0
577,57.9325,,DPDK,0.819245,0.204811,0.973559,0.01414137,0,0,0,0
578,63.5957,,DPDK,0.819329,0.204832,0.973977,0.01288339,0,0,0,0
579,73.3075,,DPDK,0.819457,0.204864,0.974415,0.01117834,0,0,0,0
580,74.534,,DPDK,0.819472,0.204868,0.974466,0.0109946,0,0,0,0
581,95.4777,,DPDK,0.819728,0.204932,0.97486,0.00858555,0,0,0,0
582,80.3256,,DPDK,0.819539,0.204885,0.974683,0.01020271,0,0,0,0
583,71.0296,,DPDK,0.819428,0.204857,0.974309,0.01153642,0,0,0,0
584,84.254,,DPDK,0.819582,0.204896,0.97473,0.00972752,0,0,0,0
585,82.6359,,DPDK,0.819565,0.204891,0.974711,0.00991778,0,0,0,0
586,68.0883,,DPDK,0.81939,0.204848,0.97418,0.01203423,0,0,0,0
587,63.5835,,DPDK,0.819329,0.204832,0.973975,0.01288587,0,0,0,0
588,65.7267,,DPDK,0.819358,0.20484,0.974074,0.01246613,0,0,0,0
589,68.6843,,DPDK,0.819398,0.204849,0.974197,0.01192992,0,0,0,0
590,74.8586,,DPDK,0.819476,0.204869,0.974486,0.01094698,0,0,0,0
591,73.0253,,DPDK,0.819453,0.204863,0.974403,0.0112215,0,0,0,0
592,67.1852,,DPDK,0.819378,0.204845,0.97414,0.01219582,0,0,0,0
593,76.1431,,DPDK,0.819491,0.204873,0.974541,0.01076251,0,0,0,0
594,67.2164,,DPDK,0.819379,0.204845,0.974143,0.01219016,0,0,0,0
595,78.0868,,DPDK,0.819514,0.204878,0.974627,0.0104949,0,0,0,0
596,91.4159,,DPDK,0.819657,0.204914,0.974817,0.00896623,0,0,0,0
597,75.6012,,DPDK,0.819484,0.204871,0.974517,0.01083957,0,0,0,0
598,114.2862,,DPDK,0.820102,0.205026,0.974999,0.00717586,0,0,0,0
599,95.7602,,DPDK,0.819734,0.204934,0.974866,0.00856028,0,0,0,0
600,86.2879,,DPDK,0.819604,0.204901,0.974758,0.00949848,0,0,0,0
601,105.0764,,DPDK,0.819927,0.204982,0.974963,0.00780315,0,0,0,0
602,102.554,,DPDK,0.819877,0.204969,0.974935,0.00799458,0,0,0,0
603,93.1306,,DPDK,0.819684,0.204921,0.974834,0.00880145,0,0,0,0
604,100.2451,,DPDK,0.819829,0.204957,0.974914,0.00817825,0,0,0,0
605,85.1762,,DPDK,0.819592,0.204898,0.974742,0.00962231,0,0,0,0
606,100.0558,,DPDK,0.819825,0.204956,0.974908,0.00819368,0,0,0,0
607,85.3843,,DPDK,0.819594,0.204899,0.974746,0.00959888,0,0,0,0
608,66.0513,,DPDK,0.819363,0.204841,0.974089,0.01240495,0,0,0,0
609,79.3076,,DPDK,0.819528,0.204882,0.97467,0.01033353,0,0,0,0
610,94.1945,,DPDK,0.819703,0.204926,0.974848,0.00870224,0,0,0,0
611,105.3048,,DPDK,0.819932,0.204983,0.974961,0.00778627,0,0,0,0
612,103.841,,DPDK,0.819903,0.204976,0.974945,0.00789575,0,0,0,0
613,121.96,,DPDK,0.820238,0.20506,0.975026,0.00672547,0,0,0,0
614,106.1303,,DPDK,0.819948,0.204987,0.974969,0.00772586,0,0,0,0
615,117.3102,,DPDK,0.820156,0.205039,0.974997,0.00699135,0,0,0,0
616,123.7051,,DPDK,0.820269,0.205067,0.975044,0.00663084,0,0,0,0
617,129.8701,,DPDK,0.820369,0.205092,0.975103,0.00631684,0,0,0,0
618,152.972,,DPDK,0.820633,0.205158,0.975242,0.0053646,0,0,0,0
619,142.0512,,DPDK,0.820519,0.20513,0.975206,0.00577622,0,0,0,0
620,141.9045,,DPDK,0.820518,0.205129,0.975205,0.00578218,0,0,0,0
621,127.1354,,DPDK,0.820327,0.205082,0.975077,0.00645239,0,0,0,0
622,133.5526,,DPDK,0.820417,0.205104,0.975135,0.00614303,0,0,0,0
623,149.6742,,DPDK,0.820601,0.20515,0.975243,0.00548258,0,0,0,0
624,127.8219,,DPDK,0.820339,0.205085,0.975078,0.00641783,0,0,0,0
625,84.9203,,DPDK,0.819589,0.204897,0.974741,0.00965128,0,0,0,0
626,119.1123,,DPDK,0.820188,0.205047,0.974997,0.00688584,0,0,0,0
627,124.1944,,DPDK,0.820277,0.205069,0.975047,0.00660478,0,0,0,0
628,123.923,,DPDK,0.820272,0.205068,0.975049,0.00661921,0,0,0,0
629,114.4882,,DPDK,0.820106,0.205026,0.974996,0.00716323,0,0,0,0
630,72.9635,,DPDK,0.819452,0.204863,0.974402,0.01123098,0,0,0,0
631,80.219,,DPDK,0.819538,0.204884,0.974681,0.01021625,0,0,0,0
632,83.9251,,DPDK,0.819579,0.204895,0.974726,0.00976559,0,0,0,0
633,67.2214,,DPDK,0.819379,0.204845,0.974143,0.01218925,0,0,0,0
634,57.0478,,1xOAI,0.527906,0.131977,0.935477,0.00925375,0,1,0,0
635,81.2592,,1xOAI,0.731095,0.182774,0.930932,0.00899707,0,0,0,1
636,74.9191,,1xOAI,0.674735,0.168684,0.932677,0.00900618,0,0,0,1
637,61.9968,,1xOAI,0.572276,0.143069,0.935851,0.00923073,0,0,0,1
638,61.1825,,2xOAI,0.458822,0.114706,0.927636,0.00749923,0,0,1,0
639,78.4859,,2xOAI,0.620282,0.15507,0.93309,0.00790309,0,0,0,0
640,64.7769,,2xOAI,0.503886,0.125971,0.928885,0.00777879,0,0,0,0
641,64.6116,,2xOAI,0.501023,0.125256,0.92882,0.00775438,0,0,0,0
642,58.9065,,2xOAI,0.454357,0.113589,0.926843,0.00771318,0,0,0,0
643,50.5325,,2xOAI,0.498516,0.124629,0.923619,0.00986525,0,0,0,0
644,36.0611,,2xOAI,0.386256,0.096564,0.921116,0.01071115,0,0,0,0
645,28.2819,,2xOAI,0.306978,0.076744,0.919558,0.01085421,0,0,0,0
646,37.2626,,2xOAI,0.397056,0.099264,0.921027,0.01065564,0,0,0,0
647,25.0349,,2xOAI,0.267789,0.066947,0.917675,0.0106966,0,0,0,0
648,16.8538,,2xOAI,0.162118,0.04053,0.911638,0.00961908,0,0,0,0
649,13.8724,,2xOAI,0.175187,0.043797,0.9077,0.01262846,0,0,0,0
650,25.7484,,2xOAI,0.27675,0.069187,0.918088,0.01074822,0,0,0,0
651,26.4392,,2xOAI,0.285304,0.071326,0.918515,0.01079096,0,0,0,0
652,18.5412,,2xOAI,0.184322,0.04608,0.913652,0.00994117,0,0,0,0
653,18.1112,,2xOAI,0.178021,0.044505,0.913133,0.00982932,0,0,0,0
654,19.3018,,2xOAI,0.195447,0.048862,0.914514,0.01012588,0,0,0,0
655,17.091,,2xOAI,0.162311,0.040578,0.911957,0.0094969,0,0,0,0
656,17.4385,,2xOAI,0.167796,0.041949,0.912353,0.00962215,0,0,0,0
657,17.8193,,2xOAI,0.17357,0.043392,0.912828,0.00974053,0,0,0,0
658,14.6537,,2xOAI,0.207448,0.051862,0.908794,0.01415668,0,0,0,0
659,18.5988,,2xOAI,0.185125,0.046281,0.913734,0.0099536,0,0,0,0
660,34.0291,,2xOAI,0.367204,0.091801,0.921232,0.01079088,0,0,0,0
661,36.1457,,2xOAI,0.386983,0.096746,0.921109,0.0107062,0,0,0,0
662,29.0668,,2xOAI,0.315932,0.078983,0.919969,0.01086917,0,0,0,0
663,48.5256,,2xOAI,0.478402,0.1196,0.922705,0.00985874,0,0,0,0
664,47.3653,,2xOAI,0.455413,0.113853,0.922155,0.0096149,0,0,0,0
665,66.5697,,2xOAI,0.523774,0.130943,0.929474,0.00786805,0,0,0,0
666,57.7634,,2xOAI,0.452888,0.113222,0.926448,0.00784039,0,0,0,0
667,53.194,,2xOAI,0.47365,0.118412,0.924747,0.00890419,0,0,0,0
668,76.666,,2xOAI,0.619104,0.154776,0.932589,0.00807533,0,0,0,0
669,77.4379,,2xOAI,0.619588,0.154897,0.932835,0.00800109,0,0,0,0
670,85.8911,,2xOAI,0.716635,0.179159,0.933652,0.00834353,0,0,0,0
671,59.7553,,DPDK,0.819273,0.204818,0.973745,0.01371046,0,1,0,0
672,59.0105,,DPDK,0.819261,0.204815,0.97368,0.01388332,0,0,0,0
673,115.2499,,DPDK,0.82012,0.20503,0.974995,0.00711601,0,0,0,0
674,72.1563,,DPDK,0.819442,0.204861,0.974362,0.01135649,0,0,0,0
675,62.8412,,DPDK,0.819318,0.204829,0.97394,0.01303792,0,0,0,0
676,120.2301,,DPDK,0.820208,0.205052,0.975007,0.00682198,0,0,0,0
677,96.8818,,DPDK,0.819758,0.20494,0.974876,0.00846143,0,0,0,0
678,113.7002,,DPDK,0.820091,0.205023,0.974996,0.00721275,0,0,0,0
679,91.2837,,DPDK,0.819655,0.204914,0.974813,0.00897921,0,0,0,0
680,106.4493,,DPDK,0.819954,0.204989,0.974974,0.00770277,0,0,0,0
681,101.3378,,DPDK,0.819852,0.204963,0.974924,0.00809029,0,0,0,0
682,107.4367,,DPDK,0.819973,0.204993,0.974983,0.00763215,0,0,0,0
683,110.771,,DPDK,0.820037,0.205009,0.974997,0.007403,0,0,0,0
684,122.4389,,DPDK,0.820247,0.205062,0.975028,0.00669923,0,0,0,0
685,102.6682,,DPDK,0.819879,0.20497,0.974935,0.00798571,0,0,0,0
686,124.1474,,DPDK,0.820276,0.205069,0.975048,0.00660728,0,0,0,0
687,97.2656,,DPDK,0.819767,0.204942,0.974882,0.00842813,0,0,0,0
688,175.8056,,DPDK,0.820831,0.205208,0.975262,0.00466897,0,0,0,0
689,117.5898,,DPDK,0.820161,0.20504,0.974997,0.00697477,0,0,0,0
690,135.264,,DPDK,0.820439,0.20511,0.975148,0.00606546,0,0,0,0
691,150.5974,,DPDK,0.820611,0.205153,0.975241,0.00544904,0,0,0,0
692,120.6985,,DPDK,0.820216,0.205054,0.975011,0.00679558,0,0,0,0
693,109.3863,,DPDK,0.820011,0.205003,0.974995,0.00749647,0,0,0,0
694,138.2997,,DPDK,0.820477,0.205119,0.975171,0.0059326,0,0,0,0
695,114.3564,,DPDK,0.820103,0.205026,0.974996,0.00717147,0,0,0,0
696,141.8463,,DPDK,0.820517,0.205129,0.975203,0.00578455,0,0,0,0
697,116.8662,,DPDK,0.820149,0.205037,0.974997,0.00701784,0,0,0,0
698,140.9363,,DPDK,0.820507,0.205127,0.975195,0.00582183,0,0,0,0
699,110.4928,,DPDK,0.820032,0.205008,0.974996,0.00742158,0,0,0,0
700,145.0294,,DPDK,0.820552,0.205138,0.97523,0.00565783,0,0,0,0
701,131.7884,,DPDK,0.820394,0.205099,0.975118,0.00622509,0,0,0,0
702,127.6101,,DPDK,0.820335,0.205084,0.975078,0.00642845,0,0,0,0
703,147.5856,,DPDK,0.820579,0.205145,0.975241,0.00556002,0,0,0,0
704,140.5484,,DPDK,0.820503,0.205126,0.975196,0.00583787,0,0,0,0
705,139.7394,,DPDK,0.820494,0.205123,0.975186,0.0058716,0,0,0,0
706,174.7188,,DPDK,0.820822,0.205206,0.975261,0.00469796,0,0,0,0
707,147.2865,,DPDK,0.820576,0.205144,0.97524,0.00557129,0,0,0,0
708,132.7748,,DPDK,0.820407,0.205102,0.975125,0.00617893,0,0,0,0
709,162.7453,,DPDK,0.820723,0.205181,0.97525,0.00504299,0,0,0,0
710,176.207,,DPDK,0.820834,0.205208,0.97526,0.00465835,0,0,0,0
711,205.0676,,DPDK,0.821039,0.20526,0.97529,0.00400375,0,0,0,0
712,208.9659,,DPDK,0.821064,0.205266,0.975294,0.00392918,0,0,0,0
713,224.3419,,DPDK,0.821161,0.20529,0.975307,0.00366031,0,0,0,0
714,243.2875,,DPDK,0.82127,0.205318,0.975313,0.00337572,0,0,0,0
715,219.9546,,DPDK,0.821134,0.205283,0.975308,0.0037332,0,0,0,0
716,172.2784,,DPDK,0.820803,0.205201,0.975261,0.0047644,0,0,0,0
717,202.858,,DPDK,0.821024,0.205256,0.975291,0.00404729,0,0,0,0
718,215.5617,,DPDK,0.821107,0.205277,0.975303,0.00380915,0,0,0,0
719,204.2758,,DPDK,0.821034,0.205258,0.975291,0.00401924,0,0,0,0
720,167.8015,,DPDK,0.820767,0.205192,0.975259,0.0048913,0,0,0,0
