model_name,time_index,timestamp,y_true,y_pred,abs_error,ape_safe_pct
baseline_abs_nocal_mse,2688,2019-04-29 00:00:00,160.71133,153.80492,6.906418,4.2974052
baseline_abs_nocal_mse,2689,2019-04-29 00:15:00,157.0701,128.9817,28.088394,17.882711
baseline_abs_nocal_mse,2690,2019-04-29 00:30:00,154.244,113.55211,40.691895,26.381508
baseline_abs_nocal_mse,2691,2019-04-29 00:45:00,136.81113,103.99031,32.820816,23.989872
baseline_abs_nocal_mse,2692,2019-04-29 01:00:00,126.43498,97.010895,29.424088,23.27211
baseline_abs_nocal_mse,2693,2019-04-29 01:15:00,98.2447,91.713585,6.5311127,6.6478014
baseline_abs_nocal_mse,2694,2019-04-29 01:30:00,83.880226,82.30076,1.5794678,1.8830037
baseline_abs_nocal_mse,2695,2019-04-29 01:45:00,85.43559,70.51374,14.921852,17.465614
baseline_abs_nocal_mse,2696,2019-04-29 02:00:00,65.63837,60.92762,4.710747,7.176819
baseline_abs_nocal_mse,2697,2019-04-29 02:15:00,62.175,50.388393,11.786606,18.957148
baseline_abs_nocal_mse,2698,2019-04-29 02:30:00,61.91144,42.163303,19.748138,31.897396
baseline_abs_nocal_mse,2699,2019-04-29 02:45:00,65.129135,36.797073,28.332062,43.50136
baseline_abs_nocal_mse,2700,2019-04-29 03:00:00,38.70569,34.606445,4.099243,10.590803
baseline_abs_nocal_mse,2701,2019-04-29 03:15:00,40.42183,30.422861,9.998968,24.736555
baseline_abs_nocal_mse,2702,2019-04-29 03:30:00,30.927319,27.611189,3.3161297,10.722332
baseline_abs_nocal_mse,2703,2019-04-29 03:45:00,30.075228,25.404528,4.6707,15.530057
baseline_abs_nocal_mse,2704,2019-04-29 04:00:00,24.1078,24.44662,0.3388214,1.4054432
baseline_abs_nocal_mse,2705,2019-04-29 04:15:00,24.730207,23.762062,0.9681454,3.914829
baseline_abs_nocal_mse,2706,2019-04-29 04:30:00,21.124332,23.845938,2.7216053,12.883745
baseline_abs_nocal_mse,2707,2019-04-29 04:45:00,23.100521,24.52691,1.4263897,6.174708
baseline_abs_nocal_mse,2708,2019-04-29 05:00:00,32.196175,26.304474,5.8917007,18.299381
baseline_abs_nocal_mse,2709,2019-04-29 05:15:00,42.098076,29.032627,13.065449,31.03574
baseline_abs_nocal_mse,2710,2019-04-29 05:30:00,39.22251,32.74896,6.4735527,16.504686
baseline_abs_nocal_mse,2711,2019-04-29 05:45:00,27.164865,36.87544,9.710573,35.74681
baseline_abs_nocal_mse,2712,2019-04-29 06:00:00,34.475307,40.21803,5.7427216,16.657492
baseline_abs_nocal_mse,2713,2019-04-29 06:15:00,25.93506,43.501717,17.566656,67.73324
baseline_abs_nocal_mse,2714,2019-04-29 06:30:00,29.58071,46.01279,16.432081,55.54999
baseline_abs_nocal_mse,2715,2019-04-29 06:45:00,47.99836,48.72827,0.7299118,1.5207016
baseline_abs_nocal_mse,2716,2019-04-29 07:00:00,70.49388,53.0644,17.429482,24.724813
baseline_abs_nocal_mse,2717,2019-04-29 07:15:00,90.06549,59.637146,30.428345,33.784687
baseline_abs_nocal_mse,2718,2019-04-29 07:30:00,83.12714,69.84092,13.286217,15.983007
baseline_abs_nocal_mse,2719,2019-04-29 07:45:00,97.02323,79.28419,17.739044,18.283295
baseline_abs_nocal_mse,2720,2019-04-29 08:00:00,80.496445,87.518974,7.0225296,8.724025
baseline_abs_nocal_mse,2721,2019-04-29 08:15:00,97.226845,90.55411,6.672737,6.8630605
baseline_abs_nocal_mse,2722,2019-04-29 08:30:00,92.727,93.212845,0.48584747,0.52395475
baseline_abs_nocal_mse,2723,2019-04-29 08:45:00,101.95749,94.53298,7.424507,7.2819633
baseline_abs_nocal_mse,2724,2019-04-29 09:00:00,119.30822,96.41435,22.893867,19.188843
baseline_abs_nocal_mse,2725,2019-04-29 09:15:00,88.71131,100.19059,11.479279,12.940039
baseline_abs_nocal_mse,2726,2019-04-29 09:30:00,69.21647,100.42872,31.21225,45.093678
baseline_abs_nocal_mse,2727,2019-04-29 09:45:00,83.45688,97.66172,14.204842,17.020576
baseline_abs_nocal_mse,2728,2019-04-29 10:00:00,78.56983,96.71224,18.14241,23.090809
baseline_abs_nocal_mse,2729,2019-04-29 10:15:00,88.632385,96.66111,8.028725,9.0584545
baseline_abs_nocal_mse,2730,2019-04-29 10:30:00,75.12909,98.52298,23.39389,31.13826
baseline_abs_nocal_mse,2731,2019-04-29 10:45:00,75.80483,99.84675,24.041916,31.715546
baseline_abs_nocal_mse,2732,2019-04-29 11:00:00,81.228355,101.14459,19.916237,24.518824
baseline_abs_nocal_mse,2733,2019-04-29 11:15:00,95.57491,102.988174,7.4132614,7.756493
baseline_abs_nocal_mse,2734,2019-04-29 11:30:00,99.05851,106.21028,7.1517715,7.2197447
baseline_abs_nocal_mse,2735,2019-04-29 11:45:00,92.43672,109.5488,17.112076,18.512205
baseline_abs_nocal_mse,2736,2019-04-29 12:00:00,144.76991,111.29213,33.477783,23.12482
baseline_abs_nocal_mse,2737,2019-04-29 12:15:00,173.03966,117.64068,55.39898,32.015194
baseline_abs_nocal_mse,2738,2019-04-29 12:30:00,183.64317,128.1795,55.46367,30.201868
baseline_abs_nocal_mse,2739,2019-04-29 12:45:00,204.84901,141.17546,63.673553,31.083164
baseline_abs_nocal_mse,2740,2019-04-29 13:00:00,243.3266,154.58195,88.744644,36.471413
baseline_abs_nocal_mse,2741,2019-04-29 13:15:00,205.10435,171.10457,33.999786,16.576824
baseline_abs_nocal_mse,2742,2019-04-29 13:30:00,181.0352,175.30176,5.733444,3.1670327
baseline_abs_nocal_mse,2743,2019-04-29 13:45:00,148.8819,167.23439,18.352493,12.32688
baseline_abs_nocal_mse,2744,2019-04-29 14:00:00,144.54718,149.80457,5.2573853,3.6371415
baseline_abs_nocal_mse,2745,2019-04-29 14:15:00,156.44606,132.9198,23.52626,15.037937
baseline_abs_nocal_mse,2746,2019-04-29 14:30:00,136.00374,123.301254,12.702484,9.339805
baseline_abs_nocal_mse,2747,2019-04-29 14:45:00,130.83182,115.854195,14.977623,11.447997
baseline_abs_nocal_mse,2748,2019-04-29 15:00:00,107.83934,111.27867,3.439331,3.18931
baseline_abs_nocal_mse,2749,2019-04-29 15:15:00,101.24244,105.68583,4.44339,4.388861
baseline_abs_nocal_mse,2750,2019-04-29 15:30:00,109.53982,100.531555,9.008263,8.223733
baseline_abs_nocal_mse,2751,2019-04-29 15:45:00,105.47917,97.93715,7.5420227,7.1502485
baseline_abs_nocal_mse,2752,2019-04-29 16:00:00,114.62477,96.75579,17.86898,15.589109
baseline_abs_nocal_mse,2753,2019-04-29 16:15:00,111.96394,98.42612,13.537827,12.091238
baseline_abs_nocal_mse,2754,2019-04-29 16:30:00,126.29993,100.37797,25.921959,20.524128
baseline_abs_nocal_mse,2755,2019-04-29 16:45:00,119.598206,105.01771,14.580498,12.191235
baseline_abs_nocal_mse,2756,2019-04-29 17:00:00,153.53519,107.97102,45.564163,29.676691
baseline_abs_nocal_mse,2757,2019-04-29 17:15:00,168.09651,116.212006,51.884506,30.865902
baseline_abs_nocal_mse,2758,2019-04-29 17:30:00,139.95586,127.149376,12.80648,9.150371
baseline_abs_nocal_mse,2759,2019-04-29 17:45:00,176.5917,129.76668,46.825027,26.515984
baseline_abs_nocal_mse,2760,2019-04-29 18:00:00,160.74718,135.31232,25.43486,15.822896
baseline_abs_nocal_mse,2761,2019-04-29 18:15:00,214.69365,136.50554,78.18811,36.418457
baseline_abs_nocal_mse,2762,2019-04-29 18:30:00,215.17982,146.49347,68.686356,31.920444
baseline_abs_nocal_mse,2763,2019-04-29 18:45:00,164.78413,156.8504,7.933731,4.8146205
baseline_abs_nocal_mse,2764,2019-04-29 19:00:00,175.81477,152.81651,22.99826,13.08096
baseline_abs_nocal_mse,2765,2019-04-29 19:15:00,189.42035,146.34221,43.07814,22.742086
baseline_abs_nocal_mse,2766,2019-04-29 19:30:00,169.71008,143.13109,26.578995,15.661411
baseline_abs_nocal_mse,2767,2019-04-29 19:45:00,187.61433,137.72568,49.888657,26.591068
baseline_abs_nocal_mse,2768,2019-04-29 20:00:00,187.9461,136.89053,51.055573,27.165009
baseline_abs_nocal_mse,2769,2019-04-29 20:15:00,165.27438,138.27971,26.994675,16.333248
baseline_abs_nocal_mse,2770,2019-04-29 20:30:00,216.03633,135.5682,80.468124,37.247498
baseline_abs_nocal_mse,2771,2019-04-29 20:45:00,231.21889,143.0572,88.16168,38.1291
baseline_abs_nocal_mse,2772,2019-04-29 21:00:00,224.0286,156.0289,67.999695,30.353132
baseline_abs_nocal_mse,2773,2019-04-29 21:15:00,276.95377,165.89703,111.05673,40.099377
baseline_abs_nocal_mse,2774,2019-04-29 21:30:00,299.09906,183.90611,115.19295,38.51331
baseline_abs_nocal_mse,2775,2019-04-29 21:45:00,290.775,204.6292,86.1458,29.626274
baseline_abs_nocal_mse,2776,2019-04-29 22:00:00,319.28912,216.81303,102.47609,32.095078
baseline_abs_nocal_mse,2777,2019-04-29 22:15:00,306.79672,228.05705,78.73967,25.665096
baseline_abs_nocal_mse,2778,2019-04-29 22:30:00,328.66425,230.1635,98.50075,29.970022
baseline_abs_nocal_mse,2779,2019-04-29 22:45:00,265.40518,232.87997,32.525208,12.254926
baseline_abs_nocal_mse,2780,2019-04-29 23:00:00,239.59126,216.67148,22.919785,9.566202
baseline_abs_nocal_mse,2781,2019-04-29 23:15:00,241.27301,192.95158,48.321426,20.027697
baseline_abs_nocal_mse,2782,2019-04-29 23:30:00,194.81544,175.00633,19.809113,10.168142
baseline_abs_nocal_mse,2783,2019-04-29 23:45:00,155.04216,154.51068,0.5314789,0.3427964
baseline_abs_nocal_mse,2784,2019-04-30 00:00:00,162.71187,131.99498,30.716888,18.878088
baseline_abs_nocal_mse,2785,2019-04-30 00:15:00,150.38388,118.2281,32.155777,21.382463
baseline_abs_nocal_mse,2786,2019-04-30 00:30:00,140.64842,109.79331,30.85511,21.937757
baseline_abs_nocal_mse,2787,2019-04-30 00:45:00,135.4528,103.926704,31.5261,23.274603
baseline_abs_nocal_mse,2788,2019-04-30 01:00:00,119.32404,100.11623,19.207817,16.097189
baseline_abs_nocal_mse,2789,2019-04-30 01:15:00,83.31167,95.42901,12.11734,14.54459
baseline_abs_nocal_mse,2790,2019-04-30 01:30:00,80.40553,83.66699,3.2614594,4.056262
baseline_abs_nocal_mse,2791,2019-04-30 01:45:00,74.489586,71.39054,3.0990448,4.160373
baseline_abs_nocal_mse,2792,2019-04-30 02:00:00,54.762165,60.51404,5.751877,10.503377
baseline_abs_nocal_mse,2793,2019-04-30 02:15:00,59.22302,48.85833,10.364689,17.501116
baseline_abs_nocal_mse,2794,2019-04-30 02:30:00,53.618916,41.026276,12.59264,23.485443
baseline_abs_nocal_mse,2795,2019-04-30 02:45:00,55.065426,35.866737,19.198689,34.865234
baseline_abs_nocal_mse,2796,2019-04-30 03:00:00,50.951664,33.4063,17.545364,34.43531
baseline_abs_nocal_mse,2797,2019-04-30 03:15:00,49.909725,32.22579,17.683937,35.431847
baseline_abs_nocal_mse,2798,2019-04-30 03:30:00,33.689598,32.021927,1.6676712,4.950107
baseline_abs_nocal_mse,2799,2019-04-30 03:45:00,36.130592,30.45729,5.6733017,15.70221
baseline_abs_nocal_mse,2800,2019-04-30 04:00:00,94.31413,29.6172,64.69693,68.59728
baseline_abs_nocal_mse,2801,2019-04-30 04:15:00,69.679634,36.60888,33.070755,47.461147
baseline_abs_nocal_mse,2802,2019-04-30 04:30:00,40.35557,44.158,3.8024292,9.422315
baseline_abs_nocal_mse,2803,2019-04-30 04:45:00,47.796192,45.44777,2.348423,4.91341
baseline_abs_nocal_mse,2804,2019-04-30 05:00:00,29.732048,44.9474,15.215351,51.174915
baseline_abs_nocal_mse,2805,2019-04-30 05:15:00,27.387207,41.877804,14.490597,52.910095
baseline_abs_nocal_mse,2806,2019-04-30 05:30:00,23.441996,39.099476,15.65748,66.792435
baseline_abs_nocal_mse,2807,2019-04-30 05:45:00,22.697931,38.228226,15.530294,68.42163
baseline_abs_nocal_mse,2808,2019-04-30 06:00:00,38.346462,39.05806,0.71159744,1.8557057
baseline_abs_nocal_mse,2809,2019-04-30 06:15:00,26.634792,41.650448,15.0156555,56.376095
baseline_abs_nocal_mse,2810,2019-04-30 06:30:00,28.00024,44.43935,16.43911,58.710606
baseline_abs_nocal_mse,2811,2019-04-30 06:45:00,46.256893,47.782223,1.5253296,3.2975185
baseline_abs_nocal_mse,2812,2019-04-30 07:00:00,47.451702,52.810818,5.3591156,11.293832
baseline_abs_nocal_mse,2813,2019-04-30 07:15:00,85.047905,58.66859,26.379314,31.017006
baseline_abs_nocal_mse,2814,2019-04-30 07:30:00,85.524704,69.052315,16.47239,19.260387
baseline_abs_nocal_mse,2815,2019-04-30 07:45:00,68.78471,79.567795,10.783081,15.676565
baseline_abs_nocal_mse,2816,2019-04-30 08:00:00,87.43983,85.43893,2.0009003,2.2883167
baseline_abs_nocal_mse,2817,2019-04-30 08:15:00,85.92962,90.00458,4.074959,4.742205
baseline_abs_nocal_mse,2818,2019-04-30 08:30:00,89.05439,92.61209,3.557701,3.9949756
baseline_abs_nocal_mse,2819,2019-04-30 08:45:00,105.43517,94.412186,11.022987,10.454754
baseline_abs_nocal_mse,2820,2019-04-30 09:00:00,79.13189,97.32111,18.189224,22.985958
baseline_abs_nocal_mse,2821,2019-04-30 09:15:00,54.219666,97.21177,42.992104,79.29245
baseline_abs_nocal_mse,2822,2019-04-30 09:30:00,61.17377,93.99223,32.818462,53.64793
baseline_abs_nocal_mse,2823,2019-04-30 09:45:00,70.55815,91.84401,21.285858,30.167824
baseline_abs_nocal_mse,2824,2019-04-30 10:00:00,66.061646,92.11335,26.051704,39.435448
baseline_abs_nocal_mse,2825,2019-04-30 10:15:00,60.384045,93.49557,33.111523,54.834885
baseline_abs_nocal_mse,2826,2019-04-30 10:30:00,75.49118,95.103745,19.612564,25.979942
baseline_abs_nocal_mse,2827,2019-04-30 10:45:00,69.344284,98.31979,28.97551,41.785004
baseline_abs_nocal_mse,2828,2019-04-30 11:00:00,60.48498,101.22342,40.738438,67.35298
baseline_abs_nocal_mse,2829,2019-04-30 11:15:00,85.60705,102.79121,17.184158,20.0733
baseline_abs_nocal_mse,2830,2019-04-30 11:30:00,99.12348,106.038574,6.9150925,6.97624
baseline_abs_nocal_mse,2831,2019-04-30 11:45:00,96.50794,110.458206,13.950264,14.455043
baseline_abs_nocal_mse,2832,2019-04-30 12:00:00,136.62521,113.784035,22.841179,16.718128
baseline_abs_nocal_mse,2833,2019-04-30 12:15:00,165.25746,119.78857,45.468895,27.513975
baseline_abs_nocal_mse,2834,2019-04-30 12:30:00,201.20117,128.733,72.46817,36.017765
baseline_abs_nocal_mse,2835,2019-04-30 12:45:00,186.84157,143.81581,43.025757,23.027935
baseline_abs_nocal_mse,2836,2019-04-30 13:00:00,184.8816,154.20737,30.67424,16.591288
baseline_abs_nocal_mse,2837,2019-04-30 13:15:00,196.51485,157.84058,38.67427,19.680075
baseline_abs_nocal_mse,2838,2019-04-30 13:30:00,166.40164,159.24025,7.161392,4.303679
baseline_abs_nocal_mse,2839,2019-04-30 13:45:00,159.74878,152.4803,7.2684784,4.549943
baseline_abs_nocal_mse,2840,2019-04-30 14:00:00,142.14774,142.75945,0.6117096,0.4303337
baseline_abs_nocal_mse,2841,2019-04-30 14:15:00,154.7196,131.14435,23.575256,15.237408
baseline_abs_nocal_mse,2842,2019-04-30 14:30:00,121.45088,124.58106,3.1301804,2.577322
baseline_abs_nocal_mse,2843,2019-04-30 14:45:00,97.36367,116.19023,18.826561,19.33633
baseline_abs_nocal_mse,2844,2019-04-30 15:00:00,93.29706,106.16595,12.868889,13.793457
baseline_abs_nocal_mse,2845,2019-04-30 15:15:00,114.29835,97.83017,16.468178,14.408062
baseline_abs_nocal_mse,2846,2019-04-30 15:30:00,100.23482,96.1428,4.092018,4.082432
baseline_abs_nocal_mse,2847,2019-04-30 15:45:00,122.00444,95.2768,26.727638,21.907103
baseline_abs_nocal_mse,2848,2019-04-30 16:00:00,131.61809,99.3519,32.26619,24.515013
baseline_abs_nocal_mse,2849,2019-04-30 16:15:00,116.9332,106.62386,10.309334,8.81643
baseline_abs_nocal_mse,2850,2019-04-30 16:30:00,118.620094,110.61319,8.006905,6.7500405
baseline_abs_nocal_mse,2851,2019-04-30 16:45:00,135.99228,112.47604,23.516235,17.292332
baseline_abs_nocal_mse,2852,2019-04-30 17:00:00,147.06065,115.89015,31.170502,21.195677
baseline_abs_nocal_mse,2853,2019-04-30 17:15:00,138.88687,120.81198,18.07489,13.01411
baseline_abs_nocal_mse,2854,2019-04-30 17:30:00,133.87578,122.99922,10.876556,8.124365
baseline_abs_nocal_mse,2855,2019-04-30 17:45:00,152.99687,121.99173,31.005142,20.265213
baseline_abs_nocal_mse,2856,2019-04-30 18:00:00,156.42882,123.43047,32.998344,21.094799
baseline_abs_nocal_mse,2857,2019-04-30 18:15:00,169.48357,125.66965,43.81392,25.851425
baseline_abs_nocal_mse,2858,2019-04-30 18:30:00,163.75153,130.01414,33.73738,20.602789
baseline_abs_nocal_mse,2859,2019-04-30 18:45:00,158.65945,132.58986,26.069595,16.431164
baseline_abs_nocal_mse,2860,2019-04-30 19:00:00,137.43298,132.42575,5.0072327,3.6433995
baseline_abs_nocal_mse,2861,2019-04-30 19:15:00,152.37007,126.63932,25.730751,16.88701
baseline_abs_nocal_mse,2862,2019-04-30 19:30:00,127.012634,123.01222,4.000412,3.1496174
baseline_abs_nocal_mse,2863,2019-04-30 19:45:00,152.82056,115.934494,36.886063,24.136847
baseline_abs_nocal_mse,2864,2019-04-30 20:00:00,176.77701,114.518715,62.258293,35.218544
baseline_abs_nocal_mse,2865,2019-04-30 20:15:00,192.8659,121.040245,71.82566,37.241245
baseline_abs_nocal_mse,2866,2019-04-30 20:30:00,183.42355,132.49026,50.93329,27.76813
baseline_abs_nocal_mse,2867,2019-04-30 20:45:00,184.99048,140.8451,44.145386,23.863598
baseline_abs_nocal_mse,2868,2019-04-30 21:00:00,187.21275,145.77487,41.43788,22.134111
baseline_abs_nocal_mse,2869,2019-04-30 21:15:00,159.48889,147.97731,11.511581,7.2177954
baseline_abs_nocal_mse,2870,2019-04-30 21:30:00,171.99127,142.06412,29.927155,17.40039
baseline_abs_nocal_mse,2871,2019-04-30 21:45:00,194.13834,137.01697,57.12137,29.423023
baseline_abs_nocal_mse,2872,2019-04-30 22:00:00,228.26318,138.12157,90.14162,39.490215
baseline_abs_nocal_mse,2873,2019-04-30 22:15:00,241.51045,148.77986,92.73059,38.3961
baseline_abs_nocal_mse,2874,2019-04-30 22:30:00,244.65936,163.39388,81.26549,33.215767
baseline_abs_nocal_mse,2875,2019-04-30 22:45:00,249.58542,175.95796,73.62746,29.499903
baseline_abs_nocal_mse,2876,2019-04-30 23:00:00,247.2396,184.64598,62.593613,25.316986
baseline_abs_nocal_mse,2877,2019-04-30 23:15:00,265.02014,187.83774,77.1824,29.123222
baseline_abs_nocal_mse,2878,2019-04-30 23:30:00,240.32338,191.50496,48.81842,20.313637
baseline_abs_nocal_mse,2879,2019-04-30 23:45:00,158.54979,187.41226,28.862473,18.204044
baseline_abs_nocal_mse,2880,2019-05-01 00:00:00,155.03574,162.42285,7.3871155,4.7647824
baseline_abs_nocal_mse,2881,2019-05-01 00:15:00,144.84698,137.5143,7.3326874,5.062368
baseline_abs_nocal_mse,2882,2019-05-01 00:30:00,138.5144,117.973335,20.541069,14.8295555
baseline_abs_nocal_mse,2883,2019-05-01 00:45:00,132.98547,105.09564,27.889832,20.97209
baseline_abs_nocal_mse,2884,2019-05-01 01:00:00,156.10445,96.742424,59.362022,38.02712
baseline_abs_nocal_mse,2885,2019-05-01 01:15:00,143.25058,99.10796,44.142616,30.814966
baseline_abs_nocal_mse,2886,2019-05-01 01:30:00,110.402985,103.440796,6.9621887,6.3061604
baseline_abs_nocal_mse,2887,2019-05-01 01:45:00,97.31256,100.5295,3.2169418,3.3057828
baseline_abs_nocal_mse,2888,2019-05-01 02:00:00,86.71901,92.51183,5.792824,6.679993
baseline_abs_nocal_mse,2889,2019-05-01 02:15:00,83.89701,82.09442,1.8025894,2.148574
baseline_abs_nocal_mse,2890,2019-05-01 02:30:00,73.629074,72.61708,1.0119934,1.3744481
baseline_abs_nocal_mse,2891,2019-05-01 02:45:00,70.73996,63.722935,7.017025,9.919464
baseline_abs_nocal_mse,2892,2019-05-01 03:00:00,68.29298,56.643124,11.649853,17.05864
baseline_abs_nocal_mse,2893,2019-05-01 03:15:00,68.851295,51.71436,17.136936,24.88978
baseline_abs_nocal_mse,2894,2019-05-01 03:30:00,62.69631,49.22717,13.469139,21.483145
baseline_abs_nocal_mse,2895,2019-05-01 03:45:00,50.407566,47.446243,2.9613228,5.8747587
baseline_abs_nocal_mse,2896,2019-05-01 04:00:00,43.28966,44.37723,1.0875702,2.5123093
baseline_abs_nocal_mse,2897,2019-05-01 04:15:00,53.277107,40.892056,12.385052,23.246479
baseline_abs_nocal_mse,2898,2019-05-01 04:30:00,35.423885,39.646786,4.2229004,11.921053
baseline_abs_nocal_mse,2899,2019-05-01 04:45:00,47.45612,37.2804,10.17572,21.442377
baseline_abs_nocal_mse,2900,2019-05-01 05:00:00,37.72016,37.241993,0.4781685,1.2676735
baseline_abs_nocal_mse,2901,2019-05-01 05:15:00,21.84361,37.405727,15.562117,71.24333
baseline_abs_nocal_mse,2902,2019-05-01 05:30:00,25.453274,36.78559,11.332317,44.52204
baseline_abs_nocal_mse,2903,2019-05-01 05:45:00,17.19933,37.25363,20.054302,116.59932
baseline_abs_nocal_mse,2904,2019-05-01 06:00:00,16.19572,37.930786,21.735065,134.20251
baseline_abs_nocal_mse,2905,2019-05-01 06:15:00,21.965464,39.345604,17.38014,79.12485
baseline_abs_nocal_mse,2906,2019-05-01 06:30:00,12.941642,41.52985,28.588207,220.90094
baseline_abs_nocal_mse,2907,2019-05-01 06:45:00,10.3884,44.424213,34.035812,327.63284
baseline_abs_nocal_mse,2908,2019-05-01 07:00:00,22.716663,47.526775,24.810112,109.21548
baseline_abs_nocal_mse,2909,2019-05-01 07:15:00,17.236969,51.794495,34.557526,200.48494
baseline_abs_nocal_mse,2910,2019-05-01 07:30:00,22.082718,56.20397,34.121254,154.51566
baseline_abs_nocal_mse,2911,2019-05-01 07:45:00,30.278793,60.97673,30.697937,101.384285
baseline_abs_nocal_mse,2912,2019-05-01 08:00:00,40.850403,66.54991,25.699509,62.91127
baseline_abs_nocal_mse,2913,2019-05-01 08:15:00,46.865158,73.62359,26.75843,57.09664
baseline_abs_nocal_mse,2914,2019-05-01 08:30:00,45.933895,80.84348,34.909588,75.999626
baseline_abs_nocal_mse,2915,2019-05-01 08:45:00,62.406715,86.70209,24.295372,38.930702
baseline_abs_nocal_mse,2916,2019-05-01 09:00:00,67.527664,92.82807,25.300407,37.46673
baseline_abs_nocal_mse,2917,2019-05-01 09:15:00,61.402508,97.56118,36.158672,58.88794
baseline_abs_nocal_mse,2918,2019-05-01 09:30:00,59.779446,100.64979,40.870342,68.36855
baseline_abs_nocal_mse,2919,2019-05-01 09:45:00,77.649216,102.41941,24.770195,31.900124
baseline_abs_nocal_mse,2920,2019-05-01 10:00:00,88.1261,105.04299,16.916893,19.196234
baseline_abs_nocal_mse,2921,2019-05-01 10:15:00,98.43567,108.44925,10.01358,10.172715
baseline_abs_nocal_mse,2922,2019-05-01 10:30:00,92.40783,112.30476,19.896935,21.531654
baseline_abs_nocal_mse,2923,2019-05-01 10:45:00,113.16377,114.84102,1.6772461,1.4821404
baseline_abs_nocal_mse,2924,2019-05-01 11:00:00,107.78299,118.13833,10.355339,9.607582
baseline_abs_nocal_mse,2925,2019-05-01 11:15:00,117.49064,120.09789,2.607254,2.2191162
baseline_abs_nocal_mse,2926,2019-05-01 11:30:00,113.30455,121.766914,8.462364,7.4686885
baseline_abs_nocal_mse,2927,2019-05-01 11:45:00,132.88963,122.2939,10.595734,7.9733334
baseline_abs_nocal_mse,2928,2019-05-01 12:00:00,126.8769,124.18714,2.6897583,2.1199749
baseline_abs_nocal_mse,2929,2019-05-01 12:15:00,135.38724,125.02183,10.36541,7.6561203
baseline_abs_nocal_mse,2930,2019-05-01 12:30:00,125.74337,126.2755,0.5321274,0.42318526
baseline_abs_nocal_mse,2931,2019-05-01 12:45:00,119.95103,125.66309,5.7120667,4.761999
baseline_abs_nocal_mse,2932,2019-05-01 13:00:00,132.6462,123.48501,9.161186,6.9064827
baseline_abs_nocal_mse,2933,2019-05-01 13:15:00,141.31793,122.736626,18.581306,13.148583
baseline_abs_nocal_mse,2934,2019-05-01 13:30:00,166.45233,123.95826,42.494072,25.529274
baseline_abs_nocal_mse,2935,2019-05-01 13:45:00,169.05531,129.74193,39.313385,23.254745
baseline_abs_nocal_mse,2936,2019-05-01 14:00:00,135.51059,135.9762,0.4656067,0.3435943
baseline_abs_nocal_mse,2937,2019-05-01 14:15:00,146.21497,134.80959,11.40538,7.800419
baseline_abs_nocal_mse,2938,2019-05-01 14:30:00,133.94232,132.44604,1.4962769,1.1171054
baseline_abs_nocal_mse,2939,2019-05-01 14:45:00,151.43454,127.97888,23.455658,15.488975
baseline_abs_nocal_mse,2940,2019-05-01 15:00:00,163.99442,126.76695,37.227463,22.700445
baseline_abs_nocal_mse,2941,2019-05-01 15:15:00,168.73743,129.46193,39.275497,23.276102
baseline_abs_nocal_mse,2942,2019-05-01 15:30:00,155.98973,134.0894,21.90033,14.039597
baseline_abs_nocal_mse,2943,2019-05-01 15:45:00,168.21689,135.67334,32.54355,19.346184
baseline_abs_nocal_mse,2944,2019-05-01 16:00:00,144.56384,137.89125,6.672592,4.6156716
baseline_abs_nocal_mse,2945,2019-05-01 16:15:00,158.93347,134.8329,24.10057,15.163938
baseline_abs_nocal_mse,2946,2019-05-01 16:30:00,181.49792,133.20345,48.29448,26.608833
baseline_abs_nocal_mse,2947,2019-05-01 16:45:00,171.81958,136.9212,34.898376,20.31106
baseline_abs_nocal_mse,2948,2019-05-01 17:00:00,139.85316,139.70221,0.1509552,0.10793836
baseline_abs_nocal_mse,2949,2019-05-01 17:15:00,151.79568,134.72685,17.068832,11.24461
baseline_abs_nocal_mse,2950,2019-05-01 17:30:00,169.12068,130.34863,38.77205,22.92567
baseline_abs_nocal_mse,2951,2019-05-01 17:45:00,163.76625,130.71133,33.054916,20.184206
baseline_abs_nocal_mse,2952,2019-05-01 18:00:00,177.69397,131.74371,45.950256,25.85921
baseline_abs_nocal_mse,2953,2019-05-01 18:15:00,156.90071,135.6707,21.230011,13.530856
baseline_abs_nocal_mse,2954,2019-05-01 18:30:00,153.45547,135.2374,18.218079,11.871899
baseline_abs_nocal_mse,2955,2019-05-01 18:45:00,162.88783,132.3748,30.513031,18.732542
baseline_abs_nocal_mse,2956,2019-05-01 19:00:00,161.65701,131.07738,30.579636,18.916368
baseline_abs_nocal_mse,2957,2019-05-01 19:15:00,152.30635,130.36234,21.944016,14.407814
baseline_abs_nocal_mse,2958,2019-05-01 19:30:00,135.81993,128.01447,7.8054657,5.7469225
baseline_abs_nocal_mse,2959,2019-05-01 19:45:00,134.02245,121.888084,12.134361,9.053977
baseline_abs_nocal_mse,2960,2019-05-01 20:00:00,150.13704,115.376785,34.760254,23.152351
baseline_abs_nocal_mse,2961,2019-05-01 20:15:00,149.37303,113.8303,35.542732,23.794611
baseline_abs_nocal_mse,2962,2019-05-01 20:30:00,198.96864,114.68832,84.28033,42.358597
baseline_abs_nocal_mse,2963,2019-05-01 20:45:00,193.40034,127.577415,65.82293,34.034546
baseline_abs_nocal_mse,2964,2019-05-01 21:00:00,204.50198,140.54208,63.9599,31.27593
baseline_abs_nocal_mse,2965,2019-05-01 21:15:00,221.4681,151.79771,69.67038,31.45843
baseline_abs_nocal_mse,2966,2019-05-01 21:30:00,231.17017,162.73297,68.437195,29.604683
baseline_abs_nocal_mse,2967,2019-05-01 21:45:00,242.74153,171.85474,70.886795,29.202583
baseline_abs_nocal_mse,2968,2019-05-01 22:00:00,220.74861,179.41103,41.337585,18.726091
baseline_abs_nocal_mse,2969,2019-05-01 22:15:00,247.89201,177.894,69.99802,28.2373
baseline_abs_nocal_mse,2970,2019-05-01 22:30:00,243.67815,179.12535,64.552795,26.491007
baseline_abs_nocal_mse,2971,2019-05-01 22:45:00,212.8631,179.22012,33.642975,15.804982
baseline_abs_nocal_mse,2972,2019-05-01 23:00:00,219.16844,171.25551,47.912933,21.861237
baseline_abs_nocal_mse,2973,2019-05-01 23:15:00,208.15471,164.16644,43.988266,21.132486
baseline_abs_nocal_mse,2974,2019-05-01 23:30:00,188.92175,156.99367,31.928085,16.900164
baseline_abs_nocal_mse,2975,2019-05-01 23:45:00,124.267944,147.95619,23.688248,19.062235
baseline_abs_nocal_mse,2976,2019-05-02 00:00:00,146.38623,127.531456,18.854774,12.880156
baseline_abs_nocal_mse,2977,2019-05-02 00:15:00,141.64499,113.93565,27.709335,19.562525
baseline_abs_nocal_mse,2978,2019-05-02 00:30:00,131.68462,104.925705,26.758911,20.320454
baseline_abs_nocal_mse,2979,2019-05-02 00:45:00,118.341385,99.12813,19.213257,16.23545
baseline_abs_nocal_mse,2980,2019-05-02 01:00:00,91.267746,93.68756,2.419815,2.6513364
baseline_abs_nocal_mse,2981,2019-05-02 01:15:00,80.49822,84.07564,3.5774155,4.4440928
baseline_abs_nocal_mse,2982,2019-05-02 01:30:00,79.81402,73.265755,6.5482635,8.204403
baseline_abs_nocal_mse,2983,2019-05-02 01:45:00,61.397686,64.65193,3.2542458,5.300274
baseline_abs_nocal_mse,2984,2019-05-02 02:00:00,59.93349,55.42834,4.50515,7.5169153
baseline_abs_nocal_mse,2985,2019-05-02 02:15:00,58.852547,48.141434,10.711113,18.199915
baseline_abs_nocal_mse,2986,2019-05-02 02:30:00,52.129765,43.46439,8.665375,16.622702
baseline_abs_nocal_mse,2987,2019-05-02 02:45:00,59.64214,39.959927,19.682213,33.000515
baseline_abs_nocal_mse,2988,2019-05-02 03:00:00,47.41965,39.467102,7.952549,16.770576
baseline_abs_nocal_mse,2989,2019-05-02 03:15:00,37.066837,38.650898,1.5840607,4.273525
baseline_abs_nocal_mse,2990,2019-05-02 03:30:00,33.074577,36.526752,3.4521751,10.437549
baseline_abs_nocal_mse,2991,2019-05-02 03:45:00,32.80785,34.081257,1.273407,3.8814094
baseline_abs_nocal_mse,2992,2019-05-02 04:00:00,31.524874,32.721916,1.1970425,3.7971363
baseline_abs_nocal_mse,2993,2019-05-02 04:15:00,22.87086,32.647274,9.776415,42.746162
baseline_abs_nocal_mse,2994,2019-05-02 04:30:00,24.836267,33.406006,8.569738,34.504936
baseline_abs_nocal_mse,2995,2019-05-02 04:45:00,24.108303,34.77916,10.670856,44.26216
baseline_abs_nocal_mse,2996,2019-05-02 05:00:00,26.858313,36.676476,9.818163,36.555397
baseline_abs_nocal_mse,2997,2019-05-02 05:15:00,23.904787,39.15206,15.247274,63.78335
baseline_abs_nocal_mse,2998,2019-05-02 05:30:00,18.716005,41.859123,23.143118,123.65415
baseline_abs_nocal_mse,2999,2019-05-02 05:45:00,28.546646,44.68583,16.139183,56.53618
baseline_abs_nocal_mse,3000,2019-05-02 06:00:00,30.640917,48.47308,17.832163,58.197224
baseline_abs_nocal_mse,3001,2019-05-02 06:15:00,30.12913,52.819702,22.690573,75.31108
baseline_abs_nocal_mse,3002,2019-05-02 06:30:00,44.94272,57.412365,12.469646,27.745644
baseline_abs_nocal_mse,3003,2019-05-02 06:45:00,46.391644,63.1464,16.754757,36.115894
baseline_abs_nocal_mse,3004,2019-05-02 07:00:00,38.672844,69.53849,30.865646,79.8122
baseline_abs_nocal_mse,3005,2019-05-02 07:15:00,53.601307,74.644775,21.043468,39.259247
baseline_abs_nocal_mse,3006,2019-05-02 07:30:00,55.521793,79.8632,24.341404,43.84117
baseline_abs_nocal_mse,3007,2019-05-02 07:45:00,57.598766,84.82175,27.22298,47.26313
baseline_abs_nocal_mse,3008,2019-05-02 08:00:00,59.782448,89.19162,29.409172,49.193657
baseline_abs_nocal_mse,3009,2019-05-02 08:15:00,73.25185,92.41036,19.158516,26.154312
baseline_abs_nocal_mse,3010,2019-05-02 08:30:00,77.799576,96.24055,18.440971,23.703176
baseline_abs_nocal_mse,3011,2019-05-02 08:45:00,119.01012,100.06837,18.94175,15.916083
baseline_abs_nocal_mse,3012,2019-05-02 09:00:00,146.04866,106.88537,39.163292,26.815235
baseline_abs_nocal_mse,3013,2019-05-02 09:15:00,53.18158,116.12092,62.93934,118.348
baseline_abs_nocal_mse,3014,2019-05-02 09:30:00,68.69591,113.775955,45.080048,65.62261
baseline_abs_nocal_mse,3015,2019-05-02 09:45:00,72.03373,109.47013,37.4364,51.970654
baseline_abs_nocal_mse,3016,2019-05-02 10:00:00,87.44181,106.02191,18.580101,21.248531
baseline_abs_nocal_mse,3017,2019-05-02 10:15:00,73.647385,105.57615,31.928764,43.35356
baseline_abs_nocal_mse,3018,2019-05-02 10:30:00,62.24346,105.49214,43.24868,69.48309
baseline_abs_nocal_mse,3019,2019-05-02 10:45:00,54.839146,104.95964,50.120495,91.39547
baseline_abs_nocal_mse,3020,2019-05-02 11:00:00,82.00209,104.18836,22.186272,27.05574
baseline_abs_nocal_mse,3021,2019-05-02 11:15:00,70.265594,106.38408,36.118484,51.4028
baseline_abs_nocal_mse,3022,2019-05-02 11:30:00,61.308342,108.4743,47.165955,76.93236
baseline_abs_nocal_mse,3023,2019-05-02 11:45:00,68.975784,109.28638,40.310593,58.441658
baseline_abs_nocal_mse,3024,2019-05-02 12:00:00,96.43427,110.24386,13.809586,14.320205
baseline_abs_nocal_mse,3025,2019-05-02 12:15:00,127.11754,113.65262,13.46492,10.592496
baseline_abs_nocal_mse,3026,2019-05-02 12:30:00,135.84245,119.97978,15.862671,11.677257
baseline_abs_nocal_mse,3027,2019-05-02 12:45:00,147.35078,126.61737,20.733414,14.070786
baseline_abs_nocal_mse,3028,2019-05-02 13:00:00,157.97714,132.56772,25.409424,16.08424
baseline_abs_nocal_mse,3029,2019-05-02 13:15:00,140.27396,138.70222,1.5717316,1.1204728
baseline_abs_nocal_mse,3030,2019-05-02 13:30:00,138.32114,139.03514,0.7140045,0.5161934
baseline_abs_nocal_mse,3031,2019-05-02 13:45:00,110.246254,135.46101,25.21476,22.871307
baseline_abs_nocal_mse,3032,2019-05-02 14:00:00,127.01949,126.11681,0.90267944,0.7106621
baseline_abs_nocal_mse,3033,2019-05-02 14:15:00,105.73599,119.368324,13.632332,12.892802
baseline_abs_nocal_mse,3034,2019-05-02 14:30:00,105.78033,111.88564,6.105316,5.7716937
baseline_abs_nocal_mse,3035,2019-05-02 14:45:00,91.91358,106.215744,14.302162,15.560445
baseline_abs_nocal_mse,3036,2019-05-02 15:00:00,106.34636,101.03958,5.306778,4.990089
baseline_abs_nocal_mse,3037,2019-05-02 15:15:00,88.06931,99.695435,11.6261215,13.201104
baseline_abs_nocal_mse,3038,2019-05-02 15:30:00,89.97066,97.761765,7.791107,8.65961
baseline_abs_nocal_mse,3039,2019-05-02 15:45:00,102.31086,96.297966,6.0128937,5.8770823
baseline_abs_nocal_mse,3040,2019-05-02 16:00:00,85.77134,96.95628,11.184944,13.0404215
baseline_abs_nocal_mse,3041,2019-05-02 16:15:00,89.385086,96.00195,6.616867,7.4026527
baseline_abs_nocal_mse,3042,2019-05-02 16:30:00,103.14524,94.993195,8.152046,7.9034634
baseline_abs_nocal_mse,3043,2019-05-02 16:45:00,104.00908,96.29521,7.713867,7.416532
baseline_abs_nocal_mse,3044,2019-05-02 17:00:00,88.331825,98.30774,9.975914,11.29368
baseline_abs_nocal_mse,3045,2019-05-02 17:15:00,88.48473,97.14066,8.65593,9.782398
baseline_abs_nocal_mse,3046,2019-05-02 17:30:00,92.345215,94.58712,2.2419052,2.4277437
baseline_abs_nocal_mse,3047,2019-05-02 17:45:00,79.33458,92.47269,13.138107,16.560379
baseline_abs_nocal_mse,3048,2019-05-02 18:00:00,88.38123,88.52577,0.14453888,0.16354023
baseline_abs_nocal_mse,3049,2019-05-02 18:15:00,113.81923,86.27558,27.543648,24.199469
baseline_abs_nocal_mse,3050,2019-05-02 18:30:00,96.383064,89.59901,6.7840576,7.038641
baseline_abs_nocal_mse,3051,2019-05-02 18:45:00,87.46976,91.45936,3.9896011,4.5611205
baseline_abs_nocal_mse,3052,2019-05-02 19:00:00,96.38274,90.51613,5.8666077,6.086783
baseline_abs_nocal_mse,3053,2019-05-02 19:15:00,99.599594,90.0619,9.537697,9.576039
baseline_abs_nocal_mse,3054,2019-05-02 19:30:00,119.86627,90.39983,29.466438,24.58276
baseline_abs_nocal_mse,3055,2019-05-02 19:45:00,120.96101,94.779686,26.181328,21.644434
baseline_abs_nocal_mse,3056,2019-05-02 20:00:00,110.38349,99.985565,10.397926,9.419821
baseline_abs_nocal_mse,3057,2019-05-02 20:15:00,134.36072,102.0429,32.317818,24.053024
baseline_abs_nocal_mse,3058,2019-05-02 20:30:00,145.39499,106.68944,38.70555,26.620966
baseline_abs_nocal_mse,3059,2019-05-02 20:45:00,164.71834,113.12142,51.596916,31.32433
baseline_abs_nocal_mse,3060,2019-05-02 21:00:00,178.10353,121.79973,56.303802,31.612963
baseline_abs_nocal_mse,3061,2019-05-02 21:15:00,177.61996,131.59958,46.020386,25.909466
baseline_abs_nocal_mse,3062,2019-05-02 21:30:00,169.52115,138.72113,30.800018,18.168835
baseline_abs_nocal_mse,3063,2019-05-02 21:45:00,208.01247,140.61153,67.40094,32.40236
baseline_abs_nocal_mse,3064,2019-05-02 22:00:00,185.49477,147.26323,38.231537,20.610575
baseline_abs_nocal_mse,3065,2019-05-02 22:15:00,168.95605,148.6847,20.271362,11.998009
baseline_abs_nocal_mse,3066,2019-05-02 22:30:00,181.21442,143.93279,37.28163,20.573215
baseline_abs_nocal_mse,3067,2019-05-02 22:45:00,151.65474,140.38466,11.270081,7.4314065
baseline_abs_nocal_mse,3068,2019-05-02 23:00:00,164.9421,132.16965,32.772446,19.86906
baseline_abs_nocal_mse,3069,2019-05-02 23:15:00,151.17046,127.27909,23.891365,15.804255
baseline_abs_nocal_mse,3070,2019-05-02 23:30:00,109.23763,122.51099,13.273354,12.150899
baseline_abs_nocal_mse,3071,2019-05-02 23:45:00,74.97339,111.40454,36.431152,48.59211
baseline_abs_nocal_mse,3072,2019-05-03 00:00:00,153.57036,94.22327,59.34709,38.644886
baseline_abs_nocal_mse,3073,2019-05-03 00:15:00,157.60274,93.94265,63.660088,40.392757
baseline_abs_nocal_mse,3074,2019-05-03 00:30:00,159.03976,102.92513,56.11463,35.283394
baseline_abs_nocal_mse,3075,2019-05-03 00:45:00,142.65604,114.55754,28.098495,19.696674
baseline_abs_nocal_mse,3076,2019-05-03 01:00:00,69.46322,120.90263,51.439415,74.05274
baseline_abs_nocal_mse,3077,2019-05-03 01:15:00,55.30534,108.00879,52.70345,95.2954
baseline_abs_nocal_mse,3078,2019-05-03 01:30:00,67.37357,87.62746,20.253883,30.06206
baseline_abs_nocal_mse,3079,2019-05-03 01:45:00,60.81263,70.92491,10.112282,16.62859
baseline_abs_nocal_mse,3080,2019-05-03 02:00:00,35.830948,58.87856,23.047611,64.3232
baseline_abs_nocal_mse,3081,2019-05-03 02:15:00,40.993835,48.41245,7.4186134,18.0969
baseline_abs_nocal_mse,3082,2019-05-03 02:30:00,28.905476,42.192448,13.286972,45.966972
baseline_abs_nocal_mse,3083,2019-05-03 02:45:00,30.256275,38.011745,7.7554703,25.632603
baseline_abs_nocal_mse,3084,2019-05-03 03:00:00,36.76713,36.70992,0.05721283,0.15560862
baseline_abs_nocal_mse,3085,2019-05-03 03:15:00,24.669191,37.55045,12.881258,52.21597
baseline_abs_nocal_mse,3086,2019-05-03 03:30:00,19.263079,38.339916,19.076838,99.03317
baseline_abs_nocal_mse,3087,2019-05-03 03:45:00,14.285483,38.785576,24.500092,171.50342
baseline_abs_nocal_mse,3088,2019-05-03 04:00:00,10.74827,38.926395,28.178125,262.16428
baseline_abs_nocal_mse,3089,2019-05-03 04:15:00,9.635912,39.260147,29.624235,307.43573
baseline_abs_nocal_mse,3090,2019-05-03 04:30:00,12.296307,40.62931,28.333004,230.41882
baseline_abs_nocal_mse,3091,2019-05-03 04:45:00,9.353482,42.84741,33.493927,358.09045
baseline_abs_nocal_mse,3092,2019-05-03 05:00:00,26.238724,45.660927,19.422203,74.02114
baseline_abs_nocal_mse,3093,2019-05-03 05:15:00,6.9327216,49.7397,42.80698,617.4628
baseline_abs_nocal_mse,3094,2019-05-03 05:30:00,4.2110705,53.312946,49.101875,1166.0189
baseline_abs_nocal_mse,3095,2019-05-03 05:45:00,7.2621026,56.396652,49.13455,676.58844
baseline_abs_nocal_mse,3096,2019-05-03 06:00:00,19.120996,59.733448,40.61245,212.39714
baseline_abs_nocal_mse,3097,2019-05-03 06:15:00,19.019718,64.15736,45.137638,237.32024
baseline_abs_nocal_mse,3098,2019-05-03 06:30:00,13.363261,69.099335,55.736073,417.08435
baseline_abs_nocal_mse,3099,2019-05-03 06:45:00,26.612965,73.944435,47.33147,177.85118
baseline_abs_nocal_mse,3100,2019-05-03 07:00:00,49.037807,79.60702,30.56921,62.338043
baseline_abs_nocal_mse,3101,2019-05-03 07:15:00,44.618046,86.819214,42.201168,94.58318
baseline_abs_nocal_mse,3102,2019-05-03 07:30:00,53.24999,93.39237,40.142384,75.38477
baseline_abs_nocal_mse,3103,2019-05-03 07:45:00,37.063435,98.84093,61.777493,166.68044
baseline_abs_nocal_mse,3104,2019-05-03 08:00:00,65.05332,101.35248,36.299156,55.79908
baseline_abs_nocal_mse,3105,2019-05-03 08:15:00,45.76074,104.90991,59.149174,129.25748
baseline_abs_nocal_mse,3106,2019-05-03 08:30:00,48.33248,106.60997,58.27749,120.57624
baseline_abs_nocal_mse,3107,2019-05-03 08:45:00,47.59852,107.69934,60.100822,126.26616
baseline_abs_nocal_mse,3108,2019-05-03 09:00:00,45.601402,108.60173,63.000328,138.15436
baseline_abs_nocal_mse,3109,2019-05-03 09:15:00,40.847015,109.47644,68.629425,168.01576
baseline_abs_nocal_mse,3110,2019-05-03 09:30:00,49.49134,110.18297,60.691628,122.6308
baseline_abs_nocal_mse,3111,2019-05-03 09:45:00,39.352135,111.8728,72.52067,184.28648
baseline_abs_nocal_mse,3112,2019-05-03 10:00:00,51.57736,113.155014,61.577656,119.38892
baseline_abs_nocal_mse,3113,2019-05-03 10:15:00,45.10816,115.41783,70.30968,155.8691
baseline_abs_nocal_mse,3114,2019-05-03 10:30:00,46.441254,117.30742,70.866165,152.59314
baseline_abs_nocal_mse,3115,2019-05-03 10:45:00,47.863255,118.98833,71.12508,148.60059
baseline_abs_nocal_mse,3116,2019-05-03 11:00:00,46.81507,120.50794,73.69287,157.4127
baseline_abs_nocal_mse,3117,2019-05-03 11:15:00,54.941513,121.659004,66.71749,121.43366
baseline_abs_nocal_mse,3118,2019-05-03 11:30:00,57.913555,123.15314,65.23958,112.64993
baseline_abs_nocal_mse,3119,2019-05-03 11:45:00,64.45061,124.65496,60.204353,93.41161
baseline_abs_nocal_mse,3120,2019-05-03 12:00:00,84.734375,126.246025,41.51165,48.99033
baseline_abs_nocal_mse,3121,2019-05-03 12:15:00,89.43616,128.99107,39.554916,44.226986
baseline_abs_nocal_mse,3122,2019-05-03 12:30:00,95.09265,131.69038,36.597733,38.486393
baseline_abs_nocal_mse,3123,2019-05-03 12:45:00,116.45649,133.58945,17.132957,14.711896
baseline_abs_nocal_mse,3124,2019-05-03 13:00:00,110.5908,136.06555,25.474754,23.035149
baseline_abs_nocal_mse,3125,2019-05-03 13:15:00,90.29175,136.66263,46.37088,51.35672
baseline_abs_nocal_mse,3126,2019-05-03 13:30:00,106.25156,133.47028,27.21872,25.61724
baseline_abs_nocal_mse,3127,2019-05-03 13:45:00,111.97952,130.66364,18.684113,16.685293
baseline_abs_nocal_mse,3128,2019-05-03 14:00:00,157.32037,128.67526,28.645111,18.20814
baseline_abs_nocal_mse,3129,2019-05-03 14:15:00,90.0452,132.2554,42.210205,46.876686
baseline_abs_nocal_mse,3130,2019-05-03 14:30:00,111.484436,128.32547,16.841034,15.106174
baseline_abs_nocal_mse,3131,2019-05-03 14:45:00,84.331215,124.70944,40.378227,47.880524
baseline_abs_nocal_mse,3132,2019-05-03 15:00:00,115.93182,118.36151,2.4296875,2.09579
baseline_abs_nocal_mse,3133,2019-05-03 15:15:00,90.684715,116.240036,25.55532,28.180405
baseline_abs_nocal_mse,3134,2019-05-03 15:30:00,97.2563,112.98313,15.72683,16.170498
baseline_abs_nocal_mse,3135,2019-05-03 15:45:00,116.110115,110.719795,5.39032,4.642421
baseline_abs_nocal_mse,3136,2019-05-03 16:00:00,104.69552,111.48078,6.785263,6.4809484
baseline_abs_nocal_mse,3137,2019-05-03 16:15:00,98.62006,111.655975,13.035912,13.218316
baseline_abs_nocal_mse,3138,2019-05-03 16:30:00,88.28511,110.36965,22.084541,25.015024
baseline_abs_nocal_mse,3139,2019-05-03 16:45:00,93.04925,107.02199,13.97274,15.0164995
baseline_abs_nocal_mse,3140,2019-05-03 17:00:00,103.40227,103.981415,0.57914734,0.56009156
baseline_abs_nocal_mse,3141,2019-05-03 17:15:00,115.61651,102.96209,12.654419,10.945166
baseline_abs_nocal_mse,3142,2019-05-03 17:30:00,105.98318,104.88095,1.1022263,1.0400012
baseline_abs_nocal_mse,3143,2019-05-03 17:45:00,101.52835,105.892395,4.364044,4.2983503
baseline_abs_nocal_mse,3144,2019-05-03 18:00:00,93.87445,105.06232,11.187866,11.917903
baseline_abs_nocal_mse,3145,2019-05-03 18:15:00,121.5226,102.00208,19.520515,16.06328
baseline_abs_nocal_mse,3146,2019-05-03 18:30:00,147.67044,103.41659,44.253853,29.967985
baseline_abs_nocal_mse,3147,2019-05-03 18:45:00,86.001045,111.27709,25.276047,29.390394
baseline_abs_nocal_mse,3148,2019-05-03 19:00:00,71.6562,107.83856,36.182365,50.494396
baseline_abs_nocal_mse,3149,2019-05-03 19:15:00,90.38323,97.41298,7.029747,7.777712
baseline_abs_nocal_mse,3150,2019-05-03 19:30:00,88.44154,90.07963,1.6380844,1.8521663
baseline_abs_nocal_mse,3151,2019-05-03 19:45:00,63.888714,85.26498,21.376263,33.45859
baseline_abs_nocal_mse,3152,2019-05-03 20:00:00,63.44495,78.42798,14.983028,23.615793
baseline_abs_nocal_mse,3153,2019-05-03 20:15:00,70.55473,72.25753,1.7027969,2.413441
baseline_abs_nocal_mse,3154,2019-05-03 20:30:00,109.47449,69.32608,40.148407,36.673756
baseline_abs_nocal_mse,3155,2019-05-03 20:45:00,113.24921,75.19057,38.05864,33.6061
baseline_abs_nocal_mse,3156,2019-05-03 21:00:00,127.22811,84.68515,42.54296,33.438335
baseline_abs_nocal_mse,3157,2019-05-03 21:15:00,119.59765,96.91099,22.68666,18.969152
baseline_abs_nocal_mse,3158,2019-05-03 21:30:00,124.417435,105.221886,19.195549,15.428344
baseline_abs_nocal_mse,3159,2019-05-03 21:45:00,129.22223,110.339165,18.883064,14.612861
baseline_abs_nocal_mse,3160,2019-05-03 22:00:00,136.25363,113.06848,23.18515,17.01617
baseline_abs_nocal_mse,3161,2019-05-03 22:15:00,123.09104,115.119,7.9720383,6.4765377
baseline_abs_nocal_mse,3162,2019-05-03 22:30:00,122.587456,113.26662,9.320839,7.60342
baseline_abs_nocal_mse,3163,2019-05-03 22:45:00,172.04932,110.00431,62.045006,36.06234
baseline_abs_nocal_mse,3164,2019-05-03 23:00:00,144.73619,116.11295,28.623238,19.776144
baseline_abs_nocal_mse,3165,2019-05-03 23:15:00,123.531456,119.17722,4.354233,3.5247967
baseline_abs_nocal_mse,3166,2019-05-03 23:30:00,105.499565,116.1268,10.627235,10.073251
baseline_abs_nocal_mse,3167,2019-05-03 23:45:00,90.68089,107.99522,17.314323,19.093685
baseline_abs_nocal_mse,3168,2019-05-04 00:00:00,116.90152,96.96806,19.933456,17.051495
baseline_abs_nocal_mse,3169,2019-05-04 00:15:00,121.28236,92.21388,29.068474,23.967604
baseline_abs_nocal_mse,3170,2019-05-04 00:30:00,114.49497,92.58294,21.912033,19.137987
baseline_abs_nocal_mse,3171,2019-05-04 00:45:00,107.936104,94.13202,13.804085,12.789125
baseline_abs_nocal_mse,3172,2019-05-04 01:00:00,81.53328,94.779366,13.246086,16.246233
baseline_abs_nocal_mse,3173,2019-05-04 01:15:00,53.969044,89.90502,35.935978,66.58628
baseline_abs_nocal_mse,3174,2019-05-04 01:30:00,40.68331,78.72482,38.04151,93.506424
baseline_abs_nocal_mse,3175,2019-05-04 01:45:00,36.385742,65.93019,29.544449,81.197876
baseline_abs_nocal_mse,3176,2019-05-04 02:00:00,41.040794,56.652554,15.611759,38.03961
baseline_abs_nocal_mse,3177,2019-05-04 02:15:00,28.115791,51.628815,23.513023,83.62924
baseline_abs_nocal_mse,3178,2019-05-04 02:30:00,32.80276,48.376534,15.573772,47.477016
baseline_abs_nocal_mse,3179,2019-05-04 02:45:00,42.379993,47.40298,5.0229874,11.852261
baseline_abs_nocal_mse,3180,2019-05-04 03:00:00,30.06864,49.47114,19.402502,64.52737
baseline_abs_nocal_mse,3181,2019-05-04 03:15:00,34.893303,51.505066,16.611763,47.60731
baseline_abs_nocal_mse,3182,2019-05-04 03:30:00,30.378153,54.20604,23.827887,78.43758
baseline_abs_nocal_mse,3183,2019-05-04 03:45:00,26.94788,56.613617,29.665737,110.08561
baseline_abs_nocal_mse,3184,2019-05-04 04:00:00,19.314795,58.245785,38.930992,201.56047
baseline_abs_nocal_mse,3185,2019-05-04 04:15:00,17.49266,58.76137,41.26871,235.92014
baseline_abs_nocal_mse,3186,2019-05-04 04:30:00,13.14434,59.183735,46.039394,350.26022
baseline_abs_nocal_mse,3187,2019-05-04 04:45:00,9.837476,59.677452,49.839977,506.63382
baseline_abs_nocal_mse,3188,2019-05-04 05:00:00,11.811033,60.71129,48.900253,414.02182
baseline_abs_nocal_mse,3189,2019-05-04 05:15:00,14.140249,62.652527,48.512276,343.07935
baseline_abs_nocal_mse,3190,2019-05-04 05:30:00,20.584944,65.60152,45.01657,218.68689
baseline_abs_nocal_mse,3191,2019-05-04 05:45:00,25.257082,69.75143,44.494347,176.16582
baseline_abs_nocal_mse,3192,2019-05-04 06:00:00,19.582651,74.88618,55.303528,282.41083
baseline_abs_nocal_mse,3193,2019-05-04 06:15:00,10.032614,79.445946,69.41333,691.87683
baseline_abs_nocal_mse,3194,2019-05-04 06:30:00,8.222973,82.36803,74.14505,901.6818
baseline_abs_nocal_mse,3195,2019-05-04 06:45:00,17.399887,84.52563,67.12574,385.78262
baseline_abs_nocal_mse,3196,2019-05-04 07:00:00,12.973847,87.525024,74.55118,574.6266
baseline_abs_nocal_mse,3197,2019-05-04 07:15:00,9.375704,90.58097,81.20527,866.1245
baseline_abs_nocal_mse,3198,2019-05-04 07:30:00,35.44527,93.44636,58.001087,163.6356
baseline_abs_nocal_mse,3199,2019-05-04 07:45:00,25.29745,98.41022,73.11277,289.01242
baseline_abs_nocal_mse,3200,2019-05-04 08:00:00,21.583462,102.61197,81.0285,375.4194
baseline_abs_nocal_mse,3201,2019-05-04 08:15:00,35.378292,105.73211,70.35382,198.86156
baseline_abs_nocal_mse,3202,2019-05-04 08:30:00,51.725655,109.18519,57.459534,111.085175
baseline_abs_nocal_mse,3203,2019-05-04 08:45:00,26.135418,113.6339,87.49849,334.78894
baseline_abs_nocal_mse,3204,2019-05-04 09:00:00,27.398413,115.57228,88.17387,321.82108
baseline_abs_nocal_mse,3205,2019-05-04 09:15:00,40.390644,116.41855,76.02791,188.23148
baseline_abs_nocal_mse,3206,2019-05-04 09:30:00,36.455772,117.98128,81.525505,223.62852
baseline_abs_nocal_mse,3207,2019-05-04 09:45:00,35.991096,119.41955,83.42845,231.80304
baseline_abs_nocal_mse,3208,2019-05-04 10:00:00,59.462093,120.696304,61.23421,102.98025
baseline_abs_nocal_mse,3209,2019-05-04 10:15:00,70.74177,123.73225,52.99048,74.90692
baseline_abs_nocal_mse,3210,2019-05-04 10:30:00,48.235813,127.68492,79.44911,164.70981
baseline_abs_nocal_mse,3211,2019-05-04 10:45:00,61.5672,129.04108,67.47388,109.59387
baseline_abs_nocal_mse,3212,2019-05-04 11:00:00,56.768803,130.04195,73.27315,129.07292
baseline_abs_nocal_mse,3213,2019-05-04 11:15:00,53.10568,130.08548,76.9798,144.95587
baseline_abs_nocal_mse,3214,2019-05-04 11:30:00,54.909496,129.29916,74.38966,135.47687
baseline_abs_nocal_mse,3215,2019-05-04 11:45:00,57.932503,128.44731,70.51481,121.71891
baseline_abs_nocal_mse,3216,2019-05-04 12:00:00,63.595745,127.97041,64.374664,101.22479
baseline_abs_nocal_mse,3217,2019-05-04 12:15:00,73.307526,128.1375,54.82997,74.794464
baseline_abs_nocal_mse,3218,2019-05-04 12:30:00,74.53403,129.20357,54.66954,73.348434
baseline_abs_nocal_mse,3219,2019-05-04 12:45:00,95.47765,130.21475,34.7371,36.38244
baseline_abs_nocal_mse,3220,2019-05-04 13:00:00,80.325615,132.60616,52.28054,65.08576
baseline_abs_nocal_mse,3221,2019-05-04 13:15:00,71.02965,132.86478,61.83513,87.05538
baseline_abs_nocal_mse,3222,2019-05-04 13:30:00,84.25396,130.77843,46.524467,55.219322
baseline_abs_nocal_mse,3223,2019-05-04 13:45:00,82.63589,129.11082,46.474937,56.240623
baseline_abs_nocal_mse,3224,2019-05-04 14:00:00,68.0883,127.35811,59.269806,87.04844
baseline_abs_nocal_mse,3225,2019-05-04 14:15:00,63.58347,124.15947,60.576,95.27004
baseline_abs_nocal_mse,3226,2019-05-04 14:30:00,65.72674,120.435005,54.708267,83.23594
baseline_abs_nocal_mse,3227,2019-05-04 14:45:00,68.68428,117.438324,48.754044,70.98283
baseline_abs_nocal_mse,3228,2019-05-04 15:00:00,74.858574,115.54363,40.68506,54.34923
baseline_abs_nocal_mse,3229,2019-05-04 15:15:00,73.02527,114.94884,41.92357,57.409676
baseline_abs_nocal_mse,3230,2019-05-04 15:30:00,67.18517,114.5245,47.339325,70.46097
baseline_abs_nocal_mse,3231,2019-05-04 15:45:00,76.14307,113.34077,37.1977,48.852383
baseline_abs_nocal_mse,3232,2019-05-04 16:00:00,67.216385,112.69371,45.477325,67.6581
baseline_abs_nocal_mse,3233,2019-05-04 16:15:00,78.086845,111.0694,32.98255,42.238297
baseline_abs_nocal_mse,3234,2019-05-04 16:30:00,91.41595,110.16213,18.746185,20.506472
baseline_abs_nocal_mse,3235,2019-05-04 16:45:00,75.60118,110.672455,35.071274,46.389847
baseline_abs_nocal_mse,3236,2019-05-04 17:00:00,114.28624,109.38317,4.9030685,4.2901654
baseline_abs_nocal_mse,3237,2019-05-04 17:15:00,95.760216,111.382095,15.62188,16.313538
baseline_abs_nocal_mse,3238,2019-05-04 17:30:00,86.2879,111.77555,25.487648,29.537916
baseline_abs_nocal_mse,3239,2019-05-04 17:45:00,105.076385,109.43039,4.354004,4.1436563
baseline_abs_nocal_mse,3240,2019-05-04 18:00:00,102.55404,108.33119,5.777153,5.633277
baseline_abs_nocal_mse,3241,2019-05-04 18:15:00,93.13059,107.18626,14.055664,15.092423
baseline_abs_nocal_mse,3242,2019-05-04 18:30:00,100.24507,104.7234,4.478325,4.4673767
baseline_abs_nocal_mse,3243,2019-05-04 18:45:00,85.17624,102.93005,17.753815,20.843624
baseline_abs_nocal_mse,3244,2019-05-04 19:00:00,100.055824,99.39475,0.6610718,0.66070294
baseline_abs_nocal_mse,3245,2019-05-04 19:15:00,85.38433,97.98243,12.598099,14.75458
baseline_abs_nocal_mse,3246,2019-05-04 19:30:00,66.051285,95.325356,29.27407,44.320213
baseline_abs_nocal_mse,3247,2019-05-04 19:45:00,79.3076,89.797554,10.489952,13.226919
baseline_abs_nocal_mse,3248,2019-05-04 20:00:00,94.194496,86.36024,7.834259,8.317109
baseline_abs_nocal_mse,3249,2019-05-04 20:15:00,105.304794,86.80711,18.49768,17.565847
baseline_abs_nocal_mse,3250,2019-05-04 20:30:00,103.84105,90.52549,13.315559,12.823021
baseline_abs_nocal_mse,3251,2019-05-04 20:45:00,121.95999,94.714874,27.245117,22.339388
baseline_abs_nocal_mse,3252,2019-05-04 21:00:00,106.13031,101.293976,4.836334,4.5569773
baseline_abs_nocal_mse,3253,2019-05-04 21:15:00,117.31018,104.43363,12.876549,10.976497
baseline_abs_nocal_mse,3254,2019-05-04 21:30:00,123.70511,106.83248,16.872627,13.639394
baseline_abs_nocal_mse,3255,2019-05-04 21:45:00,129.87015,109.13773,20.732414,15.963957
baseline_abs_nocal_mse,3256,2019-05-04 22:00:00,152.97195,111.53159,41.44036,27.090168
baseline_abs_nocal_mse,3257,2019-05-04 22:15:00,142.0512,117.40166,24.649536,17.352571
baseline_abs_nocal_mse,3258,2019-05-04 22:30:00,141.90454,120.84382,21.060722,14.841472
baseline_abs_nocal_mse,3259,2019-05-04 22:45:00,127.13545,122.05265,5.082802,3.997942
baseline_abs_nocal_mse,3260,2019-05-04 23:00:00,133.55258,118.91048,14.642105,10.963551
baseline_abs_nocal_mse,3261,2019-05-04 23:15:00,149.67422,115.834465,33.83976,22.608944
baseline_abs_nocal_mse,3262,2019-05-04 23:30:00,127.821915,116.47985,11.342064,8.873333
baseline_abs_nocal_mse,3263,2019-05-04 23:45:00,84.92028,114.32088,29.400597,34.62141
baseline_abs_nocal_mse,3264,2019-05-05 00:00:00,119.11226,103.818665,15.293594,12.839648
baseline_abs_nocal_mse,3265,2019-05-05 00:15:00,124.19443,98.63881,25.555618,20.577106
baseline_abs_nocal_mse,3266,2019-05-05 00:30:00,123.923035,98.03607,25.886963,20.88955
baseline_abs_nocal_mse,3267,2019-05-05 00:45:00,114.48821,99.89562,14.59259,12.745934
baseline_abs_nocal_mse,3268,2019-05-05 01:00:00,72.96354,100.676735,27.713196,37.982254
baseline_abs_nocal_mse,3269,2019-05-05 01:15:00,80.21902,92.76143,12.542412,15.63521
baseline_abs_nocal_mse,3270,2019-05-05 01:30:00,83.92515,84.620995,0.69584656,0.8291276
baseline_abs_nocal_mse,3271,2019-05-05 01:45:00,67.22142,78.874084,11.652664,17.33475
baseline_abs_nocal_mse,3272,2019-05-05 02:00:00,57.047817,72.88661,15.838795,27.764067
baseline_abs_nocal_mse,3273,2019-05-05 02:15:00,81.25918,66.75179,14.507385,17.853228
baseline_abs_nocal_mse,3274,2019-05-05 02:30:00,74.919106,66.21595,8.7031555,11.616737
baseline_abs_nocal_mse,3275,2019-05-05 02:45:00,61.99679,67.34878,5.351986,8.632682
baseline_abs_nocal_mse,3276,2019-05-05 03:00:00,61.182537,66.93409,5.7515526,9.400644
baseline_abs_nocal_mse,3277,2019-05-05 03:15:00,78.48594,65.99228,12.49366,15.918342
baseline_abs_nocal_mse,3278,2019-05-05 03:30:00,64.7769,68.01697,3.2400665,5.001886
baseline_abs_nocal_mse,3279,2019-05-05 03:45:00,64.61161,68.68297,4.0713577,6.3012786
baseline_abs_nocal_mse,3280,2019-05-05 04:00:00,58.906517,68.58235,9.675835,16.425745
baseline_abs_nocal_mse,3281,2019-05-05 04:15:00,50.532467,67.35175,16.819286,33.28412
baseline_abs_nocal_mse,3282,2019-05-05 04:30:00,36.061085,65.134155,29.07307,80.621735
baseline_abs_nocal_mse,3283,2019-05-05 04:45:00,28.281935,61.40259,33.12066,117.10888
baseline_abs_nocal_mse,3284,2019-05-05 05:00:00,37.26256,57.250072,19.98751,53.639656
baseline_abs_nocal_mse,3285,2019-05-05 05:15:00,25.034925,55.94295,30.908026,123.459625
baseline_abs_nocal_mse,3286,2019-05-05 05:30:00,16.853811,55.091793,38.237984,226.88034
baseline_abs_nocal_mse,3287,2019-05-05 05:45:00,13.872423,54.618046,40.74562,293.71667
baseline_abs_nocal_mse,3288,2019-05-05 06:00:00,25.748432,55.012062,29.26363,113.652084
baseline_abs_nocal_mse,3289,2019-05-05 06:15:00,26.439188,57.560524,31.121336,117.70912
baseline_abs_nocal_mse,3290,2019-05-05 06:30:00,18.541235,61.295525,42.754288,230.5903
baseline_abs_nocal_mse,3291,2019-05-05 06:45:00,18.111235,64.77522,46.663986,257.65216
baseline_abs_nocal_mse,3292,2019-05-05 07:00:00,19.301754,68.14051,48.838757,253.02756
baseline_abs_nocal_mse,3293,2019-05-05 07:15:00,17.090982,71.41595,54.324966,317.85748
baseline_abs_nocal_mse,3294,2019-05-05 07:30:00,17.438549,74.46044,57.021893,326.9876
baseline_abs_nocal_mse,3295,2019-05-05 07:45:00,17.819344,77.52035,59.701004,335.0348
baseline_abs_nocal_mse,3296,2019-05-05 08:00:00,14.6537485,80.64454,65.99079,450.3339
baseline_abs_nocal_mse,3297,2019-05-05 08:15:00,18.598833,83.34617,64.74734,348.12582
baseline_abs_nocal_mse,3298,2019-05-05 08:30:00,34.02912,86.42837,52.399246,153.98355
baseline_abs_nocal_mse,3299,2019-05-05 08:45:00,36.145676,91.058334,54.91266,151.92041
baseline_abs_nocal_mse,3300,2019-05-05 09:00:00,29.06677,96.022644,66.95587,230.35194
baseline_abs_nocal_mse,3301,2019-05-05 09:15:00,48.525642,99.52428,50.998634,105.09626
baseline_abs_nocal_mse,3302,2019-05-05 09:30:00,47.365314,103.63328,56.267963,118.795715
baseline_abs_nocal_mse,3303,2019-05-05 09:45:00,66.56969,107.10711,40.537422,60.894714
baseline_abs_nocal_mse,3304,2019-05-05 10:00:00,57.763447,111.29731,53.533863,92.67775
baseline_abs_nocal_mse,3305,2019-05-05 10:15:00,53.194027,114.013466,60.81944,114.3351
baseline_abs_nocal_mse,3306,2019-05-05 10:30:00,76.666046,115.093056,38.42701,50.122597
baseline_abs_nocal_mse,3307,2019-05-05 10:45:00,77.43792,117.27824,39.840317,51.44807
baseline_abs_nocal_mse,3308,2019-05-05 11:00:00,85.89107,119.327286,33.43622,38.928635
baseline_abs_nocal_mse,3309,2019-05-05 11:15:00,59.755318,121.40838,61.65306,103.17586
baseline_abs_nocal_mse,3310,2019-05-05 11:30:00,59.01051,120.492294,61.481785,104.18786
baseline_abs_nocal_mse,3311,2019-05-05 11:45:00,115.2499,118.5898,3.3398972,2.8979611
baseline_abs_nocal_mse,3312,2019-05-05 12:00:00,72.15629,121.84311,49.68682,68.86
baseline_abs_nocal_mse,3313,2019-05-05 12:15:00,62.841156,122.13177,59.29061,94.34997
baseline_abs_nocal_mse,3314,2019-05-05 12:30:00,120.230095,120.22631,0.0037841797,0.003147448
baseline_abs_nocal_mse,3315,2019-05-05 12:45:00,96.88182,123.38312,26.501297,27.354252
baseline_abs_nocal_mse,3316,2019-05-05 13:00:00,113.70017,125.03925,11.339081,9.972792
baseline_abs_nocal_mse,3317,2019-05-05 13:15:00,91.28367,127.02966,35.745995,39.159245
baseline_abs_nocal_mse,3318,2019-05-05 13:30:00,106.44926,125.798096,19.348839,18.176584
baseline_abs_nocal_mse,3319,2019-05-05 13:45:00,101.337814,124.8035,23.465683,23.1559
baseline_abs_nocal_mse,3320,2019-05-05 14:00:00,107.43669,123.12776,15.691071,14.604945
baseline_abs_nocal_mse,3321,2019-05-05 14:15:00,110.77095,121.848564,11.077614,10.000468
baseline_abs_nocal_mse,3322,2019-05-05 14:30:00,122.43892,121.06742,1.3714981,1.1201488
baseline_abs_nocal_mse,3323,2019-05-05 14:45:00,102.668205,121.73593,19.067726,18.572182
baseline_abs_nocal_mse,3324,2019-05-05 15:00:00,124.14739,119.857445,4.2899475,3.4555275
baseline_abs_nocal_mse,3325,2019-05-05 15:15:00,97.26558,119.91252,22.646942,23.283615
baseline_abs_nocal_mse,3326,2019-05-05 15:30:00,175.80557,116.714355,59.091217,33.611687
baseline_abs_nocal_mse,3327,2019-05-05 15:45:00,117.58977,124.31135,6.7215805,5.7161274
baseline_abs_nocal_mse,3328,2019-05-05 16:00:00,135.26399,125.105064,10.158928,7.510445
baseline_abs_nocal_mse,3329,2019-05-05 16:15:00,150.5974,125.35201,25.245384,16.763493
baseline_abs_nocal_mse,3330,2019-05-05 16:30:00,120.69855,127.360214,6.661667,5.51926
baseline_abs_nocal_mse,3331,2019-05-05 16:45:00,109.3863,124.30457,14.918274,13.638155
baseline_abs_nocal_mse,3332,2019-05-05 17:00:00,138.29971,117.70835,20.591362,14.888941
baseline_abs_nocal_mse,3333,2019-05-05 17:15:00,114.356384,116.10342,1.7470322,1.5277085
baseline_abs_nocal_mse,3334,2019-05-05 17:30:00,141.84627,112.668915,29.177353,20.569702
baseline_abs_nocal_mse,3335,2019-05-05 17:45:00,116.866234,114.1971,2.669136,2.283924
baseline_abs_nocal_mse,3336,2019-05-05 18:00:00,140.93631,112.983376,27.952934,19.833735
baseline_abs_nocal_mse,3337,2019-05-05 18:15:00,110.49285,115.3594,4.8665466,4.4043994
baseline_abs_nocal_mse,3338,2019-05-05 18:30:00,145.02937,112.78799,32.241386,22.230934
baseline_abs_nocal_mse,3339,2019-05-05 18:45:00,131.78839,115.272514,16.515877,12.532118
baseline_abs_nocal_mse,3340,2019-05-05 19:00:00,127.6101,116.51521,11.094887,8.694365
baseline_abs_nocal_mse,3341,2019-05-05 19:15:00,147.5856,115.88608,31.699524,21.478739
baseline_abs_nocal_mse,3342,2019-05-05 19:30:00,140.5484,118.471565,22.076836,15.707639
baseline_abs_nocal_mse,3343,2019-05-05 19:45:00,139.73943,120.04301,19.696419,14.095105
baseline_abs_nocal_mse,3344,2019-05-05 20:00:00,174.7188,120.41172,54.307076,31.082561
baseline_abs_nocal_mse,3345,2019-05-05 20:15:00,147.28651,126.9905,20.296013,13.779953
baseline_abs_nocal_mse,3346,2019-05-05 20:30:00,132.77483,128.48584,4.288986,3.2302709
baseline_abs_nocal_mse,3347,2019-05-05 20:45:00,162.74535,124.43603,38.30932,23.539425
baseline_abs_nocal_mse,3348,2019-05-05 21:00:00,176.20695,124.92468,51.282272,29.103432
baseline_abs_nocal_mse,3349,2019-05-05 21:15:00,205.06758,129.60468,75.462906,36.79904
baseline_abs_nocal_mse,3350,2019-05-05 21:30:00,208.9659,140.68324,68.28265,32.67646
baseline_abs_nocal_mse,3351,2019-05-05 21:45:00,224.3419,152.01701,72.32489,32.23869
baseline_abs_nocal_mse,3352,2019-05-05 22:00:00,243.28746,163.29984,79.987625,32.877823
baseline_abs_nocal_mse,3353,2019-05-05 22:15:00,219.95462,175.01431,44.940308,20.431627
baseline_abs_nocal_mse,3354,2019-05-05 22:30:00,172.2784,177.15659,4.878189,2.8315732
baseline_abs_nocal_mse,3355,2019-05-05 22:45:00,202.85799,163.50134,39.356644,19.401083
baseline_abs_nocal_mse,3356,2019-05-05 23:00:00,215.56172,154.43864,61.123077,28.355255
baseline_abs_nocal_mse,3357,2019-05-05 23:15:00,204.2758,152.11032,52.16548,25.53679
baseline_abs_nocal_mse,3358,2019-05-05 23:30:00,167.80154,150.73099,17.070557,10.173063
baseline_abs_nocal_mse,3359,2019-05-05 23:45:00,87.68987,142.54456,54.854683,62.555325
